x,y
-1515.9579796941835,105925.24235933227
-1515.9581602727994,105925.23127378989
-1515.967679833353,105925.23142885929
-1515.967860411969,105925.22034331737
-1515.9773799724644,105925.22049838677
-1515.987080111634,105925.20956791472
-1515.9967802508036,105925.19863744266
-1516.0062998114154,105925.19879251206
-1516.015999950585,105925.18786203908
-1516.0161805292591,105925.17677649716
-1516.025700089871,105925.17693156656
-1516.035219652811,105925.17708663642
-1516.0354002314853,105925.16600109357
-1516.0449197896523,105925.16615616297
-1516.0451003683265,105925.15507062152
-1516.054619931383,105925.15522569092
-1516.0643200707273,105925.14429521933
-1516.0740202100133,105925.13336474635
-1516.083539770625,105925.13351981575
-1516.0932399100275,105925.12258934323
-1516.1029400493717,105925.11165887071
-1516.112640188774,105925.10072839865
-1516.1223403281765,105925.0897979266
-1516.1318598888465,105925.08995299647
-1516.1415600283071,105925.07902252395
-1516.1510795913637,105925.07917759381
-1516.1512601701543,105925.0680920519
-1516.1607797284378,105925.0682471213
-1516.1704798703431,105925.05731664877
-1516.180180009862,105925.04638617579
-1516.1896995705902,105925.04654124565
-1516.189880149439,105925.0354557028
-1516.1993997101672,105925.03561077267
-1516.209099849686,105925.02468030108
-1516.209280428593,105925.01359475963
-1516.2187999893213,105925.0137498295
-1516.22850012884,105925.00281935744
-1516.2382002685335,105924.99188888399
-1516.2477198292618,105924.99204395385
-1516.257419968897,105924.9811134818
-1516.2671201110352,105924.97018301068
-1516.276820248284,105924.9592525377
-1516.286520390422,105924.94832206517
-1516.2960399512667,105924.94847713457
-1516.3057400910184,105924.93754666438
-1516.3152596517466,105924.93770173425
-1516.3249597915565,105924.92677125987
-1516.3346599313663,105924.91584078735
-1516.3443600711762,105924.90491031623
-1516.3538796319626,105924.90506538609
-1516.3635797718307,105924.8941349131
-1516.3637603508541,105924.88304937165
-1516.373279911757,105924.88320444152
-1516.3829800540116,105924.87227396993
-1516.3926801915513,105924.86134349648
-1516.4021997547825,105924.86149856634
-1516.4118998947088,105924.85056809383
-1516.4216000346933,105924.83963762317
-1516.431119595596,105924.8397926935
-1516.4313001746777,105924.82870715065
-1516.4505198756233,105924.817931748
-1516.4602200156078,105924.8070012778
-1516.4697395765688,105924.80715634767
-1516.4794397165533,105924.79622587236
-1516.4891398567124,105924.78529540077
-1516.4988399991998,105924.77436492965
-1516.5083595577162,105924.77451999998
-1516.5180597002618,105924.76358952746
-1516.5277598404791,105924.75265905587
-1516.5372794014402,105924.75281412574
-1516.546979541541,105924.74188365415
-1516.5471601207973,105924.73079811223
-1516.5568602609565,105924.71986763924
-1516.5663798219757,105924.72002270911
-1516.576079962193,105924.70909223799
-1516.5857801025268,105924.69816176733
-1516.595480242744,105924.68723129435
-1516.6049998038216,105924.68738636374
-1516.6146999465418,105924.67645589262
-1516.6244000868173,105924.66552541964
-1516.6436197882867,105924.65475001698
-1516.6533199286787,105924.64381954586
-1516.6628394897562,105924.64397461573
-1516.672539630148,105924.63304414507
-1516.68223977054,105924.62211367255
-1516.6919399109902,105924.61118320096
-1516.701640053885,105924.60025272891
-1516.7111596126342,105924.60040779877
-1516.7208597530844,105924.58947732626
-1516.7305598960374,105924.57854685513
-1516.7402600365458,105924.56761638401
-1516.7499601771124,105924.55668591149
-1516.759660317679,105924.54575543944
-1516.7786994400667,105924.5460655801
-1516.7883995806915,105924.53513510758
-1516.7980997213162,105924.52420463553
-1516.8077998619992,105924.51327416394
-1516.8175000050687,105924.50234369282
-1516.8272001433652,105924.4914132217
-1516.8369002840482,105924.48048274918
-1516.856119988428,105924.46970734838
-1516.8753396904794,105924.45893194666
-1516.8850398312788,105924.44800147461
-1516.8947399720782,105924.43707100395
-1516.9044401128776,105924.42614053236
-1516.9141402537934,105924.41521005984
-1516.9236598151037,105924.41536512971
-1516.9428795172716,105924.40458972799
-1516.9525796581875,105924.3936592564
-1516.962279801548,105924.38272878435
-1516.971979942522,105924.37179831415
-1516.9911996448645,105924.3610229129
-1517.0008997857803,105924.35009244084
-1517.0105999268126,105924.33916196926
-1517.0203000678448,105924.32823149674
-1517.0395197703037,105924.31745609641
-1517.049219913839,105924.30652562482
-1517.0589200525428,105924.2955951537
-1517.0686201936333,105924.28466468165
-1517.0878398986533,105924.27388927992
-1517.0975400398602,105924.2629588088
-1517.1167597424937,105924.25218340708
-1517.1264598837588,105924.24125293642
-1517.1456795864506,105924.23047753563
-1517.1553797277156,105924.21954706451
-1517.1650798715418,105924.20861659339
-1517.1842995719053,105924.1978411912
-1517.1939997157315,105924.18691072054
-1517.2036998569965,105924.17598024849
-1517.2229195600376,105924.16520484723
-1517.232619701419,105924.15427437657
-1517.2423198428005,105924.14334390499
-1517.2615395458997,105924.13256850373
-1517.2712396873394,105924.12163803214
-1517.2809398313402,105924.11070756149
-1517.300159532053,105924.09993216116
-1517.3100402560085,105924.07791614812
-1517.3197403976228,105924.06698567607
-1517.3389601007802,105924.05621027574
-1517.3486602424528,105924.04527980369
-1517.3678799457848,105924.0345044029
-1517.387099649175,105924.02372900303
-1517.3967997932923,105924.01279853145
-1517.4162000743672,105923.99093758874
-1517.4259002185427,105923.98000711761
-1517.4356003603898,105923.96907664649
-1517.4548200639547,105923.95830124617
-1517.46452020586,105923.94737077598
-1517.4837399094831,105923.93659537425
-1517.4934400513303,105923.9256649036
-1517.5126597574563,105923.9148895028
-1517.5223598970333,105923.90395903075
-1517.5415796032175,105923.89318363136
-1517.5514603253687,105923.87116761785
-1517.5611604674486,105923.86023714673
-1517.5803801713046,105923.8494617478
-1517.5900803133845,105923.83853127528
-1517.6093000173569,105923.82775587542
-1517.6190001594368,105923.81682540523
-1517.6382198635256,105923.8060500035
-1517.6576201502467,105923.7841890622
-1517.6768398544518,105923.77341366094
-1517.6865399967646,105923.76248319075
-1517.7059402812738,105923.7406222485
-1517.7156404235284,105923.72969177784
-1517.73486012785,105923.71891637892
-1517.7445602726657,105923.7079859078
-1517.7637799746008,105923.69721050654
-1517.773660699837,105923.67519449396
-1517.792880404275,105923.66441909363
-1517.8121001088293,105923.65364369331
-1517.8218002513167,105923.64271322358
-1517.8410199559294,105923.63193782372
-1517.8509006789536,105923.60992181115
-1517.8701203835662,105923.59914641036
-1517.8798205262283,105923.5882159397
-1517.8990402333438,105923.57744054124
-1517.918259938131,105923.56666514091
-1517.9281406613882,105923.54464912787
-1517.9473603662336,105923.53387372801
-1517.9665800711373,105923.52309832769
-1517.9859803567524,105923.50123738684
-1517.995680499589,105923.49030691618
-1518.0149002069957,105923.47953151772
-1518.0343004927854,105923.45767057501
-1518.0440006356803,105923.44674010528
-1518.063220340875,105923.43596470589
-1518.0824400460115,105923.42518930603
-1518.0923207722371,105923.40317329345
-1518.1115404750453,105923.39239789266
-1518.1212406205013,105923.38146742294
-1518.1404603259289,105923.37069202447
-1518.159860612126,105923.34883108316
-1518.1695607552538,105923.33790061297
-1518.1887804607395,105923.32712521264
-1518.2080001687864,105923.31634981465
-1518.2178808903554,105923.29433380067
-1518.2371005984023,105923.28355840128
-1518.256320304121,105923.27278300328
-1518.2660204474232,105923.2618525317
-1518.285420734086,105923.23999159178
-1518.304640439921,105923.22921619099
-1518.3240407290868,105923.20735525154
-1518.3432604350382,105923.19657985214
-1518.3529605785152,105923.18564938242
-1518.372360865469,105923.16378844203
-1518.391580571537,105923.15301304078
-1518.4012807151303,105923.14208257152
-1518.420500421198,105923.13130717212
-1518.4399007108295,105923.10944623267
-1518.4496008520364,105923.09851576155
-1518.4688205607235,105923.08774036355
-1518.488220848143,105923.0658794227
-1518.5074405544437,105923.05510402331
-1518.51714069827,105923.04417355359
-1518.536540985806,105923.02231261227
-1518.555760694726,105923.01153721474
-1518.5654608361656,105923.00060674362
-1518.5846805451438,105922.98983134516
-1518.6040808329126,105922.96797040477
-1518.6234811209142,105922.94610946439
-1518.642700827564,105922.93533406593
-1518.6619205343304,105922.9245586684
-1518.671620680776,105922.91362819867
-1518.691020968894,105922.8917672569
-1518.710240675835,105922.88099185843
-1518.719940819894,105922.87006138777
-1518.7393411082448,105922.84820044879
-1518.758560815244,105922.83742505033
-1518.7682609595358,105922.82649458107
-1518.7876612504479,105922.80463364022
-1518.8068809575634,105922.79385824176
-1518.8261006647372,105922.78308284376
-1518.8358008090872,105922.77215237357
-1518.8552010977874,105922.75029143365
-1518.8744208075805,105922.73951603519
-1518.884120949544,105922.72858556546
-1518.9035212409217,105922.70672462555
-1518.9227409483865,105922.69594922801
-1518.932441092853,105922.68501875782
-1518.9613609449589,105922.6633128901
-1518.9805806524819,105922.65253749304
-1518.9904613812687,105922.63052147906
-1519.0096810865216,105922.61974608246
-1519.028900796664,105922.608970684
-1519.038600941305,105922.59804021381
-1519.05800123082,105922.57617927482
-1519.0772209386923,105922.56540387729
-1519.086921083508,105922.5544734085
-1519.1063213755842,105922.53261246718
-1519.12554108107,105922.52183707012
-1519.1352412283886,105922.51090659993
-1519.154641518253,105922.48904566187
-1519.1738612264162,105922.47827026295
-1519.1930809345213,105922.46749486588
-1519.2027810795116,105922.45656439709
-1519.2221813719952,105922.4347034567
-1519.2414010778884,105922.42392805917
-1519.25110122544,105922.41299758945
-1519.2705015157117,105922.39113665
-1519.2897212241078,105922.3803612534
-1519.3091215144377,105922.35850031301
-1519.3283412229503,105922.34772491595
-1519.3380413706764,105922.33679444576
-1519.3574416588526,105922.3149335077
-1519.3766613699263,105922.30415811017
-1519.3958810786135,105922.29338271357
-1519.405581223953,105922.28245224524
-1519.4249815147487,105922.26059130393
-1519.4442012236104,105922.2498159078
-1519.4539013715112,105922.23888543714
-1519.4733016600367,105922.21702449908
-1519.4925213714596,105922.20624910202
-1519.502221517032,105922.19531863322
-1519.5216218081769,105922.17345769424
-1519.5408415172715,105922.16268229624
-1519.550541662902,105922.15175182698
-1519.5697613744414,105922.14097642899
-1519.5891616634908,105922.11911549186
-1519.5988618116244,105922.10818502214
-1519.6182621031767,105922.08632408408
-1519.6470013760263,105922.07570375968
-1519.656701521948,105922.06477328995
-1519.6761018136167,105922.0429123519
-1519.6953215231188,105922.03213695483
-1519.7050216690404,105922.02120648557
-1519.7242413810454,105922.0104310885
-1519.7436416730052,105921.98857015092
-1519.7533418190433,105921.9776396812
-1519.7725615286618,105921.96686428413
-1519.7919618208543,105921.94500334607
-1519.8016619693954,105921.93407287681
-1519.8208816767437,105921.92329748115
-1519.8401013890398,105921.91252208455
-1519.8499821177102,105921.89050607383
-1519.869201827678,105921.8797306763
-1519.8884215377038,105921.8689552811
-1519.9078218302457,105921.84709434165
-1519.9175219789613,105921.83616387378
-1519.936741686659,105921.82538847718
-1519.9561419818783,105921.80352753913
-1519.9753616920789,105921.792752143
-1519.99476198497,105921.77089120448
-1520.0044621314155,105921.75996073522
-1520.0236818417907,105921.74918533862
-1520.0429015521659,105921.73840994295
-1520.0527822814183,105921.71639393223
-1520.0720019943547,105921.70561853703
-1520.0912217048462,105921.69484314043
-1520.110621998203,105921.67298220331
-1520.1203221448231,105921.66205173451
-1520.1395418555476,105921.65127633791
-1520.1589421490207,105921.6294153994
-1520.1686422958155,105921.61848493014
-1520.1878620089847,105921.6077095354
-1520.2070817197673,105921.59693414066
-1520.2264820135897,105921.5750732026
-1520.2361821604427,105921.56414273428
-1520.2554018714,105921.55336733768
-1520.2748021652806,105921.53150640056
-1520.2942024617223,105921.50964546157
-1520.313422172796,105921.4988700673
-1520.3231223198818,105921.48793959757
-1520.3425226140535,105921.46607866138
-1520.36174232536,105921.45530326525
-1520.380962039053,105921.44452787051
-1520.3908427668503,105921.4225118584
-1520.4100624806597,105921.41173646366
-1520.4292821920244,105921.40096106892
-1520.4486824865453,105921.37910013087
-1520.4583826339222,105921.36816966301
-1520.4776023455197,105921.35739426641
-1520.4970026426017,105921.33553333068
-1520.5162223542575,105921.32475793501
-1520.5354420659132,105921.31398254028
-1520.5453227965627,105921.2919665291
-1520.5645425083349,105921.28119113343
-1520.5837622201652,105921.27041573822
-1520.6031625153264,105921.2485548011
-1520.622382227215,105921.2377794073
-1520.641782524879,105921.21591847017
-1520.6610022369423,105921.2051430745
-1520.670882967941,105921.18312706426
-1520.6901026800624,105921.17235166859
-1520.709322392242,105921.16157627478
-1520.7287226901972,105921.13971533673
-1520.7479424024932,105921.12893994292
-1520.7578231336665,105921.10692393221
-1520.777042846079,105921.09614853794
-1520.7962625584332,105921.08537314367
-1520.815662854351,105921.06351220561
-1520.8348825668218,105921.05273681227
-1520.8542828653008,105921.03087587515
-1520.863983013318,105921.01994540682
-1520.8832027259632,105921.00917001115
-1520.9026030221721,105920.98730907589
-1520.9218227348756,105920.97653368069
-1520.9412230312591,105920.95467274543
-1520.9604427464074,105920.94389734976
-1520.9701428946573,105920.9329668819
-1520.9990627559018,105920.91126101837
-1521.01846305246,105920.88940008264
-1521.0376827655127,105920.8786246879
-1521.0473829163238,105920.8676942205
-1521.0667832107283,105920.84583328431
-1521.086002926284,105920.83505788958
-1521.1054032231914,105920.81319695339
-1521.124622936477,105920.80242155958
-1521.1438426497625,105920.79164616624
-1521.1632429492893,105920.76978522958
-1521.1729430955602,105920.75885476079
-1521.1923433952034,105920.73699382553
-1521.2115631087217,105920.72621843126
-1521.230963406153,105920.70435749507
-1521.2501831196714,105920.69358210219
-1521.2694028333062,105920.68280670792
-1521.2888031309703,105920.66094577173
-1521.2985032798024,105920.6500153034
-1521.3179035799112,105920.62815436721
-1521.3371232937789,105920.61737897387
-1521.3565235916176,105920.59551803814
-1521.3852628704626,105920.58489771886
-1521.3951436060015,105920.56288170954
-1521.4143633175408,105920.55210631527
-1521.4337636181153,105920.53024538094
-1521.452983332274,105920.51946998574
-1521.4723836305202,105920.49760905001
-1521.491603344737,105920.48683365667
-1521.510823061457,105920.4760582638
-1521.5302233574912,105920.4541973276
-1521.5494430742692,105920.44342193473
-1521.559323807829,105920.42140592495
-1521.5785435222788,105920.41063053254
-1521.5979438209906,105920.38876959682
-1521.6171635355568,105920.37799420301
-1521.636563834385,105920.35613326682
-1521.6557835515123,105920.34535787487
-1521.6751838505734,105920.32349693915
-1521.6944035653141,105920.31272154581
-1521.713623280055,105920.30194615386
-1521.7330235793488,105920.28008521767
-1521.7524238786427,105920.25822428195
-1521.7716435960028,105920.24744888907
-1521.7910438954132,105920.22558795474
-1521.8102636105032,105920.2148125614
-1521.8296639100881,105920.19295162614
-1521.8488836252363,105920.1821762328
-1521.868283924996,105920.16031529848
-1521.8875036427053,105920.14953990607
-1521.897203792585,105920.13860944007
-1521.9166040925193,105920.11674850294
-1521.935823807842,105920.105973111
-1521.955224107951,105920.08411217574
-1521.974443825835,105920.0733367838
-1521.9938441236736,105920.05147584854
-1522.0130638416158,105920.04070045613
-1522.0324641419575,105920.01883952133
-1522.0516838576877,105920.00806412892
-1522.0710841581458,105919.98620319413
-1522.0903038763208,105919.97542780219
-1522.119223742513,105919.95372194145
-1522.138624043204,105919.93186100898
-1522.157843759167,105919.92108561518
-1522.1677244944149,105919.89906960679
-1522.1869442104362,105919.88829421438
-1522.2063445138047,105919.86643328005
-1522.225564227614,105919.85565788671
-1522.244964531099,105919.83379695332
-1522.2641842473531,105919.82302155998
-1522.283584548626,105919.80116062751
-1522.3028042649385,105919.79038523417
-1522.3222045687144,105919.76852430077
-1522.3414242828148,105919.75774890836
-1522.3608245867072,105919.7358879745
-1522.3800443033106,105919.72511258302
-1522.3994446049328,105919.70325164963
-1522.4186643216526,105919.69247625675
-1522.438064625836,105919.67061532382
-1522.4574649253045,105919.64875438856
-1522.4766846445273,105919.63797899708
-1522.5056045124074,105919.6162731382
-1522.5250048145535,105919.59441220434
-1522.5442245315644,105919.58363681193
-1522.563624833827,105919.561775879
-1522.5828445533407,105919.55100048753
-1522.6022448557778,105919.52913955413
-1522.6214645729633,105919.51836416358
-1522.6408648755169,105919.49650322879
-1522.6697847465402,105919.47479737084
-1522.6890044639586,105919.46402197983
-1522.7084047666285,105919.4421610455
-1522.7276244841632,105919.43138565356
-1522.7470247870078,105919.4095247211
-1522.766425090027,105919.38766378816
-1522.7856448100647,105919.37688839575
-1522.8050451132003,105919.35502746282
-1522.824264831026,105919.34425207181
-1522.8531847004779,105919.32254621433
-1522.8725850038463,105919.30068528093
-1522.891804721672,105919.28990989039
-1522.9112050276017,105919.26804895699
-1522.9401248975191,105919.24634309951
-1522.9595252012368,105919.22448216518
-1522.9787449192954,105919.21370677557
-1522.9981452231295,105919.19184584217
-1523.0270650957827,105919.17013998376
-1523.0462848141324,105919.15936459461
-1523.0656851181993,105919.13750366075
-1523.0850854223245,105919.11564272875
-1523.1043051407905,105919.10486733774
-1523.1332250138512,105919.08316148072
-1523.1526253182674,105919.0613005478
-1523.1720256228,105919.03943961486
-1523.2007649078732,105919.0288193007
-1523.2201652125805,105919.00695836777
-1523.2395655172877,105918.98509743577
-1523.2683048050385,105918.97447712114
-1523.2877051099204,105918.95261618821
-1523.3071054149186,105918.93075525574
-1523.326505719917,105918.90889432328
-1523.3554255915806,105918.88718846766
-1523.3843454658054,105918.86548261065
-1523.403745771153,105918.84362167818
-1523.4324850570993,105918.83300136356
-1523.4518853649497,105918.81114043249
-1523.4712856680853,105918.78927950049
-1523.500205542834,105918.76757364394
-1523.519605848589,105918.74571271148
-1523.5485257210676,105918.72400685493
-1523.5677454432007,105918.71323146624
-1523.596665315912,105918.69152560923
-1523.6160656219581,105918.66966467863
-1523.6354659281205,105918.6478037457
-1523.6643858011812,105918.62609789008
-1523.683786109963,105918.60423695901
-1523.7127059831982,105918.58253110247
-1523.7319257033523,105918.57175571332
-1523.7608455768786,105918.55004985817
-1523.789765450405,105918.52834400209
-1523.8091657571495,105918.50648307195
-1523.8380856334115,105918.4847772154
-1523.8670055073453,105918.46307136072
-1523.8864058143226,105918.44121042965
-1523.915325690934,105918.4195045745
-1523.9347259957576,105918.39764364343
-1523.9636458725436,105918.37593778921
-1523.9925657470012,105918.35423193267
-1524.0119660545606,105918.3323710016
-1524.040885929251,105918.31066514738
-1524.0602862393716,105918.28880421678
-1524.089206114295,105918.26709836256
-1524.1181259893347,105918.24539250648
-1524.1375262972433,105918.22353157494
-1524.1664461725159,105918.20182572119
-1524.1953660503495,105918.1801198665
-1524.2147663586657,105918.15825893683
-1524.2436862342292,105918.13655308262
-1524.2726061099675,105918.11484722793
-1524.292006420903,105918.0929862978
-1524.320926296874,105918.07128044264
-1524.3500267599593,105918.03848904744
-1524.378946638666,105918.01678319369
-1524.4078665149864,105917.9950773404
-1524.427266824001,105917.9732164084
-1524.456186700496,105917.95151055651
-1524.4851065772818,105917.92980470276
-1524.5140264540678,105917.90809884854
-1524.5334267658764,105917.88623791933
-1524.5623466429533,105917.86453206418
-1524.5912665200885,105917.8428262109
-1524.6201863973401,105917.82112035947
-1524.6395867095562,105917.79925942793
-1524.6685065870406,105917.77755357558
-1524.6974264646415,105917.75584772276
-1524.7265269322088,105917.72305632709
-1524.7554468100425,105917.70135047426
-1524.7748471203959,105917.67948954506
-1524.8037669984624,105917.6577836913
-1524.8326868766453,105917.63607783848
-1524.8616067575058,105917.61437198706
-1524.8905266359216,105917.59266613424
-1524.9194465145702,105917.57096028095
-1524.948546980857,105917.53816888714
-1524.9774668621249,105917.51646303572
-1525.006386741181,105917.49475718243
-1525.0257870522328,105917.47289625136
-1525.0547069315217,105917.45119040087
-1525.0836268132553,105917.42948454851
-1525.1127272804151,105917.39669315424
-1525.1416471600533,105917.37498730281
-1525.1705670397496,105917.35328145092
-1525.199486922007,105917.33157559903
-1525.2284068019944,105917.30986974761
-1525.2478071139776,105917.28800881887
-1525.2767269941396,105917.26630296651
-1525.305827464792,105917.2335115727
-1525.334747345245,105917.21180572174
-1525.3636672258144,105917.19009987079
-1525.3925871065585,105917.1683940203
-1525.4215069897473,105917.14668816887
-1525.450607458828,105917.11389677553
-1525.4795273399213,105917.0921909241
-1525.5084472234594,105917.07048507407
-1525.5373671048437,105917.04877922265
-1525.5662869862863,105917.02707337216
-1525.5952068679035,105917.00536752166
-1525.6243073402438,105916.97257612925
-1525.6437076511793,105916.95071520004
-1525.6726275355322,105916.92900935002
-1525.7015474176733,105916.90730349999
-1525.7304672998143,105916.88559764996
-1525.7593871820718,105916.8638918004
-1525.78848765546,105916.83110040752
-1525.8174075379502,105916.80939455703
-1525.8463274206733,105916.78768870654
-1525.8752473035129,105916.76598285744
-1525.9041671887971,105916.74427700741
-1525.9330870718695,105916.72257115599
-1525.9526679750415,105916.68962468626
-1525.9815878582885,105916.66791883763
-1526.010507744155,105916.6462129876
-1526.0489471964538,105916.62466221722
-1526.0778670801665,105916.60295636719
-1526.1069675527397,105916.57016497618
-1526.1358874391299,105916.54845912615
-1526.1648073231336,105916.52675327752
-1526.19372720737,105916.50504742796
-1526.2131275228458,105916.48318649968
-1526.2420474096434,105916.46148065059
-1526.271147883148,105916.42868926004
-1526.3000677678501,105916.4069834114
-1526.3289876526687,105916.38527756277
-1526.3579075399903,105916.36357171461
-1526.3868274251,105916.34186586458
-1526.4157473102678,105916.32016001688
-1526.4448477845872,105916.28736862633
-1526.4737676724908,105916.2656627777
-1526.502687558066,105916.2439569286
-1526.5220878746477,105916.22209600266
-1526.5510077628423,105916.20039015403
-1526.589627807145,105916.16775384266
-1526.6185476932442,105916.1460479945
-1526.6474675794598,105916.12434214773
-1526.6765680550598,105916.09155075718
-1526.705487944011,105916.06984490855
-1526.734407830576,105916.04813906085
-1526.7633277173154,105916.02643321408
-1526.792247604113,105916.00472736591
-1526.811647924129,105915.98286643997
-1526.8407484007184,105915.95007504988
-1526.8696682879236,105915.92836920265
-1526.8985881776316,105915.90666335495
-1526.9275080651278,105915.88495750772
-1526.9564279526821,105915.86325166048
-1526.9853478404111,105915.84154581325
-1527.0144483202603,105915.80875442503
-1527.043368208222,105915.7870485778
-1527.0722880963003,105915.7653427315
-1527.101207984495,105915.74363688519
-1527.1301278752508,105915.72193103703
-1527.1592283535283,105915.68913964834
-1527.1881482421304,105915.66743380204
-1527.217068130849,105915.64572795574
-1527.2461686119786,105915.61293656752
-1527.27508850093,105915.59123071982
-1527.304008390056,105915.56952487445
-1527.3329282792984,105915.54781902768
-1527.3618481711019,105915.52611318184
-1527.390768060577,105915.5044073374
-1527.4198685401934,105915.47161594825
-1527.4487884299597,105915.44991010195
-1527.4777083222289,105915.42820425611
-1527.4971086423611,105915.40634333203
-1527.5260285324184,105915.38463748479
-1527.5551290128496,105915.35184609704
-1527.584048903198,105915.33014025213
-1527.6129687960492,105915.3084344063
-1527.6418886866886,105915.28672855953
-1527.670808577328,105915.26502271648
-1527.6997284682002,105915.24331687111
-1527.7288289520657,105915.2105254829
-1527.7579294334864,105915.17773409607
-1527.786849324766,105915.15602825023
-1527.8157692161622,105915.1343224058
-1527.8446891100612,105915.11261656089
-1527.8736090016318,105915.09091071552
-1527.902709483984,105915.05811932869
-1527.9221098056296,105915.03625840507
-1527.9510296999943,105915.01455256063
-1527.979949592147,105914.9928467162
-1528.008869484358,105914.97114087082
-1528.0379699673504,105914.93834948493
-1528.0668898623553,105914.91664364049
-1528.0958097549155,105914.89493779652
-1528.1247296477668,105914.87323195208
-1528.1538301313412,105914.84044056525
-1528.1827500268118,105914.81873472221
-1528.2116699199541,105914.79702887777
-1528.2405898132129,105914.7753230352
-1528.2695097065298,105914.75361719169
-1528.3081297640456,105914.72098088497
-1528.3372302486678,105914.68818949861
-1528.356630571885,105914.66632857453
-1528.385550465784,105914.64462273195
-1528.4144703622442,105914.62291688938
-1528.4435708475066,105914.59012550255
-1528.4724907418713,105914.56841965998
-1528.5014106362942,105914.54671381693
-1528.5303305332782,105914.52500797343
-1528.5594310191227,105914.49221658893
-1528.588350913953,105914.47051074542
-1528.6172708088998,105914.44880490284
-1528.6461907064077,105914.4270990598
-1528.6752911929507,105914.3943076753
-1528.7042110882467,105914.3726018318
-1528.7426505546318,105914.35105107073
-1528.7715704526054,105914.32934522675
-1528.800670939847,105914.29655384226
-1528.829590835725,105914.27484800108
-1528.8585107316612,105914.2531421585
-1528.887611221755,105914.22035077494
-1528.9165311179822,105914.19864493143
-1528.9456316060387,105914.1658535474
-1528.974551502557,105914.14414770529
-1529.0034714016365,105914.12244186457
-1529.0323912983877,105914.10073602293
-1529.0614917870262,105914.06794463797
-1529.0904116840102,105914.04623879632
-1529.1193315836717,105914.0245329556
-1529.1484320727177,105913.99174157158
-1529.1773519701674,105913.97003573179
-1529.2062718701782,105913.94832988922
-1529.2351917678025,105913.92662404804
-1529.2738118289271,105913.89398774551
-1529.3027317292872,105913.8722819048
-1529.3316516274353,105913.85057606315
-1529.3605715255835,105913.82887022244
-1529.3896720159682,105913.79607883934
-1529.4185919169104,105913.77437299909
-1529.447511815466,105913.75266715745
-1529.4766123063164,105913.71987577481
-1529.5057127973996,105913.68708439218
-1529.5441522704205,105913.66553363344
-1529.5730721695581,105913.64382779319
-1529.6019920688705,105913.62212195247
-1529.631092560594,105913.58933056938
-1529.6600124625256,105913.56762472913
-1529.6889323621872,105913.54591888981
-1529.7180328543764,105913.51312750811
-1529.746952754329,105913.49142166786
-1529.7758726568427,105913.46971582761
-1529.8049731494975,105913.43692444498
-1529.8338930497994,105913.41521860613
-1529.87233252218,105913.39366784832
-1529.9012524251593,105913.37196200853
-1529.9303529184544,105913.3391706259
-1529.9592728193384,105913.31746478658
-1529.9881927203387,105913.2957589482
-1530.0172932165442,105913.2629675665
-1530.0462131177774,105913.24126172764
-1530.0848331863526,105913.20862542698
-1530.113753087935,105913.18691958906
-1530.1428535823943,105913.15412820829
-1530.1717734842096,105913.13242236897
-1530.200693388586,105913.11071653012
-1530.229793883569,105913.07792514795
-1530.2587137857918,105913.05621931003
-1530.297153260326,105913.03466855409
-1530.3260731627233,105913.0129627157
-1530.3551736607915,105912.98017133586
-1530.3840935635963,105912.95846549654
-1530.4130134664592,105912.93675965769
-1530.4421139625483,105912.90396827739
-1530.4710338680889,105912.8822624404
-1530.4999537713593,105912.86055660201
-1530.5385738402838,105912.82792030415
-1530.5674937438453,105912.8062144653
-1530.5964136499679,105912.78450862877
-1530.6255141471047,105912.75171724893
-1530.6544340510154,105912.73001141101
-1530.693054123316,105912.69737511314
-1530.721974027576,105912.67566927616
-1530.7510745254112,105912.64287789632
-1530.7799944323488,105912.6211720598
-1530.808914336958,105912.59946622234
-1530.8380148351425,105912.5666748425
-1530.8764543127036,105912.54512408748
-1530.9053742177202,105912.52341825189
-1530.9344747189898,105912.49062687252
-1530.9633946242975,105912.468921036
-1530.9923145297216,105912.44721519807
-1531.021415028954,105912.41442381963
-1531.0503349370556,105912.39271798311
-1531.0887744157226,105912.37116722949
-1531.1178749154788,105912.33837585105
-1531.1467948216014,105912.31667001406
-1531.175714730285,105912.294964178
-1531.2048152304487,105912.26217279956
-1531.233735137037,105912.2404669635
-1531.2721746190218,105912.21891621035
-1531.3012751197675,105912.1861248319
-1531.3398951936979,105912.15348853637
-1531.3688151031965,105912.13178270264
-1531.397735010425,105912.11007686565
-1531.426835511811,105912.07728548814
-1531.4557554193307,105912.05557965161
-1531.484675329295,105912.03387381742
-1531.5232954043895,105912.00123752281
-1531.5522153123748,105911.97953168675
-1531.58113522036,105911.95782585116
-1531.6102357251802,105911.92503447458
-1531.6391556334565,105911.90332863992
-1531.6775951151503,105911.88177788723
-1531.7066956204944,105911.84898651065
-1531.7356155292364,105911.82728067599
-1531.764716032485,105911.79448929848
-1531.7936359414598,105911.77278346382
-1531.832075426355,105911.75123271253
-1531.8611759301275,105911.71844133595
-1531.8900958395097,105911.69673550129
-1531.9191963436315,105911.66394412564
-1531.957635829167,105911.64239337482
-1531.9867363335798,105911.60960199824
-1532.015656243544,105911.5878961645
-1532.0540957296616,105911.56634541322
-1532.0831962346565,105911.5335540371
-1532.11211614497,105911.51184820384
-1532.141036057903,105911.49014237011
-1532.1701365633053,105911.45735099446
-1532.208576047793,105911.43580024317
-1532.2376765535446,105911.40300886845
-1532.2665964646148,105911.38130303565
-1532.2955163782462,105911.35959720146
-1532.3246168844635,105911.32680582674
-1532.3630563697661,105911.30525507545
-1532.3919762813603,105911.28354924312
-1532.421076790546,105911.2507578684
-1532.449996702373,105911.2290520356
-1532.4884361906443,105911.20750128571
-1532.5175366980257,105911.17470991099
-1532.5464566103183,105911.1530040782
-1532.585076691932,105911.12036778731
-1532.623516178457,105911.09881703975
-1532.6524360935437,105911.07711120741
-1532.68153660174,105911.04431983177
-1532.710456514731,105911.02261399943
-1532.7490765997209,105910.98997770948
-1532.777996513003,105910.96827187715
-1532.8069164264016,105910.94656604575
-1532.8360169378575,105910.91377467103
-1532.874456425663,105910.89222392254
-1532.9035569350817,105910.85943254968
-1532.9324768490042,105910.83772671828
-1532.9613967631012,105910.81602088548
-1533.0000168496044,105910.78338459693
-1533.0289367639925,105910.76167876506
-1533.057856678497,105910.73997293366
-1533.086957188847,105910.70718156034
-1533.125396680436,105910.68563081324
-1533.154497191077,105910.65283943946
-1533.1929366830736,105910.63128869375
-1533.2315567686455,105910.59865240473
-1533.260476683965,105910.57694657426
-1533.289396599459,105910.55524074286
-1533.3184971110313,105910.52244937001
-1533.3569366037846,105910.50089862477
-1533.3860371157061,105910.46810725238
-1533.4149570341688,105910.44640142052
-1533.4438769503613,105910.42469558958
-1533.4824970374466,105910.39205930242
-1533.5114169539302,105910.37035347242
-1533.5405174690532,105910.33756210096
-1533.578956960584,105910.3160113548
-1533.607876877475,105910.29430552479
-1533.6369773907354,105910.26151415287
-1533.665897310304,105910.23980832286
-1533.7045173987863,105910.20717203664
-1533.7334373162012,105910.1854662057
-1533.762357236119,105910.16376037616
-1533.7914577503107,105910.13096900517
-1533.829897243064,105910.10941826086
-1533.868517332594,105910.0767819751
-1533.8974372530938,105910.0550761451
-1533.9360573430313,105910.02243985934
-1533.9649772613775,105910.0007340298
-1533.9938971824013,105909.9790282012
-1534.0229976976989,105909.9462368302
-1534.0614371916745,105909.92468608636
-1534.090357110661,105909.90298025636
-1534.1194576289272,105909.87018888677
-1534.1578971233685,105909.84863814386
-1534.1869976395974,105909.8158467738
-1534.2159175591078,105909.79414094426
-1534.2448374811793,105909.77243511565
-1534.283457573154,105909.73979883082
-1534.3123774955166,105909.71809300361
-1534.3414780126186,105909.68530163402
-1534.3703979328275,105909.66359580401
-1534.4088374285493,105909.64204506157
-1534.437937946117,105909.60925369198
-1534.4765580417588,105909.57661740808
-1534.5054779625498,105909.55491158087
-1534.5439174614148,105909.53336083796
-1534.5730179796228,105909.50056946883
-1534.6019379008794,105909.47886364162
-1534.6310384194949,105909.44607227063
-1534.6694779165555,105909.42452153051
-1534.698397840606,105909.40281570237
-1534.7274983597454,105909.37002433371
-1534.756418281584,105909.3483185065
-1534.794857779285,105909.32676776592
-1534.8239583013346,105909.29397639679
-1534.852878223639,105909.27227057004
-1534.891498321842,105909.23963428754
-1534.9204182444373,105909.21792846033
-1534.949338167149,105909.19622263452
-1534.9784386876272,105909.16343126493
-1535.0168781864922,105909.14188052481
-1535.0457981120562,105909.12017469807
-1535.074898633,105909.08738332987
-1535.113338132389,105909.06583259115
-1535.14243865374,105909.03304122249
-1535.1808781557484,105909.01149048284
-1535.2099786775652,105908.97869911417
-1535.238898603944,105908.95699328883
-1535.2773381040897,105908.93544255011
-1535.306438626314,105908.90265118238
-1535.3353585506557,105908.8809453561
-1535.3644590756157,105908.84815398837
-1535.402898576518,105908.82660324918
-1535.4318185013253,105908.8048974243
-1535.4609190244228,105908.77210605657
-1535.4898389494047,105908.75040023169
-1535.5282784532756,105908.7288494939
-1535.5573789768387,105908.69605812617
-1535.5862989047891,105908.67435230082
-1535.6152188303531,105908.6526464764
-1535.653838930768,105908.62001019623
-1535.6827588566812,105908.59830437182
-1535.7116787851555,105908.576598546
-1535.7502988862107,105908.5439622663
-1535.779399410938,105908.5111708995
-1535.8083193373168,105908.48946507694
-1535.846758842934,105908.46791433869
-1535.8758593681268,105908.43512297282
-1535.9047792950878,105908.41341714747
-1535.9336992244353,105908.39171132492
-1535.9627997502103,105908.35891995812
-1536.0012392540812,105908.33736922173
-1536.0301591815078,105908.31566339778
-1536.0592597101931,105908.28287203237
-1536.0881796378526,105908.26116620796
-1536.1266191423638,105908.23961547157
-1536.1557196691865,105908.20682410616
-1536.1846395996981,105908.18511828361
-1536.2135595278814,105908.1634124592
-1536.2521796320216,105908.13077618089
-1536.2810995629407,105908.10907035833
-1536.3100194914732,105908.08736453485
-1536.3389394202968,105908.0656587123
-1536.3775595250772,105908.03302243352
-1536.4064794565784,105908.01131661143
-1536.4355799849145,105907.9785252465
-1536.474019491172,105907.95697451197
-1536.5029394206358,105907.93526868848
-1536.532039951766,105907.90247732354
-1536.5609598815208,105907.88077150192
-1536.5898798113922,105907.85906567983
-1536.6284999201307,105907.82642940292
-1536.6574198502349,105907.80472358037
-1536.6863397805719,105907.78301775781
-1536.7154403127497,105907.75022639427
-1536.7538798204623,105907.72867566021
-1536.7827997511486,105907.70696983906
-1536.8117196819512,105907.68526401697
-1536.8408202123828,105907.6524726525
-1536.8697401458048,105907.6307668318
-1536.9081796543906,105907.60921609821
-1536.9370995856589,105907.58751027659
-1536.9662001167308,105907.55471891351
-1537.0046396281687,105907.53316817898
-1537.0337401595898,105907.5003768173
-1537.0626600939431,105907.47867099522
-1537.0915800259681,105907.45696517453
-1537.1204999580514,105907.4352593543
-1537.1591200677212,105907.40262307832
-1537.1880400000373,105907.38091725716
-1537.216959935031,105907.35921143647
-1537.2458798676962,105907.33750561671
-1537.2749804004561,105907.3047142541
-1537.3134199109627,105907.28316352051
-1537.3423398465384,105907.26145770028
-1537.3712597796693,105907.23975188099
-1537.4003603130113,105907.20696051884
-1537.4292802464915,105907.18525469815
-1537.458200182533,105907.1635488784
-1537.4966396939708,105907.14199814713
-1537.525740230456,105907.10920678452
-1537.5546601645183,105907.08750096476
-1537.5835800985806,105907.06579514546
-1537.6222002110444,105907.03315887228
-1537.6511201478424,105907.01145305252
-1537.6800400823704,105906.98974723229
-1537.7091406174004,105906.95695587201
-1537.7475801302353,105906.93540514074
-1537.7765000651125,105906.91369932098
-1537.805420002609,105906.89199350262
-1537.8343399377773,105906.8702876824
-1537.8634404736222,105906.83749632211
-1537.892360411468,105906.81579050282
-1537.9212803470436,105906.79408468492
-1537.9597198609263,105906.77253395319
-1537.9886397991795,105906.75082813576
-1538.0177403357811,105906.71803677501
-1538.046660271939,105906.69633095711
-1538.0755802081549,105906.67462513782
-1538.104500146932,105906.65291932039
-1538.1429396616295,105906.63136859005
-1538.1720401991624,105906.59857722977
-1538.2009601359023,105906.57687141094
-1538.2298800752033,105906.55516559444
-1538.2685001915088,105906.52252932312
-1538.2974201287143,105906.50082350429
-1538.326340065978,105906.4791176864
-1538.3552600058028,105906.45741186943
-1538.3841799433576,105906.43570605153
-1538.4130998810288,105906.41400023503
-1538.4517200008268,105906.38136396324
-1538.4806399388472,105906.35965814581
-1538.5095598768676,105906.33795232885
-1538.5384798150626,105906.31624651141
-1538.5673997558188,105906.29454069445
-1538.5963196941884,105906.27283487655
-1538.6252396326745,105906.25112906052
-1538.6638597514248,105906.21849279013
-1538.6927796927048,105906.19678697316
-1538.7216996316565,105906.17508115759
-1538.7506195707247,105906.15337534016
-1538.7795395099674,105906.1316695232
-1538.8084594517131,105906.10996370809
-1538.847079571453,105906.07732743863
-1538.8759995111031,105906.05562162213
-1538.9049194508698,105906.0339158047
-1538.9433589720284,105906.01236507809
-1538.9722789120278,105905.99065926252
-1539.0011988545302,105905.96895344555
-1539.0301187947625,105905.94724763138
-1539.0590387351112,105905.92554181488
-1539.0881392774172,105905.89275045693
-1539.1170592204435,105905.87104464183
-1539.1554987402633,105905.84949391475
-1539.1844186811359,105905.82778810011
-1539.213338622183,105905.80608228408
-1539.2422585632885,105905.78437646898
-1539.271178506955,105905.76267065294
-1539.3000984484097,105905.74096483877
-1539.3290183898644,105905.7192590232
-1539.3674579106737,105905.69770829845
-1539.396377854864,105905.67600248335
-1539.4252977967262,105905.65429666732
-1539.4639179225778,105905.62166040111
-1539.492837864731,105905.59995458648
-1539.5217578070005,105905.57824877184
-1539.5506777494447,105905.5565429572
-1539.5795976943919,105905.53483714303
-1539.6085176370107,105905.5131313284
-1539.6374375798623,105905.49142551329
-1539.675877102185,105905.46987478947
-1539.7047970475978,105905.4481689753
-1539.7337169907987,105905.4264631616
-1539.7626369340578,105905.40475734742
-1539.7915568774333,105905.38305153279
-1539.82047682337,105905.36134572001
-1539.8589163465658,105905.33979499526
-1539.887836290407,105905.31808918249
-1539.9167562342482,105905.29638336832
-1539.9456761783222,105905.27467755508
-1539.974596124841,105905.2529717423
-1540.0035160691477,105905.23126592813
-1540.032436013571,105905.20956011489
-1540.071056142915,105905.17692384962
-1540.0999760875711,105905.15521803731
-1540.12889603246,105905.13351222407
-1540.1578159797937,105905.1118064099
-1540.1962555046193,105905.0902556898
-1540.225175449741,105905.06854987564
-1540.2540953950956,105905.04684406286
-1540.283015342895,105905.02513825009
-1540.3119352884823,105905.00343243778
-1540.340855234128,105904.98172662454
-1540.36977517989,105904.96002081363
-1540.4080341050867,105904.94955563312
-1540.4369540510816,105904.92784982175
-1540.4658739971928,105904.90614400897
-1540.4947939434787,105904.8844381976
-1540.5237138923258,105904.86273238529
-1540.5526338388445,105904.84102657298
-1540.5815537854214,105904.8193207616
-1540.6104737322312,105904.79761494976
-1540.648913261597,105904.77606422827
-1540.6778332085814,105904.75435841689
-1540.7067531556822,105904.73265260598
-1540.7356731053442,105904.71094679367
-1540.764593052736,105904.68924098276
-1540.8030325804139,105904.66769026313
-1540.8319525280967,105904.64598445036
-1540.8608724782243,105904.62427864037
-1540.8896118224948,105904.61365837138
-1540.9185317704687,105904.59195256047
-1540.947451718559,105904.57024674956
-1540.9763716692105,105904.54854093958
-1541.0052916175337,105904.52683512727
-1541.0342115659732,105904.50512931682
-1541.0726510948734,105904.48357859766
-1541.1013904422289,105904.47295833007
-1541.130310391076,105904.45125252008
-1541.1592303400394,105904.4295467087
-1541.1881502890028,105904.40784089873
-1541.2170702405856,105904.38613508828
-1541.245809585962,105904.37551482068
-1541.2844297222327,105904.342878561
-1541.3133496717783,105904.32117275055
-1541.3420890173875,105904.31055248296
-1541.3710089671658,105904.28884667344
-1541.3999289195053,105904.26714086253
-1541.4288488695165,105904.24543505348
-1541.4577688196441,105904.2237292435
-1541.4866887698881,105904.20202343399
-1541.5154281184077,105904.19140316732
-1541.5538676495198,105904.1698524491
-1541.5827876002295,105904.14814663958
-1541.611707550881,105904.126440831
-1541.640446899808,105904.11582056433
-1541.6693668506923,105904.09411475528
-1541.6982868018094,105904.07240894577
-1541.7272067529848,105904.05070313765
-1541.7561267067213,105904.02899732813
-1541.784866053611,105904.0183770624
-1541.8137860051356,105903.99667125288
-1541.8427059567184,105903.9749654443
-1541.8811454894021,105903.95341472887
-1541.9100654437207,105903.93170891982
-1541.938804791018,105903.92108865408
-1541.9677247431828,105903.89938284457
-1541.9966446954058,105903.87767703785
-1542.02556465019,105903.85597122833
-1542.0543039977783,105903.845350964
-1542.0832239504089,105903.82364515448
-1542.1121439031558,105903.80193934869
-1542.1408832534216,105903.79131908203
-1542.169803206285,105903.76961327437
-1542.198723159323,105903.74790746719
-1542.2274625075515,105903.73728720238
-1542.2563824631507,105903.71558139334
-1542.285302416538,105903.69387558615
-1542.3142223700415,105903.6721697799
-1542.3429617208894,105903.66154951416
-1542.381401255785,105903.63999879919
-1542.410321209638,105903.61829299293
-1542.4390605607769,105903.6076727272
-1542.4679805148626,105903.58596692095
-1542.4969004690647,105903.56426111376
-1542.525820423325,105903.5425553075
-1542.5545597748132,105903.53193504363
-1542.5834797293064,105903.51022923505
-1542.612399683916,105903.48852342973
-1542.6411390332505,105903.47790316492
-1542.6700589905377,105903.45619735913
-1542.6987983400468,105903.44557709526
-1542.7277182950638,105903.42387128901
-1542.7566382501973,105903.40216548275
-1542.785377602384,105903.39154521888
-1542.8142975577503,105903.36983941263
-1542.8432175132912,105903.34813360637
-1542.871956863266,105903.33751334343
-1542.900876821368,105903.31580753764
-1542.9296161716338,105903.30518727377
-1542.9585361274658,105903.28348146845
-1542.9874560858589,105903.26177566312
-1543.0161954363575,105903.25115539925
-1543.0546349741053,105903.22960468754
-1543.0835549305193,105903.20789888222
-1543.1122942811344,105903.19727861928
-1543.141214240226,105903.17557281395
-1543.170134196931,105903.1538670091
-1543.1988735478371,105903.14324674569
-1543.2277935048332,105903.12154094037
-1543.2565328582423,105903.11092067882
-1543.285452815413,105903.0892148735
-1543.3141921666102,105903.07859461196
-1543.3431121240137,105903.05688880663
-1543.371851477772,105903.04626854463
-1543.4007714353502,105903.02456273884
-1543.4295107868966,105903.01394247776
-1543.4584307446494,105902.99223667337
-1543.4873507049633,105902.97053086897
-1543.5160900567425,105902.95991060743
-1543.5450100149028,105902.93820480304
-1543.5642297873273,105902.92742944835
-1543.593149745604,105902.90572364395
-1543.6220697040553,105902.88401784003
-1543.650809056242,105902.87339757802
-1543.6797290173126,105902.85169177502
-1543.7084683695575,105902.84107151255
-1543.7373883284163,105902.81936571142
-1543.766127680894,105902.80874544801
-1543.7950476424303,105902.78703964641
-1543.8237869950244,105902.77641938347
-1543.8527069542906,105902.75471358187
-1543.8814463070594,105902.74409331987
-1543.910185662331,105902.73347305879
-1543.9391056218883,105902.71176725533
-1543.9678449748317,105902.70114699565
-1543.99676493468,105902.67944119219
-1544.0255042902427,105902.66882093251
-1544.0544242502656,105902.64711512858
-1544.0831636035582,105902.63649486843
-1544.1120835637557,105902.6147890659
-1544.1408229196095,105902.60416880623
-1544.1602232954465,105902.58230790868
-1544.1889626514167,105902.57168764947
-1544.2178826120798,105902.5499818474
-1544.24662196578,105902.53936158726
-1544.2755419266177,105902.51765578473
-1544.3042812829372,105902.50703552458
-1544.3332012440078,105902.48532972345
-1544.3619405980571,105902.4747094633
-1544.3908605593024,105902.45300366124
-1544.4195999159128,105902.44238340203
-1544.448339270195,105902.43176314235
-1544.4772592317895,105902.41005734168
-1544.5059985886328,105902.39943708107
-1544.534918550402,105902.37773127947
-1544.5636579049751,105902.36711102072
-1544.5828776771668,105902.35633566743
-1544.6117976416135,105902.3346298663
-1544.6405369964195,105902.32400960755
-1544.6694569587125,105902.30230380548
-1544.698196313635,105902.29168354766
-1544.7269356710603,105902.28106328985
-1544.7558556336444,105902.25935748778
-1544.7847755963448,105902.23765168712
-1544.8135149515583,105902.22703142837
-1544.8424349169363,105902.20532562817
-1544.8711742723244,105902.19470536988
-1544.8999136277125,105902.18408511207
-1544.9193140083808,105902.16222421639
-1544.9480533663882,105902.15160395764
-1544.9767927220091,105902.14098370029
-1545.0057126855245,105902.11927789915
-1545.03445204132,105902.10865764227
-1545.0633720074547,105902.0869518416
-1545.092111363425,105902.07633158518
-1545.1208507195115,105902.06571132643
-1545.1402511007618,105902.04385043262
-1545.1689904569648,105902.03323017387
-1545.1977298155543,105902.02260991605
-1545.2266497798846,105902.00090411631
-1545.2553891362622,105901.99028385943
-1545.284128492698,105901.97966360347
-1545.313048459706,105901.95795780327
-1545.3419684245018,105901.93625200307
-1545.3611881983234,105901.92547665164
-1545.389927554992,105901.91485639568
-1545.4188475224655,105901.89315059455
-1545.447586879367,105901.8825303386
-1545.4763262363267,105901.87191008171
-1545.5050655934028,105901.86128982576
-1545.524465978262,105901.83942893008
-1545.5532053353963,105901.82880867505
-1545.581944692647,105901.81818841957
-1545.6108646607609,105901.7964826203
-1545.6396040180698,105901.78586236434
-1545.6683433755534,105901.77524210699
-1545.68774375855,105901.75338121364
-1545.71648311615,105901.74276095675
-1545.745222473808,105901.73214070126
-1545.774142442504,105901.71043490246
-1545.8028818002203,105901.69981464744
-1545.8316211581696,105901.68919439148
-1545.8510215440765,105901.6673334986
-1545.8797609020257,105901.65671324218
-1545.9086808688007,105901.63500744384
-1545.9374202269828,105901.62438718835
-1545.9661595876096,105901.61376693379
-1545.9853793627117,105901.6029915819
-1546.0142993298941,105901.58128578495
-1546.043038688309,105901.57066552946
-1546.0717780492269,105901.56004527444
-1546.1005174077582,105901.54942501988
-1546.1199177920353,105901.5275641256
-1546.1486571507994,105901.51694387104
-1546.1773965095636,105901.50632361649
-1546.2063164773863,105901.48461781954
-1546.2350558387116,105901.47399756499
-1546.2542756143375,105901.46322221449
-1546.2830149733927,105901.45260195946
-1546.3119349440094,105901.43089616252
-1546.340674303181,105901.4202759089
-1546.3694136624108,105901.4096556548
-1546.3888140475028,105901.38779476099
-1546.417553409352,105901.37717450596
-1546.4462927687564,105901.3665542528
-1546.4752127375687,105901.3448484554
-1546.4944325137767,105901.33407310629
-1546.5231718733557,105901.3234528522
-1546.5519112331094,105901.31283259904
-1546.5806505952496,105901.30221234448
-1546.60005098104,105901.28035145253
-1546.6287903409684,105901.26973119797
-1546.6575297033414,105901.25911094481
-1546.6862690633861,105901.24849069165
-1546.7056694495259,105901.22662979877
-1546.734408809687,105901.2160095456
-1546.7631481724093,105901.20538929338
-1546.7918875326868,105901.19476904022
-1546.8112879190594,105901.1729081478
-1546.8400272795116,105901.1622878951
-1546.868766640022,105901.15166764148
-1546.8975060030352,105901.14104738832
-1546.916906389757,105901.11918649636
-1546.9456457505003,105901.10856624367
-1546.9743851112435,105901.09794599144
-1547.0031244745478,105901.08732573828
-1547.0225248616189,105901.06546484679
-1547.051264222595,105901.05484459456
-1547.080003583571,105901.0442243428
-1547.0992233610013,105901.03344899276
-1547.1281433345284,105901.01174319861
-1547.1568826957373,105901.00112294639
-1547.1856220570626,105900.99050269276
-1547.2048418347258,105900.97972734505
-1547.2335811984958,105900.96910709329
-1547.2623205599957,105900.95848684106
-1547.2817209478235,105900.93662595004
-1547.310460309498,105900.92600569827
-1547.3391996736173,105900.91538544651
-1547.3584194514551,105900.90461009787
-1547.3871588133043,105900.89398984518
-1547.4160787854344,105900.87228405196
-1547.4352985634468,105900.86150870286
-1547.4640379279153,105900.85088845203
-1547.4929579002783,105900.82918265834
-1547.5121776785236,105900.81840731064
-1547.5409170431085,105900.8077870598
-1547.5696564054815,105900.79716680804
-1547.598395767738,105900.78654655674
-1547.6176155462163,105900.77577120904
-1547.6465355191613,105900.75406541489
-1547.6752748816507,105900.74344516499
-1547.69449466269,105900.73266981589
-1547.7232340252958,105900.72204956599
-1547.7424538040068,105900.71127421781
-1547.7711931691738,105900.70065396698
-1547.8001131427009,105900.67894817423
-1547.8193329215283,105900.66817282699
-1547.8480722844834,105900.65755257523
-1547.8768116474967,105900.64693232486
-1547.8960314289434,105900.63615697762
-1547.924770792073,105900.62553672725
-1547.953690766124,105900.60383093497
-1547.9729105451843,105900.59305558726
-1548.0016499109915,105900.5824353369
-1548.0303892744123,105900.57181508793
-1548.0497896646266,105900.54995419784
-1548.0785290281638,105900.5393339484
-1548.1072683917591,105900.52871369664
-1548.1264881736133,105900.51793835033
-1548.1552275373833,105900.50731810043
-1548.1744473169092,105900.49654275505
-1548.2031866807956,105900.48592250422
-1548.2321066581644,105900.4642167138
-1548.2513264354784,105900.45344136516
-1548.280065801926,105900.44282111619
-1548.3088051660452,105900.43220086768
-1548.3280249459203,105900.42142551998
-1548.3567643125425,105900.410805271
-1548.3759840924758,105900.4000299247
-1548.4049040680984,105900.37832413288
-1548.4336434325087,105900.36770388437
-1548.4528632126166,105900.35692853667
-1548.4816025771433,105900.34630828863
-1548.5105225555599,105900.32460249774
-1548.5297423357842,105900.31382715097
-1548.558481700602,105900.30320690246
-1548.5777014833875,105900.29243155569
-1548.6064408482634,105900.28181130718
-1548.6351802131394,105900.27119105961
-1548.6543999936548,105900.26041571284
-1548.6831393586472,105900.24979546387
-1548.7025397532852,105900.22793457564
-1548.7312791184522,105900.21731432807
-1548.7600184836774,105900.2066940805
-1548.7792382644839,105900.19591873325
-1548.807977632212,105900.18529848661
-1548.8271974130766,105900.17452313984
-1548.8559367785347,105900.16390289273
-1548.8751565594575,105900.15312754596
-1548.903895925032,105900.14250729838
-1548.9328159049037,105900.12080150796
-1548.9520356860012,105900.11002616258
-1548.9807750518667,105900.09940591501
-1548.9999948330224,105900.08863056963
-1549.0287341988878,105900.07801032299
-1549.0574735673144,105900.06739007542
-1549.0768739605555,105900.04552918766
-1549.1056133266538,105900.03490893962
-1549.1248331081588,105900.02413359331
-1549.15357247676,105900.0135133476
-1549.1727922583232,105900.00273800176
-1549.2015316246543,105899.99211775465
-1549.2302709910437,105899.98149750894
-1549.2494907727232,105899.97072216216
-1549.2782301416737,105899.96010191739
-1549.2976305356133,105899.93824102869
-1549.3263699022355,105899.92762078298
-1549.345589684206,105899.91684543667
-1549.3743290508864,105899.9062251905
-1549.4030684201862,105899.89560494432
-1549.422288202215,105899.88482959988
-1549.4510275691282,105899.87420935323
-1549.4704279635334,105899.8523484664
-1549.4991673331242,105899.8417282193
-1549.5183871153276,105899.83095287578
-1549.54712648259,105899.82033262914
-1549.5758658497944,105899.80971238343
-1549.5950856321724,105899.79893703992
-1549.623825001996,105899.78831679234
-1549.6430447844323,105899.77754144743
-1549.6717841519276,105899.76692120265
-1549.6911845470313,105899.74506031582
-1549.719923914643,105899.73444007011
-1549.7486632848158,105899.7238198258
-1549.7678830675432,105899.71304447995
-1549.7966224353295,105899.70242423564
-1549.8158422205597,105899.69164889166
-1549.8445815884625,105899.68102864595
-1549.8638013714226,105899.67025330197
-1549.8925407393835,105899.65963305719
-1549.9214607203612,105899.63792726863
-1549.9406805058243,105899.62715192605
-1549.9694198741345,105899.61653167987
-1549.9886396571528,105899.60575633636
-1550.0173790255794,105899.59513609204
-1550.0365988088306,105899.5843607476
-1550.065518790274,105899.56265496043
-1550.0942581612617,105899.55203471612
-1550.1134779446293,105899.54125937307
-1550.1422173132887,105899.5306391283
-1550.1614370992174,105899.51986378385
-1550.1901764679933,105899.50924353953
-1550.2189158368274,105899.49862329615
-1550.238135620486,105899.48784795124
-1550.2668749894947,105899.47722770879
-1550.2862753887894,105899.45536682243
-1550.3150147579145,105899.44474657904
-1550.3342345417477,105899.43397123553
-1550.3629739109892,105899.42335099261
-1550.3917132826755,105899.41273074783
-1550.4109330642968,105899.40195540432
-1550.4398530494655,105899.38024961762
-1550.4685924188234,105899.36962937564
-1550.487812203064,105899.35885403119
-1550.5165515750414,105899.34823378827
-1550.535771359282,105899.33745844616
-1550.5645107289893,105899.32683820231
-1550.5837305133464,105899.31606285973
-1550.61246988317,105899.30544261681
-1550.6412092530518,105899.2948223739
-1550.6606096535688,105899.27296148753
-1550.689349023567,105899.26234124461
-1550.708568808157,105899.25156590156
-1550.7373081807164,105899.24094565958
-1550.7660475509474,105899.23032541666
-1550.7852673355956,105899.21955007361
-1550.8140067058848,105899.20892983256
-1550.8427460762905,105899.19830958918
-1550.8621464774478,105899.17644870421
-1550.89088584797,105899.1658284613
-1550.9101056329673,105899.15505311918
-1550.9388450036058,105899.14443287626
-1550.9677649905789,105899.12272709236
-1550.996504361392,105899.11210685037
-1551.0157241466222,105899.10133150779
-1551.0444635174936,105899.0907112658
-1551.0636833027238,105899.07993592462
-1551.0924226761563,105899.06931568217
-1551.1211620472604,105899.05869544018
-1551.140562446788,105899.03683455521
-1551.1693018180085,105899.02621431323
-1551.1980411916738,105899.01559407171
-1551.2172609773115,105899.00481873099
-1551.2460003487067,105898.99419848854
-1551.2747397201601,105898.98357824748
-1551.2941401201533,105898.96171736345
-1551.3228794941679,105898.95109712332
-1551.351618865854,105898.94047688087
-1551.3708386517246,105898.92970153969
-1551.399578023469,105898.91908129817
-1551.4283173977165,105898.90846105712
-1551.4572373840492,105898.88675527414
-1551.4764571702108,105898.87597993342
-1551.5051965422463,105898.86535969144
-1551.53393591434,105898.85473945132
-1551.5531557030044,105898.84396411013
-1551.5820756897447,105898.82225832762
-1551.6108150620712,105898.81163808657
-1551.6300348484656,105898.80086274538
-1551.6587742233532,105898.7902425048
-1551.6875135958544,105898.77962226467
-1551.7067333824234,105898.76884692302
-1551.7356533696875,105898.74714114144
-1551.7643927423633,105898.73652090039
-1551.7836125314934,105898.72574556014
-1551.8123519043438,105898.71512532001
-1551.8410912771942,105898.70450508036
-1551.8700112673687,105898.68279929878
-1551.8892310543451,105898.6720239576
-1551.9179704273702,105898.66140371701
-1551.9467098005116,105898.65078347875
-1551.9661102024838,105898.62892259471
-1551.9948495758,105898.61830235645
-1552.0235889515607,105898.60768211586
-1552.0523283248767,105898.59706187714
-1552.0715481122024,105898.58628653688
-1552.1004681031918,105898.56458075531
-1552.129207476799,105898.55396051658
-1552.1484272642992,105898.5431851754
-1552.1771666379645,105898.53256493574
-1552.205906014191,105898.52194469841
-1552.2348260032013,105898.5002389159
-1552.2540457908763,105898.48946357658
-1552.2827851648908,105898.47884333692
-1552.3115245389054,105898.46822309867
-1552.3307443292579,105898.45744775934
-1552.3596643187338,105898.43574197777
-1552.3884036928648,105898.42512174044
-1552.4171430672286,105898.41450150125
-1552.4363628576975,105898.40372616099
-1552.4651022321195,105898.3931059232
-1552.4940222221194,105898.37140014255
-1552.5227615966578,105898.36077990476
-1552.5419813849148,105898.35000456497
-1552.5707207595697,105898.33938432718
-1552.5996407523053,105898.317678547
-1552.6188605407951,105898.30690320721
-1552.6475999156246,105898.29628296942
-1552.6763392930152,105898.28566273209
-1552.7052592837135,105898.26395695237
-1552.724479072378,105898.25318161258
-1552.7532184474985,105898.24256137479
-1552.7819578251801,105898.23194113793
-1552.8106972004753,105898.22132090013
-1552.8300976050668,105898.19946001796
-1552.8588369805366,105898.18883978203
-1552.8875763560645,105898.17821954517
-1552.9163157315925,105898.16759930644
-1552.9357161389198,105898.14573842613
-1552.9644555146806,105898.1351181888
-1552.9931948904414,105898.12449795194
-1553.0221148846322,105898.10279217223
-1553.0508542605676,105898.09217193583
-1553.0700740498723,105898.08139659883
-1553.0988134259242,105898.07077636011
-1553.1277334204642,105898.0490705818
-1553.1564727966907,105898.0384503454
-1553.1756925862283,105898.02767500654
-1553.204431962513,105898.01705477154
-1553.233351955132,105897.99534899183
-1553.2620913339779,105897.98472875636
-1553.2813111237483,105897.97395341704
-1553.3100505002658,105897.9633331825
-1553.3389704932924,105897.94162740326
-1553.3677098724293,105897.93100716779
-1553.386929662316,105897.92023182893
-1553.4156690391828,105897.90961159347
-1553.4445890324423,105897.88790581608
-1553.4733284119284,105897.87728557969
-1553.492548202048,105897.86651024222
-1553.5214681956568,105897.84480446437
-1553.5502075728728,105897.83418422891
-1553.5789469500887,105897.82356399344
-1553.6078669464332,105897.80185821606
-1553.6270867369021,105897.79108287767
-1553.655826114351,105897.78046264313
-1553.6845654919161,105897.76984240767
-1553.7134854885517,105897.74813663028
-1553.7327052793116,105897.73736129282
-1553.7614446569933,105897.72674105875
-1553.7903646515915,105897.70503528044
-1553.8191040318925,105897.69441504637
-1553.847843409807,105897.68379481183
-1553.8670632007415,105897.67301947484
-1553.8959831957472,105897.65131369699
-1553.9247225738363,105897.64069346292
-1553.9534619544866,105897.63007322885
-1553.9728623626288,105897.608212349
-1554.0016017409507,105897.59759211587
-1554.0303411217174,105897.5869718804
-1554.059261117247,105897.56526610395
-1554.0880004958017,105897.55464586988
-1554.1167398744728,105897.54402563674
-1554.1361402855255,105897.5221647569
-1554.164879664313,105897.5115445233
-1554.1936190431006,105897.50092428969
-1554.2225390392123,105897.47921851417
-1554.24175883102,105897.46844317717
-1554.2704982099822,105897.4578229431
-1554.2994182087714,105897.43611716758
-1554.3281575880246,105897.42549693398
-1554.3473773799487,105897.41472159792
-1554.376116761705,105897.40410136525
-1554.4050367583986,105897.3823955888
-1554.4337761378847,105897.37177535659
-1554.462515517429,105897.36115512298
-1554.4819159295876,105897.339294245
-1554.5106553092482,105897.32867401093
-1554.539394688909,105897.31805377919
-1554.5683146863012,105897.29634800274
-1554.5970540685812,105897.28572777053
-1554.6259740662063,105897.26402199548
-1554.6451938587707,105897.25324665941
-1554.6739332388388,105897.2426264272
-1554.7028532366967,105897.22092065262
-1554.7315926169395,105897.21030042088
-1554.760331999627,105897.19968018774
-1554.779732410214,105897.17781930976
-1554.8084717906895,105897.16719907755
-1554.837391791516,105897.14549330343
-1554.8661311720498,105897.13487307169
-1554.8948705527,105897.12425283901
-1554.9142709638108,105897.10239196103
-1554.943010346964,105897.09177172976
-1554.971749727847,105897.08115149848
-1555.0006697268109,105897.05944572389
-1555.0294091078104,105897.04882549308
-1555.0486289012479,105897.03805015748
-1555.0775489004445,105897.01634438336
-1555.1062882840633,105897.00572415208
-1555.135208283551,105896.98401837889
-1555.1639476648998,105896.97339814715
-1555.1926870463649,105896.96277791634
-1555.2216070485301,105896.94107214315
-1555.2408268422587,105896.93029680895
-1555.269746842212,105896.90859103436
-1555.298486226413,105896.89797080308
-1555.327225608169,105896.88735057367
-1555.3561456084135,105896.86564480001
-1555.3753654025495,105896.85486946534
-1555.4042854054132,105896.83316369308
-1555.4330247874605,105896.82254346134
-1555.461764169624,105896.81192323193
-1555.4906841703341,105896.79021745827
-1555.519423555059,105896.7795972284
-1555.5388239680906,105896.75773635134
-1555.5675633505452,105896.747116121
-1555.596302733058,105896.73649589112
-1555.625222734292,105896.71479011886
-1555.653962119366,105896.70416988852
-1555.6733625328052,105896.6823090124
-1555.7116215036367,105896.67184388684
-1555.7308412984712,105896.66106855264
-1555.7597613026155,105896.63936277991
-1555.788500685594,105896.62874255283
-1555.8174206875265,105896.60703677917
-1555.8461600707378,105896.59641655115
-1555.8750800753478,105896.57471077843
-1555.8942998705315,105896.56393544422
-1555.9230392539175,105896.55331521481
-1555.9519592563156,105896.53160944395
-1555.980698642321,105896.52098921407
-1556.0096186449518,105896.4992834432
-1556.0288384404266,105896.48850810947
-1556.0577584432904,105896.46680233907
-1556.0864978270838,105896.45618210919
-1556.1152372134384,105896.44556188164
-1556.144157216535,105896.42385610938
-1556.163377012359,105896.41308077564
-1556.192297018075,105896.39137500525
-1556.2210364022758,105896.3807547763
-1556.249956405838,105896.35904900637
-1556.2786957901553,105896.34842877835
-1556.307615796337,105896.32672300795
-1556.336355180887,105896.31610277947
-1556.3650945654372,105896.30548255192
-1556.3844949810882,105896.28362167533
-1556.4132343681995,105896.27300144779
-1556.4421543724602,105896.25129567692
-1556.4708937573014,105896.2406754503
-1556.499813761795,105896.2189696799
-1556.5190335583175,105896.2081943471
-1556.5479535629274,105896.1864885767
-1556.5766929505626,105896.17586834822
-1556.6056129554054,105896.15416257875
-1556.6343523407122,105896.14354235213
-1556.6630917260773,105896.13292212505
-1556.6824921451043,105896.11106125033
-1556.7112315305858,105896.10044102371
-1556.7401515359525,105896.07873525331
-1556.7688909240533,105896.06811502716
-1556.7978109295946,105896.04640925629
-1556.8265503154835,105896.03578903154
-1556.8554703212576,105896.01408326114
-1556.8746901209815,105896.00330792973
-1556.9036101269303,105895.9816021598
-1556.9323495131102,105895.97098193411
-1556.9612695192918,105895.94927616417
-1556.9900089079747,105895.93865593895
-1557.018928914389,105895.91695016855
-1557.0381487120176,105895.90617483761
-1557.0670687186648,105895.88446906814
-1557.095808105194,105895.87384884292
-1557.1247281120159,105895.85214307485
-1557.1534675011644,105895.84152284823
-1557.1728679193184,105895.81966197444
-1557.2016073061968,105895.80904174922
-1557.2305273158709,105895.78733598022
-1557.2592667028657,105895.77671575453
-1557.2881867103279,105895.75500998646
-1557.3169260974973,105895.74438976031
-1557.3458461075206,105895.72268399363
-1557.3745854948647,105895.71206376702
-1557.4035055027343,105895.69035799941
-1557.422725301236,105895.679582668
-1557.4516453116667,105895.65787690133
-1557.4803846993018,105895.64725667564
-1557.5093047075206,105895.6255509085
-1557.5382247159723,105895.60384514043
-1557.5669641062268,105895.5932249166
-1557.5863645257195,105895.57136404281
-1557.615103913704,105895.56074381853
-1557.6440239225049,105895.53903804952
-1557.6727633106639,105895.52841782663
-1557.7016833220841,105895.50671205856
-1557.7304227104178,105895.49609183474
-1557.7498231304344,105895.47423096141
-1557.7785625188844,105895.46361073758
-1557.8074825307122,105895.44190496998
-1557.8364025402116,105895.42019920284
-1557.8651419289527,105895.40957897855
-1557.894061938685,105895.38787321327
-1557.9228013299871,105895.37725298805
-1557.9517213399522,105895.35554722231
-1557.9804607289843,105895.34492699895
-1558.0093807390658,105895.32322123321
-1558.0287811624585,105895.30136035942
-1558.0575205517234,105895.29074013606
-1558.0864405622124,105895.26903436938
-1558.1151799515937,105895.25841414696
-1558.1440999646438,105895.23670838121
-1558.172839354258,105895.22608815739
-1558.1922397756716,105895.204227285
-1558.2211597866844,105895.18252152018
-1558.2498991764733,105895.1719012959
-1558.2788191901054,105895.15019553062
-1558.3075585800689,105895.13957530772
-1558.3364785914891,105895.11786954291
-1558.3653986030258,105895.0961637767
-1558.3846184060676,105895.08538844809
-1558.413538417779,105895.06368268328
-1558.451797397749,105895.05321756704
-1558.4711978224805,105895.03135669464
-1558.500117834541,105895.0096509303
-1558.5288572251447,105894.9990307074
-1558.55777723738,105894.97732494399
-1558.586516630603,105894.9667047197
-1558.6154366431292,105894.94499895629
-1558.6443566556554,105894.92329319147
-1558.6730960466666,105894.91267296998
-1558.7020160618704,105894.89096720517
-1558.7214164851466,105894.8691063323
-1558.7501558762742,105894.85848611174
-1558.7790758894407,105894.83678034693
-1558.8078152832459,105894.82616012637
-1558.8367352966452,105894.80445436155
-1558.8656553101027,105894.78274859767
-1558.894394701696,105894.77212837664
-1558.9233147177729,105894.75042261323
-1558.9427151392447,105894.72856174177
-1558.9714545335155,105894.71794152074
-1559.0098941375036,105894.69639086397
-1559.0388141540461,105894.6746851001
-1559.0675535461633,105894.6640648786
-1559.0869539704872,105894.642204009
-1559.1158739849925,105894.62049824558
-1559.1446133772843,105894.60987802455
-1559.1735333919642,105894.5881722616
-1559.202453409147,105894.56646649819
-1559.2311928017298,105894.55584627762
-1559.260112816759,105894.53414051421
-1559.2890328319045,105894.51243475173
-1559.3177722271066,105894.50181453163
-1559.346692242485,105894.48010876775
-1559.3756122579216,105894.45840300526
-1559.3948320632335,105894.44762767851
-1559.423752078903,105894.4259219151
-1559.4526720946305,105894.40421615215
-1559.4814114879118,105894.39359593252
-1559.5103315063752,105894.3718901705
-1559.539251522452,105894.35018440848
-1559.5776911290013,105894.32863375451
-1559.5969109323341,105894.31785842637
-1559.625830951205,105894.29615266388
-1559.6547509677475,105894.2744469014
-1559.683490361611,105894.2638266841
-1559.7124103783863,105894.24212092115
-1559.7413303976646,105894.22041515913
-1559.7700697919354,105894.20979493996
-1559.7989898089436,105894.18808917888
-1559.8279098261846,105894.16638341639
-1559.8568298459286,105894.14467765437
-1559.8855692404322,105894.13405743707
-1559.9144892579643,105894.11235167505
-1559.9434092756128,105894.09064591397
-1559.96280970535,105894.06878504436
-1559.9915491000866,105894.05816482706
-1560.0204691180843,105894.03645906504
-1560.0493891361984,105894.01475330396
-1560.0781285336707,105894.00413308572
-1560.1070485520177,105893.98242732463
-1560.135968570481,105893.96072156494
-1560.1744081821525,105893.93917091144
-1560.2033282008488,105893.91746514989
-1560.232067596342,105893.90684493305
-1560.260987615271,105893.88513917197
-1560.289907636703,105893.86343341321
-1560.3093080651015,105893.8415725436
-1560.3380474608857,105893.8309523277
-1560.3669674802222,105893.80924656661
-1560.3958874996752,105893.78754080553
-1560.4248075217474,105893.7658350463
-1560.4537275414914,105893.74412928615
-1560.482466937683,105893.73350906838
-1560.5113869600464,105893.71180330915
-1560.5403069800814,105893.69009754993
-1560.5692270002328,105893.66839178978
-1560.5979663968901,105893.657771572
-1560.6268864196609,105893.63606581371
-1560.6558064401615,105893.61436005402
-1560.6847264607786,105893.5926542948
-1560.7136464815121,105893.57094853604
-1560.7519054720178,105893.56048342865
-1560.7808254929841,105893.5387776685
-1560.809745514067,105893.5170719088
-1560.8386655353243,105893.49536615005
-1560.8675855591428,105893.47366039129
-1560.8868053653277,105893.46288506733
-1560.9157253868761,105893.44117930811
-1560.944645408541,105893.41947354935
-1560.973565432767,105893.39776778966
-1561.0024854546646,105893.37606203184
-1561.0314054766786,105893.35435627401
-1561.0601448746165,105893.3437360581
-1561.0890648993081,105893.32203029981
-1561.1179849216132,105893.30032454105
-1561.146904944093,105893.2786187823
-1561.175824966689,105893.2569130254
-1561.2045643674792,105893.24629280949
-1561.2334843903081,105893.2245870526
-1561.2624044132535,105893.2028812943
-1561.300844027719,105893.18133064592
-1561.329764053342,105893.15962488763
-1561.3586840765784,105893.13791912934
-1561.3876041000476,105893.11621337244
-1561.4163434990915,105893.10559315793
-1561.4452635251218,105893.08388740057
-1561.4741835489403,105893.06218164368
-1561.5031035727588,105893.04047588492
-1561.532023596752,105893.01877012849
-1561.5609436233062,105892.9970643716
-1561.5898636475904,105892.9753586147
-1561.6186030472163,105892.96473840112
-1561.647523071617,105892.94303264469
-1561.676443098695,105892.92132688686
-1561.7053631233284,105892.8996211295
-1561.7342831481947,105892.87791537354
-1561.763203173119,105892.85620961571
-1561.7921232006047,105892.83450386068
-1561.821043225762,105892.81279810518
-1561.8497826260864,105892.80217789067
-1561.8882222433458,105892.78062724322
-1561.917142271297,105892.75892148772
-1561.9460622969782,105892.73721573176
-1561.9749823226593,105892.71550997673
-1562.0039023486315,105892.69380421983
-1562.0328223770484,105892.67209846433
-1562.0617424031952,105892.6503927079
-1562.0906624294585,105892.62868695147
-1562.1195824558963,105892.60698119737
-1562.1485024847789,105892.58527544094
-1562.1774225114495,105892.56356968498
-1562.2061619128217,105892.55294947373
-1562.235081939667,105892.5312437173
-1562.2735215610592,105892.50969307311
-1562.3024415881955,105892.48798731714
-1562.3313616154483,105892.46628156211
-1562.360281645204,105892.44457580801
-1562.3892016726313,105892.42287005158
-1562.4181217002915,105892.40116429795
-1562.4470417279517,105892.37945854291
-1562.4759617582313,105892.35775278788
-1562.514401378401,105892.33620214369
-1562.5433214064687,105892.31449638959
-1562.5722414371558,105892.29279063316
-1562.6011614654562,105892.27108488092
-1562.6300814938731,105892.24937912636
-1562.6588208966423,105892.23875891417
-1562.687740927795,105892.21705316054
-1562.716660956503,105892.19534740783
-1562.7455809854437,105892.1736416528
-1562.7745010145009,105892.1519358987
-1562.803421046061,105892.13023014506
-1562.8323410752928,105892.1085243905
-1562.8612611046992,105892.08681863733
-1562.890181134222,105892.06511288276
-1562.928620756371,105892.0435622409
-1562.9575407885714,105892.02185648726
-1562.9864608184434,105892.00015073316
-1563.015380848432,105891.97844497999
-1563.044300878595,105891.95673922729
-1563.0732209112612,105891.93503347365
-1563.1116605342831,105891.91348283133
-1563.1405805672985,105891.89177707909
-1563.169500597869,105891.87007132545
-1563.1984206286725,105891.84836557275
-1563.227340659534,105891.82665982051
-1563.2562606929569,105891.80495406734
-1563.2851807241095,105891.78324831463
-1563.3141007553204,105891.76154256193
-1563.3430207866477,105891.73983680969
-1563.3719408205943,105891.71813105745
-1563.4103804450715,105891.69658041652
-1563.4393004768062,105891.67487466382
-1563.4682205086574,105891.65316891205
-1563.4971405430697,105891.6314631598
-1563.52606057527,105891.60975740757
-1563.5549806074705,105891.58805165673
-1563.5839006397873,105891.56634590356
-1563.6128206747235,105891.54464015178
-1563.6417407072731,105891.52293440048
-1563.6801803330309,105891.50138376001
-1563.7091003658716,105891.47967800777
-1563.7380203988869,105891.45797225786
-1563.766940434347,105891.43626650563
-1563.795860467595,105891.41456075432
-1563.834300096496,105891.39301011525
-1563.8632201300352,105891.37130436348
-1563.8921401635744,105891.3495986131
-1563.9210601973464,105891.32789286226
-1563.949980233563,105891.30618711049
-1563.978900267568,105891.28448135965
-1564.007820301631,105891.26277560974
-1564.0367403358687,105891.24106985843
-1564.0656603726093,105891.21936410852
-1564.104100000346,105891.19781346992
-1564.1330200349912,105891.17610771861
-1564.1619400696945,105891.15440196777
-1564.190860106959,105891.13269621786
-1564.2197801418952,105891.11099046841
-1564.2487001769478,105891.0892847185
-1564.287320433068,105891.05664853752
-1564.3162404708564,105891.03494278714
-1564.3451605063165,105891.01323703723
-1564.3740805419511,105890.99153128732
-1564.403000577644,105890.96982553741
-1564.4414402095135,105890.9482749002
-1564.4703602455556,105890.92656915123
-1564.499280281656,105890.90486340225
-1564.5282003203174,105890.88315765187
-1564.5571203566506,105890.86145190196
-1564.5860403931001,105890.83974615345
-1564.6149604297243,105890.81804040447
-1564.6534000625834,105890.7964897668
-1564.6823200994404,105890.77478401829
-1564.7114207642735,105890.74199272646
-1564.740340803808,105890.72028697794
-1564.7692608410725,105890.69858122896
-1564.7981808784534,105890.67687547999
-1564.8271009159507,105890.65516973194
-1564.8655405474128,105890.6336190952
-1564.8944605876459,105890.61191334622
-1564.932900219399,105890.59036271041
-1564.961820259865,105890.5686569633
-1564.9907402980025,105890.54695121478
-1565.0198409644654,105890.51415992342
-1565.0487610027776,105890.49245417537
-1565.0776810437674,105890.47074842826
-1565.1066010824288,105890.44904267928
-1565.1355211212067,105890.4273369317
-1565.1739607541822,105890.40578629589
-1565.2028807956958,105890.38408054877
-1565.2318008347647,105890.36237480259
-1565.2607208740665,105890.34066905454
-1565.2896409134846,105890.31896330649
-1565.3187415838474,105890.28617201606
-1565.3571812178125,105890.26462138258
-1565.386101257638,105890.24291563546
-1565.415021297522,105890.22120988742
-1565.4439413376385,105890.19950414076
-1565.4728613801417,105890.17779839458
-1565.5113010148052,105890.15624775924
-1565.5404016863904,105890.12345646974
-1565.5693217269145,105890.10175072448
-1565.6077613621019,105890.08020009054
-1565.636681402917,105890.05849434389
-1565.6656014462933,105890.03678859677
-1565.6945214873413,105890.01508285012
-1565.723441528622,105889.9933771044
-1565.7525421988685,105889.96058581583
-1565.7909818348708,105889.93903518282
-1565.8199018788873,105889.91732943617
-1565.848821920692,105889.89562368998
-1565.8777419625549,105889.87391794473
-1565.9066620045342,105889.85221219901
-1565.9355820490746,105889.83050645329
-1565.9742023150902,105889.79787027836
-1566.0031223598635,105889.77616453264
-1566.0320424024248,105889.75445878599
-1566.0609624451026,105889.7327530412
-1566.0898824878386,105889.71104729595
-1566.1283221278572,105889.6894966648
-1566.1574228003155,105889.6567053753
-1566.1958624382387,105889.63515474414
-1566.2247824815568,105889.61344899982
-1566.2537025250494,105889.59174325457
-1566.2826225709869,105889.57003750978
-1566.3115426147124,105889.54833176546
-1566.340462658438,105889.52662601927
-1566.379082929343,105889.49398984574
-1566.4080029734178,105889.47228410235
-1566.436923017609,105889.45057835756
-1566.4658430643613,105889.4288726137
-1566.4947631087853,105889.40716686845
-1566.523683153384,105889.38546112552
-1566.5623034253367,105889.35282495199
-1566.5912234701682,105889.33111920813
-1566.6201435151743,105889.30941346427
-1566.6490635602968,105889.28770771995
-1566.6779836079804,105889.26600197516
-1566.7166038784198,105889.23336580256
-1566.7455239238916,105889.2116600601
-1566.7839635648415,105889.19010943035
-1566.812883613049,105889.16840368602
-1566.8418036589283,105889.1466979445
-1566.8709043349372,105889.11390665732
-1566.8998243811075,105889.09220091347
-1566.9382640252588,105889.07065028558
-1566.967184071662,105889.04894454218
-1566.9961041181814,105889.0272387988
-1567.0252047975664,105888.99444751255
-1567.054124844377,105888.97274177056
-1567.092564486782,105888.9511911422
-1567.1214845339418,105888.92948539881
-1567.1505852114642,105888.89669411303
-1567.1795052612433,105888.8749883715
-1567.2179449042887,105888.85343774362
-1567.246864954359,105888.83173200069
-1567.2757850020425,105888.8100262587
-1567.304885680438,105888.77723497292
-1567.333805728471,105888.75552923139
-1567.3722453747177,105888.73397860443
-1567.4106850187527,105888.712427977
-1567.4397856977303,105888.6796366917
-1567.4687057463452,105888.65793095017
-1567.4976257949602,105888.63622520864
-1567.5265458462527,105888.61451946665
-1567.5651661217562,105888.5818832973
-1567.5940861732815,105888.5601775567
-1567.6230062225368,105888.53847181518
-1567.6519262718502,105888.51676607272
-1567.6905465481104,105888.48412990384
-1567.7194666001596,105888.4624241637
-1567.7483866499388,105888.44071842125
-1567.777306699776,105888.41901268065
-1567.8159269768512,105888.3863765113
-1567.8448470269796,105888.36467077071
-1567.8737670797855,105888.34296503011
-1567.9026871300885,105888.32125928998
-1567.9317878117436,105888.288468007
-1567.9702274610172,105888.26691738097
-1567.999147511844,105888.24521164037
-1568.037587158964,105888.22366101574
-1568.0666878437041,105888.1908697323
-1568.0956078949966,105888.16916399216
-1568.1340475425823,105888.1476133666
-1568.1631482254597,105888.11482208408
-1568.1920682771015,105888.09311634488
-1568.2209883313044,105888.07141060475
-1568.259427979472,105888.04985998012
-1568.2885286654346,105888.01706869807
-1568.3174487176584,105887.9953629584
-1568.3463687698822,105887.97365721827
-1568.384989052778,105887.94102105219
-1568.4139091054094,105887.91931531299
-1568.442829158157,105887.89760957286
-1568.471749210963,105887.87590383319
-1568.5103694921709,105887.84326766757
-1568.5392895477125,105887.82156192884
-1568.568209600926,105887.79985618964
-1568.5973102861317,105887.76706490759
-1568.635749938665,105887.74551428529
-1568.6741895890445,105887.72396366205
-1568.70310964284,105887.70225792332
-1568.7322103311308,105887.6694666422
-1568.7611303852173,105887.64776090393
-1568.7995700361207,105887.62621028163
-1568.8286707224906,105887.59341900004
-1568.8575907769846,105887.57171326224
-1568.8865108339814,105887.55000752443
-1568.9251311176922,105887.51737135835
-1568.9540511725936,105887.49566562101
-1568.9829712300561,105887.47395988321
-1569.0118912851904,105887.4522541454
-1569.050511569716,105887.41961798165
-1569.0794316275278,105887.39791224338
-1569.1083516831277,105887.37620650465
-1569.1374523710692,105887.34341522492
-1569.1758920239517,105887.32186460402
-1569.2048120799009,105887.30015886668
-1569.2339127708692,105887.26736758603
-1569.2723524242174,105887.24581696512
-1569.3107920801267,105887.22426634515
-1569.3398927692324,105887.19147506543
-1569.36881282588,105887.16976932809
-1569.397732882644,105887.14806359168
-1569.436353169498,105887.11542742746
-1569.4652732289396,105887.09372169152
-1569.4941932861693,105887.07201595465
-1569.5328135759337,105887.03937979229
-1569.5617336334544,105887.01767405495
-1569.5906536910334,105886.99596831948
-1569.6197543815942,105886.96317704022
-1569.658194039308,105886.94162642118
-1569.6871140973526,105886.9199206843
-1569.7162147884956,105886.88712940505
-1569.754654444172,105886.86557878647
-1569.7835745026823,105886.84387305053
-1569.8126751966192,105886.81108177267
-1569.8415952553623,105886.78937603626
-1569.880034914182,105886.76782541815
-1569.9186552038882,105886.73518925719
-1569.9475752630387,105886.71348352032
-1569.9766759554623,105886.68069224292
-1570.015115612594,105886.65914162481
-1570.0440356745385,105886.63743588934
-1570.0731363674859,105886.60464461148
-1570.102056427335,105886.58293887554
-1570.1404960874934,105886.56138825929
-1570.1695967809646,105886.52859698143
-1570.198516841163,105886.50689124595
-1570.2369565018453,105886.48534062877
-1570.2660571957822,105886.45254935184
-1570.2949772564461,105886.43084361637
-1570.3238973172265,105886.40913788369
-1570.3625176096102,105886.37650172226
-1570.3914376731263,105886.35479598818
-1570.4205383679364,105886.32200471126
-1570.4589780297247,105886.30045409454
-1570.4878980912035,105886.2787483614
-1570.5169987864792,105886.24595708307
-1570.5554384487914,105886.22440646729
-1570.5845391444745,105886.19161519082
-1570.6229788047494,105886.17006457457
-1570.6518988668686,105886.14835884143
-1570.6809995630756,105886.1155675645
-1570.7194392261445,105886.09401694871
-1570.7483592887293,105886.07231121557
-1570.7774599854602,105886.03951993864
-1570.8158996490529,105886.01796932472
-1570.8448197120451,105885.99626359064
-1570.8739204092417,105885.96347231418
-1570.9028404749697,105885.94176658196
-1570.941460770904,105885.90913042426
-1570.9703808344202,105885.88742469065
-1570.9993008981692,105885.8657189589
-1571.0379211971303,105885.83308280027
-1571.0668412611121,105885.81137706805
-1571.0957613252103,105885.78967133677
-1571.1343816247536,105885.75703517813
-1571.1633016890846,105885.73532944638
-1571.2019219865906,105885.70269328915
-1571.230842051329,105885.68098755786
-1571.269281717192,105885.65943694348
-1571.2983824166586,105885.62664566794
-1571.327302481688,105885.60493993666
-1571.3659227826865,105885.57230378082
-1571.3948428480653,105885.55059804814
-1571.4237629135605,105885.52889231779
-1571.462383212638,105885.49625616008
-1571.4913032784825,105885.47455042973
-1571.5202233468299,105885.45284469845
-1571.5493240476353,105885.42005342385
-1571.5877637151862,105885.39850281086
-1571.6168644163408,105885.36571153719
-1571.6457844827673,105885.34400580684
-1571.6842241483973,105885.32245519431
-1571.7133248524042,105885.28966392018
-1571.7422449193546,105885.26795818936
-1571.7808652204694,105885.23532203445
-1571.8097852875944,105885.2136163041
-1571.848405591445,105885.18098014966
-1571.8773256589193,105885.15927441837
-1571.9157653257134,105885.13772380678
-1571.944866031059,105885.10493253358
-1571.9737860989408,105885.08322680322
-1572.0124064013944,105885.05059064971
-1572.0413264695671,105885.02888491936
-1572.0702465379145,105885.00717918947
-1572.108866843395,105884.97454303503
-1572.137786911917,105884.95283730514
-1572.166887618485,105884.92004603334
-1572.2053272867342,105884.89849542221
-1572.234247355722,105884.87678969232
-1572.2633480603108,105884.84399842005
-1572.3017877290258,105884.82244781032
-1572.3308884364087,105884.78965653805
-1572.3598085060366,105884.7679508091
-1572.3984288133215,105884.73531465512
-1572.427348883124,105884.71360892663
-1572.4562689531595,105884.6919031986
-1572.4948892585235,105884.65926704556
-1572.5333289284608,105884.63771643536
-1572.562429637066,105884.60492516402
-1572.6008693072945,105884.58337455522
-1572.6299700163072,105884.55058328388
-1572.6588900871575,105884.52887755586
-1572.6973297578515,105884.50732694613
-1572.72643046733,105884.47453567525
-1572.7553505386459,105884.45282994723
-1572.7939708458725,105884.42019379605
-1572.8228909174213,105884.39848806802
-1572.8519916251535,105884.36569679622
-1572.89043129934,105884.34414618928
-1572.9193513712962,105884.32244046126
-1572.9579716819571,105884.28980431007
-1572.9868917542044,105884.26809858298
-1573.0159924628679,105884.23530731071
-1573.0544321354246,105884.21375670377
-1573.0835328444373,105884.18096543383
-1573.1124529196532,105884.15925970674
-1573.1510732290335,105884.12662355648
-1573.1895129047916,105884.10507294908
-1573.2186136144446,105884.07228167914
-1573.247533687856,105884.05057595251
-1573.2861539981095,105884.01793980226
-1573.3150740718702,105883.99623407517
-1573.3441747846082,105883.96344280615
-1573.3826144589111,105883.94189219968
-1573.411534533021,105883.92018647306
-1573.4501548466505,105883.8875503242
-1573.4790749211097,105883.86584459757
-1573.5081756323343,105883.83305332903
-1573.5466153074522,105883.81150272209
-1573.5757160214707,105883.77871145448
-1573.6141556969378,105883.75716084754
-1573.6432564113056,105883.72436957806
-1573.6721764865797,105883.70266385423
-1573.7107967994525,105883.67002770538
-1573.7397168750176,105883.64832198014
-1573.7783371882979,105883.6156858299
-1573.8167768671992,105883.59413522575
-1573.8458775802283,105883.5613439572
-1573.8747976588202,105883.53963823244
-1573.9134179729153,105883.50700208545
-1573.9423380493536,105883.48529635882
-1573.9809583638562,105883.45266021136
-1574.0098784405272,105883.43095448706
-1574.0387985198759,105883.40924876137
-1574.0774188349023,105883.3766126153
-1574.1063389144838,105883.35490688961
-1574.144959229976,105883.32227074448
-1574.1738793073455,105883.30056501878
-1574.2124996233033,105883.26792887226
-1574.241419701022,105883.24622314796
-1574.270520418766,105883.21343187988
-1574.3089600977837,105883.19188127806
-1574.3380608158768,105883.15909001138
-1574.3765004952438,105883.1375394077
-1574.4056012112414,105883.10474814055
-1574.4345212898916,105883.08304241626
-1574.4731416073628,105883.05040627159
-1574.511761927628,105883.01777012506
-1574.5406820066273,105882.99606440263
-1574.5793023271253,105882.9634282561
-1574.6082224065321,105882.94172253273
-1574.6468427251093,105882.9090863876
-1574.6757628046907,105882.8873806647
-1574.7046828844468,105882.86567494087
-1574.7433032060508,105882.8330387962
-1574.7722232860979,105882.81133307423
-1574.8108436081093,105882.77869692957
-1574.8399443264934,105882.74590566475
-1574.8783840084216,105882.72435506154
-1574.907484727155,105882.69156379625
-1574.9364048079588,105882.66985807428
-1574.975025131018,105882.63722193008
-1575.0039452120545,105882.61551620858
-1575.0425655355211,105882.58288006252
-1575.0714856168488,105882.56117434194
-1575.1101059382781,105882.52853819728
-1575.1485456239898,105882.50698759826
-1575.1776463441784,105882.4741963325
-1575.2160860277945,105882.45264573209
-1575.245186750777,105882.4198544668
-1575.2838070732541,105882.387218324
-1575.3127271556878,105882.36551260343
-1575.3513474785723,105882.3328764597
-1575.3802675636834,105882.31117073912
-1575.4188878870336,105882.27853459632
-1575.4478079701075,105882.25682887528
-1575.4769086942542,105882.22403761
-1575.515348379442,105882.20248701237
-1575.5444491016096,105882.16969574755
-1575.5828887871467,105882.14814514946
-1575.6119895121083,105882.1153538851
-1575.6504291979363,105882.09380328609
-1575.6795299208607,105882.06101202173
-1575.7179696070962,105882.03946142457
-1575.7470703327563,105882.00667016115
-1575.785510019341,105881.98511956213
-1575.8146107454086,105881.95232829917
-1575.853231071378,105881.9196921587
-1575.8821511561982,105881.89798643813
-1575.9207714826334,105881.86535029812
-1575.9496915678028,105881.84364457754
-1575.9883118970902,105881.811008438
-1576.0174126217607,105881.77821717411
-1576.0558523122454,105881.75666657789
-1576.0849530372652,105881.72387531446
-1576.1233927255962,105881.7023247173
-1576.1524934510235,105881.66953345481
-1576.1909331420902,105881.64798285859
-1576.2200338678667,105881.6151915961
-1576.2584735569544,105881.5936409994
-1576.287574285525,105881.56084973738
-1576.3261946144048,105881.52821359783
-1576.3551147013786,105881.50650787912
-1576.3937350331107,105881.47387173912
-1576.4226551203756,105881.4521660218
-1576.4612754501286,105881.41952988319
-1576.4998957801145,105881.38689374411
-1576.528815867845,105881.36518802587
-1576.5674362006248,105881.33255188633
-1576.5963562886463,105881.31084616808
-1576.6349766218918,105881.278210029
-1576.6640773500549,105881.24541876977
-1576.7025170413544,105881.22386817401
-1576.731617769925,105881.19107691385
-1576.7700574640185,105881.16952631762
-1576.7991581929382,105881.13673505699
-1576.8375978873228,105881.1151844631
-1576.8666986165335,105881.082393202
-1576.9053189490805,105881.04975706432
-1576.9342390385573,105881.02805134794
-1576.9728593738982,105880.99541521026
-1577.001779463666,105880.97370949294
-1577.040399797028,105880.94107335573
-1577.0695005297894,105880.90828209696
-1577.1079402207397,105880.8867315026
-1577.1370409539668,105880.85394024244
-1577.1756612880854,105880.82130410476
-1577.2141009845072,105880.79975351179
-1577.2432017158135,105880.76696225256
-1577.281641410198,105880.74541166052
-1577.3107421417371,105880.71262040036
-1577.3493624794064,105880.67998426454
-1577.3782825709204,105880.65827854816
-1577.416902908939,105880.62564241281
-1577.4458230006858,105880.60393669689
-1577.4844433367252,105880.57130056154
-1577.5135440694867,105880.53850930184
-1577.5519837676547,105880.51695871074
-1577.5810845007654,105880.48416745197
-1577.619524196838,105880.46261685947
-1577.6486249327427,105880.4298256007
-1577.687245270121,105880.39718946721
-1577.716165363032,105880.37548375083
-1577.7547857007594,105880.34284761641
-1577.7932254001498,105880.32129702531
-1577.822326134541,105880.28850576747
-1577.860946472967,105880.25586963305
-1577.8993861728813,105880.23431904148
-1577.9284869078547,105880.20152778365
-1577.9671072469791,105880.16889165016
-1577.996027343499,105880.14718593564
-1578.034647683031,105880.11454980215
-1578.0637484187027,105880.08175854431
-1578.1021881196648,105880.06020795461
-1578.1312888558023,105880.0274166963
-1578.1697285546688,105880.00586610753
-1578.1988292911556,105879.97307484923
-1578.2374496319098,105879.9404387162
-1578.266369729652,105879.91873300355
-1578.3049900707556,105879.88609687099
-1578.3434297729982,105879.86454628129
-1578.3725305104163,105879.83175502438
-1578.4111508522183,105879.79911889229
-1578.4400709482143,105879.7774131787
-1578.4786912929267,105879.74477704661
-1578.5077920310432,105879.7119857897
-1578.5462317318888,105879.69043520093
-1578.5848520747968,105879.65779907024
-1578.613952815882,105879.62500781473
-1578.6523925173678,105879.60345722502
-1578.6910128633026,105879.57082109386
-1578.7201136025833,105879.53802983835
-1578.7585533044767,105879.51647925051
-1578.7876540441066,105879.483687995
-1578.8260937489104,105879.46213740716
-1578.8551944888895,105879.42934615165
-1578.8938148360467,105879.39671002096
-1578.9227349342545,105879.3750043097
-1578.9613552794326,105879.34236817947
-1578.99997562496,105879.3097320483
-1579.02889572602,105879.28802633611
-1579.0675160718965,105879.25539020682
-1579.0966168132145,105879.22259895131
-1579.135056517087,105879.2010483644
-1579.1641572588123,105879.16825710982
-1579.2025969654787,105879.14670652337
-1579.2412173148477,105879.11407039501
-1579.2798376595601,105879.08143426478
-1579.3089384044288,105879.04864301113
-1579.3473781094654,105879.02709242469
-1579.3764788546832,105878.99430117011
-1579.4150992027135,105878.96166504081
-1579.4440193031915,105878.93995933142
-1579.4826396516291,105878.90732320258
-1579.5210793599254,105878.88577261707
-1579.550180103688,105878.85298136389
-1579.5888004552107,105878.82034523506
-1579.6177205564454,105878.79863952473
-1579.6563409059308,105878.7660033973
-1579.6949612557073,105878.73336726893
-1579.7238813597942,105878.71166155953
-1579.762501709978,105878.67902543116
-1579.7916024550213,105878.64623417845
-1579.8300421625609,105878.6246835948
-1579.8686625158298,105878.5920474669
-1579.897763261397,105878.55925621418
-1579.9363836150733,105878.52662008768
-1579.9748233233113,105878.50506950356
-1580.0134436750086,105878.47243337659
-1580.0425444213906,105878.43964212434
-1580.0809841327136,105878.41809153976
-1580.110084879445,105878.38530028798
-1580.1487052319571,105878.35266416287
-1580.1871449437458,105878.33111357875
-1580.2162456910592,105878.2983223265
-1580.2548660442699,105878.26568620186
-1580.2837861509179,105878.243980492
-1580.322406504536,105878.2113443669
-1580.361026858387,105878.17870824086
-1580.3899469655007,105878.15700253332
-1580.4285673197592,105878.12436640775
-1580.4671876742505,105878.09173028264
-1580.4962884230772,105878.05893903086
-1580.5347281367285,105878.03738844907
-1580.5638288859045,105878.00459719822
-1580.602449241269,105877.97196107451
-1580.6410695968661,105877.93932494894
-1580.679509311216,105877.91777436761
-1580.7086100612069,105877.88498311723
-1580.747230419889,105877.85234699305
-1580.7856701323763,105877.83079641173
-1580.8147708829492,105877.79800516134
-1580.8533912422718,105877.76536903763
-1580.891830955341,105877.74381845677
-1580.9209317064378,105877.71102720732
-1580.9595520640141,105877.67839108221
-1580.9884721712442,105877.65668537561
-1581.0270925316727,105877.6240492519
-1581.065712892334,105877.59141312959
-1581.094633000088,105877.56970742345
-1581.1332533587702,105877.53707130067
-1581.171873717627,105877.50443517836
-1581.2007938282331,105877.48272947222
-1581.2394141875557,105877.45009334804
-1581.2685149405152,105877.41730209906
-1581.3069546556799,105877.39575152006
-1581.3457556626527,105877.35202985583
-1581.384195378283,105877.3304792759
-1581.413296134444,105877.29768802738
-1581.4519164926605,105877.26505190507
-1581.4903562112013,105877.24350132747
-1581.519456965616,105877.21071007801
-1581.558077329304,105877.1780739571
-1581.5965170459822,105877.15652337857
-1581.6256178009207,105877.12373213004
-1581.6642381652491,105877.09109600913
-1581.702858527482,105877.05845988775
-1581.7317786379717,105877.03675418347
-1581.770399000612,105877.00411806256
-1581.8090193658136,105876.9714819421
-1581.8379394768272,105876.94977623736
-1581.8765598424943,105876.91714011738
-1581.9151802059496,105876.8845039974
-1581.9441003174288,105876.86279829266
-1581.9827206813497,105876.8301621736
-1582.0213410478318,105876.79752605222
-1582.0599614122766,105876.76488993363
-1582.0890621697763,105876.73209868604
-1582.1275018915767,105876.71054810937
-1582.1661222566618,105876.67791198986
-1582.1952230146271,105876.64512074273
-1582.233662734623,105876.62357016839
-1582.272283102735,105876.59093404934
-1582.3013838612824,105876.55814280175
-1582.3398235843051,105876.53659222601
-1582.3784439506126,105876.50395610789
-1582.407544709742,105876.47116486123
-1582.4459844332887,105876.44961428689
-1582.4846048002364,105876.4169781683
-1582.513705559948,105876.38418692164
-1582.5523259274196,105876.35155080445
-1582.5907656516647,105876.33000022965
-1582.6198664119001,105876.29720898345
-1582.658486780012,105876.26457286626
-1582.6969265023945,105876.24302229192
-1582.7260272656567,105876.21023104759
-1582.764647634467,105876.17759492807
-1582.8032680058386,105876.14495881181
-1582.8321881211596,105876.12325310893
-1582.870808490552,105876.09061699267
-1582.909428862622,105876.05798087595
-1582.9385296246037,105876.02518962976
-1582.9769693484996,105876.00363905728
-1583.0155897188233,105875.97100294102
-1583.044690481387,105875.93821169576
-1583.0831302081933,105875.91666112328
-1583.121750581544,105875.88402500749
-1583.1508513446897,105875.85123376315
-1583.1892910696915,105875.82968319021
-1583.2279114412377,105875.79704707395
-1583.2570122074103,105875.76425583055
-1583.2956325794803,105875.73161971522
-1583.3340723051806,105875.71006914275
-1583.3631730694324,105875.67727789795
-1583.4017934445292,105875.64464178355
-1583.4402331708698,105875.62309121201
-1583.4788535439293,105875.59045509761
-1583.507954308996,105875.55766385328
-1583.546574685024,105875.52502773888
-1583.5754948036047,105875.50332203833
-1583.6141151800402,105875.47068592487
-1583.652735554264,105875.43804981094
-1583.6816556734266,105875.41634410946
-1583.7202760505024,105875.38370799646
-1583.7588964253664,105875.35107188253
-1583.7878165449365,105875.32936618337
-1583.8264369202661,105875.29673006805
-1583.8555376896402,105875.26393882651
-1583.8939774181927,105875.24238825636
-1583.9325977966073,105875.20975214383
-1583.961698564177,105875.17696090043
-1584.0001382933115,105875.15541033167
-1584.0387586698635,105875.12277421821
-1584.0678594404599,105875.0899829762
-1584.1062991701183,105875.06843240606
-1584.135399938561,105875.03564116452
-1584.1740203160443,105875.00300505199
-1584.212640696147,105874.97036894038
-1584.2510804266203,105874.94881837163
-1584.2801811982645,105874.9160271287
-1584.318801576621,105874.88339101756
-1584.357241307618,105874.86184044834
-1584.3863420774578,105874.82904920774
-1584.424962458841,105874.79641309567
-1584.4538825813797,105874.77470739745
-1584.492502960784,105874.74207128678
-1584.5311233428074,105874.7094351761
-1584.5600434658118,105874.68772947835
-1584.5986638459144,105874.65509336721
-1584.6372842261917,105874.62245725607
-1584.6662043520482,105874.60075155925
-1584.7048247327912,105874.56811544811
-1584.7339255068218,105874.53532420797
-1584.772365240031,105874.51377364062
-1584.8109856214141,105874.48113753088
-1584.8400863936404,105874.44834629074
-1584.878706777934,105874.41571018007
-1584.9171465118416,105874.39415961318
-1584.9462472846499,105874.36136837397
-1584.984867667139,105874.3287322647
-1585.0233074040152,105874.3071816992
-1585.0524081774056,105874.27439045999
-1585.0910285629798,105874.24175434932
-1585.1199486884288,105874.22004865296
-1585.1585690719076,105874.18741254369
-1585.1874891976477,105874.1657068478
-1585.2261095839785,105874.13307073899
-1585.2647299682721,105874.10043463111
-1585.2936500968062,105874.07872893568
-1585.3322704790044,105874.04609282687
-1585.3613712565275,105874.01330158766
-1585.3998109928798,105873.9917510231
-1585.4289117707522,105873.95895978436
-1585.4673515075701,105873.9374092198
-1585.496452283347,105873.90461798105
-1585.5350726692122,105873.87198187318
-1585.573693057755,105873.8393457667
-1585.6026131852996,105873.81764007173
-1585.6412335742498,105873.78500396432
-1585.6796733096708,105873.76345339976
-1585.7087740889983,105873.73066216195
-1585.7473944762023,105873.698026055
-1585.77631460689,105873.67632036051
-1585.8149349944433,105873.6436842531
-1585.8440357721993,105873.61089301575
-1585.8824755111127,105873.58934245352
-1585.9115762915462,105873.55655121664
-1585.950016030809,105873.53500065207
-1585.9791168092052,105873.50220941566
-1586.0177372004837,105873.46957330918
-1586.0561769403284,105873.44802274555
-1586.0852777193068,105873.4152315096
-1586.1237174618873,105873.39368094597
-1586.1528182411566,105873.36088971049
-1586.1914386311546,105873.32825360494
-1586.2203587638214,105873.3065479123
-1586.2589791541686,105873.27391180629
-1586.2975995447487,105873.24127570074
-1586.3265196754364,105873.21957000857
-1586.3651400688104,105873.18693390395
-1586.3940601998474,105873.16522820946
-1586.4326805913006,105873.13259210577
-1586.4617813723162,105873.09980086982
-1586.5002211168176,105873.07825030852
-1586.5293218981242,105873.0454590735
-1586.5582420298597,105873.02375338087
-1586.596862424747,105872.99111727718
-1586.6257825568318,105872.96941158408
-1586.6644029496238,105872.93677548086
-1586.69350373192,105872.90398424445
-1586.7319434776437,105872.88243368501
-1586.761044260289,105872.84964244952
-1586.799484006362,105872.82809188962
-1586.8285847892985,105872.79530065553
-1586.8670245333342,105872.77375009423
-1586.8961253167363,105872.74095886061
-1586.9347457136028,105872.70832275739
-1586.9636658470845,105872.68661706569
-1587.0022862420883,105872.65398096293
-1587.0312063783058,105872.6322752717
-1587.069826773717,105872.5996391694
-1587.0989275581087,105872.56684793485
-1587.1278476924053,105872.54514224408
-1587.166468090727,105872.51250614133
-1587.1953882253147,105872.49080045056
-1587.234008624102,105872.45816434827
-1587.2629287589807,105872.43645865889
-1587.2920295444783,105872.4036674248
-1587.3304692909005,105872.3821168663
-1587.3595700766891,105872.34932563314
-1587.3980098259635,105872.32777507557
-1587.4271106121596,105872.29498384194
-1587.4560307478532,105872.27327815071
-1587.4946511483286,105872.24064205028
-1587.523571284255,105872.21893636044
-1587.5621916826349,105872.18630026048
-1587.5912924697623,105872.1535090264
-1587.6297322202008,105872.13195846928
-1587.6588330076193,105872.09916723706
-1587.6877531443024,105872.07746154675
-1587.7263735461747,105872.04482544726
-1587.7552936832653,105872.02311975788
-1587.784394471324,105871.99032852612
-1587.8228342203656,105871.96877796855
-1587.8519350113347,105871.93598673679
-1587.880855148891,105871.91428104741
-1587.919475549541,105871.88164494745
-1587.9483956897748,105871.85993925948
-1587.9774964790558,105871.82714802772
-1588.0159362290287,105871.80559747107
-1588.0448563697282,105871.78389178263
-1588.073957159475,105871.75110055087
-1588.1123969098553,105871.72954999562
-1588.1414977000095,105871.69675876526
-1588.1704178388463,105871.67505307589
-1588.2090382436872,105871.64241697639
-1588.2379583828151,105871.62071128935
-1588.2670591735514,105871.58792005759
-1588.3054989274824,105871.56636950327
-1588.3345997186261,105871.53357827151
-1588.363519858336,105871.511872584
-1588.3926206521573,105871.47908135364
-1588.431060404284,105871.45753079839
-1588.4599805444595,105871.43582511134
-1588.4890813364182,105871.40303388005
-1588.5180014767684,105871.38132819394
-1588.5566218838212,105871.3486920963
-1588.5855420244625,105871.32698640926
-1588.6144621652784,105871.30528072268
-1588.6435629604384,105871.27248949232
-1588.6820027139038,105871.25093893753
-1588.7111035070848,105871.2181477081
-1588.7400236508693,105871.19644202059
-1588.7689437923254,105871.17473633494
-1588.798044585972,105871.14194510505
-1588.8364843401941,105871.1203945512
-1588.8655851342482,105871.08760332223
-1588.894505278673,105871.06589763612
-1588.9331256856094,105871.03326153988
-1588.9620458303252,105871.0115558533
-1588.990965972771,105870.98985016672
-1589.0200667675817,105870.95705893775
-1589.0489869103185,105870.93535325257
-1589.087607320631,105870.90271715587
-1589.1165274636587,105870.88101147022
-1589.145447606803,105870.85930578504
-1589.1745484048733,105870.82651455607
-1589.2034685482504,105870.80480887135
-1589.2419083046261,105870.78325831844
-1589.271009100834,105870.75046708947
-1589.2999292446766,105870.72876140475
-1589.3288493885193,105870.70705571957
-1589.3579501876375,105870.67426449154
-1589.3868703318294,105870.65255880589
-1589.4253100915812,105870.6310082553
-1589.4544108887203,105870.59821702726
-1589.4833310333197,105870.57651134254
-1589.5124318308663,105870.54372011451
-1589.5413519781432,105870.52201442933
-1589.5702721230919,105870.50030874461
-1589.6088925342774,105870.4676726507
-1589.6378126819618,105870.44596696692
-1589.6667328274343,105870.42426128313
-1589.695833625854,105870.3914700551
-1589.7247537715593,105870.36976437038
-1589.7536739198258,105870.34805868659
-1589.7827747187112,105870.31526745902
-1589.811694864824,105870.2935617757
-1589.850134624401,105870.27201122465
-1589.8792354238685,105870.23921999848
-1589.908155572717,105870.21751431469
-1589.9370757193537,105870.19580863137
-1589.966176519345,105870.1630174052
-1589.9950966662145,105870.14131172001
-1590.024016815587,105870.1196060367
-1590.0529369628057,105870.0979003543
-1590.0915573769016,105870.0652642618
-1590.1204775266815,105870.04355857847
-1590.1495783276623,105870.01076735277
-1590.1784984753467,105869.98906166852
-1590.2074186231475,105869.96735598659
-1590.2363387735095,105869.94565030374
-1590.2654395750724,105869.9128590785
-1590.2943597232224,105869.89115339378
-1590.3232798716053,105869.86944771232
-1590.3523806760786,105869.83665648615
-1590.381300824578,105869.81495080423
-1590.41022097331,105869.79324512137
-1590.4391411221586,105869.77153943991
-1590.477761541144,105869.73890334927
-1590.5066816902254,105869.71719766641
-1590.5356018394814,105869.69549198402
-1590.5647026450606,105869.66270075878
-1590.5936227946077,105869.64099507686
-1590.6225429442711,105869.6192893954
-1590.6514630939928,105869.59758371301
-1590.6805639002123,105869.56479248777
-1590.709484050225,105869.54308680724
-1590.7384042004123,105869.52138112485
-1590.7675050046528,105869.48858990055
-1590.7964251575759,105869.46688421955
-1590.8253453080542,105869.44517853763
-1590.8542654587072,105869.42347285617
-1590.8833662637044,105869.39068163093
-1590.9122864169767,105869.36897594994
-1590.9412065680372,105869.34727026988
-1590.970126719214,105869.32556458889
-1590.999227524735,105869.29277336458
-1591.0281476786477,105869.27106768358
-1591.0665874445112,105869.24951713858
-1591.0955075962702,105869.22781145805
-1591.1246084024315,105869.19502023375
-1591.1535285544232,105869.17331455415
-1591.182448708918,105869.15160887316
-1591.2113688611425,105869.12990319263
-1591.2404696679441,105869.09711196972
-1591.269389820518,105869.07540628873
-1591.2983099755365,105869.05370060913
-1591.3272301282268,105869.03199492907
-1591.3563309356687,105868.9992037057
-1591.3852510887082,105868.97749802424
-1591.4141712442506,105868.95579234697
-1591.443091397523,105868.93408666598
-1591.472192205605,105868.90129544353
-1591.5011123591103,105868.87958976254
-1591.5300325151766,105868.85788408387
-1591.5589526689146,105868.83617840568
-1591.587872822769,105868.81447272515
-1591.616973631666,105868.78168150177
-1591.645893788198,105868.75997582357
-1591.674813942518,105868.73827014444
-1591.7037340968382,105868.71656446485
-1591.7328349063173,105868.68377324333
-1591.7617550634313,105868.66206756467
-1591.7811556033557,105868.64020674909
-1591.8100757605862,105868.61850107042
-1591.8486961832969,105868.5858649849
-1591.8776163408766,105868.5641593053
-1591.906536496128,105868.5424536271
-1591.9354566516122,105868.5207479489
-1591.9550378497224,105868.48780159093
-1591.9839580054395,105868.4660959118
-1592.0128781611566,105868.4443902336
-1592.041798319493,105868.42268455587
-1592.070718475501,105868.4009788786
-1592.0998192870175,105868.3681876557
-1592.1287394433166,105868.34648197843
-1592.1576596021187,105868.3247763007
-1592.1865797586506,105868.30307062296
-1592.2154999153572,105868.28136494523
-1592.2446007276303,105868.24857372371
-1592.273520886898,105868.22686804645
-1592.302441044012,105868.20516236918
-1592.3313612012425,105868.18345669191
-1592.360281358473,105868.16175101418
-1592.3893821740057,105868.12895979313
-1592.4183023315854,105868.1072541154
-1592.4472224892233,105868.08554843906
-1592.4761426470359,105868.06384276226
-1592.5052434631507,105868.03105154168
-1592.5341636212543,105868.00934586488
-1592.563083779416,105867.98764018808
-1592.5920039377525,105867.96593451174
-1592.6114044805872,105867.94407369755
-1592.6405052974587,105867.91128247837
-1592.6694254562026,105867.88957680203
-1592.6983456149464,105867.86787112523
-1592.7272657739231,105867.84616544843
-1592.7561859354028,105867.82445977116
-1592.785106094554,105867.80275409669
-1592.814206909854,105867.7699628761
-1592.8431270693545,105867.74825719977
-1592.8720472312998,105867.7265515225
-1592.9009673910332,105867.7048458485
-1592.9298875507666,105867.68314017262
-1592.9494687510887,105867.65019381605
-1592.987908529467,105867.62864327803
-1593.0168286897242,105867.60693760123
-1593.0362292340724,105867.58507678937
-1593.0651493945043,105867.5633711135
-1593.0940695549943,105867.5416654381
-1593.1231703745434,105867.50887421891
-1593.1520905353245,105867.4871685435
-1593.181010696222,105867.46546286764
-1593.2099308572942,105867.44375719316
-1593.2388510209275,105867.42205151869
-1593.2677711822325,105867.40034584375
-1593.2873523839517,105867.36739948811
-1593.3162725479924,105867.3456938127
-1593.3451927096467,105867.3239881387
-1593.3741128714755,105867.30228246283
-1593.4030330358073,105867.28057678882
-1593.4319531978108,105867.25887111481
-1593.4610540167196,105867.22607989609
-1593.489974178956,105867.20437422162
-1593.5188943437533,105867.18266854668
-1593.547814506339,105867.16096287454
-1593.5767346689827,105867.13925719913
-1593.5963158722734,105867.10631084349
-1593.6252360352082,105867.08460517041
-1593.6541562005877,105867.06289949594
-1593.6830763637554,105867.04119382193
-1593.7119965270394,105867.01948814839
-1593.74091669044,105866.99778247438
-1593.7700175134232,105866.96499125706
-1593.7989376771147,105866.94328558352
-1593.818338224315,105866.92142477259
-1593.8472583881812,105866.89971909858
-1593.876178552222,105866.87801342644
-1593.9050987163791,105866.85630775196
-1593.9340188830392,105866.83460207935
-1593.9631197046256,105866.80181086203
-1593.992039869132,105866.78010518989
-1594.0209600337548,105866.75839951634
-1594.0403605842148,105866.73653870448
-1594.0692807490705,105866.71483303234
-1594.0982009164873,105866.6931273588
-1594.1273017389467,105866.66033614287
-1594.1562219042098,105866.63863047073
-1594.1851420695893,105866.61692479765
-1594.21406223753,105866.59521912457
-1594.2429824031424,105866.57351345336
-1594.2623829519725,105866.5516526429
-1594.2913031177595,105866.52994696982
-1594.3202232837211,105866.50824129814
-1594.3493241098477,105866.47545008222
-1594.378244276042,105866.4537444096
-1594.4071644424694,105866.43203873653
-1594.4265649918234,105866.41017792793
-1594.4554851584835,105866.38847225625
-1594.4844053275883,105866.36676658271
-1594.5133254943648,105866.34506091196
-1594.5424263190944,105866.31226969743
-1594.5713464862201,105866.29056402529
-1594.6002666557906,105866.26885835407
-1594.6196672059014,105866.24699754454
-1594.6485873733182,105866.22529187193
-1594.6775075433543,105866.20358620025
-1594.7066083688987,105866.17079498619
-1594.7355285367812,105866.14908931451
-1594.7644487047219,105866.1273836433
-1594.7933688751655,105866.10567797255
-1594.812769426033,105866.08381716255
-1594.8416895943228,105866.0621114918
-1594.870609762671,105866.04040582152
-1594.899529931252,105866.01870014938
-1594.9286307605216,105865.98590893578
-1594.9575509292772,105865.9642032655
-1594.9769514806685,105865.9423424555
-1595.0058716497151,105865.92063678568
-1595.03479181882,105865.8989311154
-1595.063711990486,105865.87722544558
-1595.0926321598236,105865.85551977344
-1595.121552329394,105865.83381410409
-1595.1411335422308,105865.8008677517
-1595.1700537119177,105865.77916208236
-1595.1989738817792,105865.75745641207
-1595.2278940518154,105865.7357507404
-1595.2568142242962,105865.71404507151
-1595.2857343945652,105865.69233940169
-1595.3146545648924,105865.67063373234
-1595.3342357762158,105865.63768737996
-1595.363155946834,105865.61598171107
-1595.3920761199552,105865.59427604126
-1595.4209962908062,105865.57257037144
-1595.4499164617155,105865.55086470302
-1595.4693170149694,105865.52900389349
-1595.4982371861115,105865.5072982246
-1595.527157359873,105865.48559255525
-1595.556077531306,105865.4638868859
-1595.5851783616818,105865.43109567417
-1595.614098533406,105865.40939000389
-1595.6334990896285,105865.38752919808
-1595.6624192615272,105865.36582352873
-1595.6913394359872,105865.34411785798
-1595.7202596081188,105865.32241219096
-1595.749179780425,105865.30070652161
-1595.7685803346685,105865.27884571347
-1595.7976811662083,105865.24605450267
-1595.8266013412504,105865.22434883285
-1595.8555215140805,105865.2026431649
-1595.8844416869106,105865.18093749741
-1595.9038422417361,105865.15907668928
-1595.9327624148573,105865.13737102179
-1595.9616825880948,105865.11566535383
-1595.9906027638353,105865.09395968402
-1596.019522937364,105865.072254017
-1596.0391041543335,105865.03930766694
-1596.068024328095,105865.01760199852
-1596.0969445019145,105864.99589633057
-1596.1258646758506,105864.97419066355
-1596.154784852406,105864.95248499606
-1596.1741854081629,105864.93062418839
-1596.2031055824482,105864.9089185209
-1596.23202575685,105864.88721285434
-1596.2609459314262,105864.86550718546
-1596.2898661084473,105864.84380151937
-1596.3094473242527,105864.81085516931
-1596.3383674992365,105864.7891495009
-1596.3672876742785,105864.76744383574
-1596.396207849437,105864.74573816871
-1596.4251280270983,105864.72403250122
-1596.4445285839029,105864.70217169402
-1596.4734487594105,105864.68046602746
-1596.502368937363,105864.65876036044
-1596.5312891131034,105864.63705469435
-1596.5506896702573,105864.61519388808
-1596.5796098462306,105864.59348822059
-1596.6085300223203,105864.5717825545
-1596.637630860845,105864.53899134509
-1596.6570314184064,105864.51713053882
-1596.6859515948454,105864.49542487273
-1596.7148717714008,105864.47371920617
-1596.7437919480726,105864.45201354008
-1596.7631925083697,105864.43015273428
-1596.7921126853907,105864.40844706818
-1596.8210328623536,105864.3867414021
-1596.849953041994,105864.3650357374
-1596.878873219248,105864.34333006991
-1596.898273777566,105864.32146926457
-1596.9271939551109,105864.29976359941
-1596.9562947929371,105864.26697239093
-1596.9852149731596,105864.24526672484
-1597.004615531885,105864.22340591904
-1597.0335357098957,105864.20170025434
-1597.0624558880227,105864.17999458872
-1597.0913760662079,105864.15828892449
-1597.1107766278437,105864.13642811822
-1597.13969680632,105864.11472245259
-1597.1686169848545,105864.0930167879
-1597.19753716595,105864.0713111232
-1597.2169377255486,105864.04945031786
-1597.2458579044323,105864.0277446541
-1597.2747780834907,105864.00603898801
-1597.303878923296,105863.97324778046
-1597.3232794831274,105863.95138697512
-1597.3521996649797,105863.9296813109
-1597.3811198445037,105863.9079756462
-1597.4100400242023,105863.88626998197
-1597.429440586944,105863.8644091771
-1597.4583607668173,105863.84270351194
-1597.487280946807,105863.82099784864
-1597.5162011292996,105863.79929218441
-1597.5356016876176,105863.7774313786
-1597.564521870343,105863.75572571578
-1597.5934420507983,105863.73402005155
-1597.6128426117357,105863.71215924667
-1597.6417627924238,105863.69045358291
-1597.6708636342082,105863.65766237583
-1597.699783817574,105863.63595671207
-1597.7191843789187,105863.61409590812
-1597.748104562459,105863.59239024436
-1597.7770247438457,105863.5706845806
-1597.7964253054233,105863.54882377572
-1597.8253454869846,105863.52711811289
-1597.854265668604,105863.50541245006
-1597.8831858527847,105863.4837067877
-1597.9025864123832,105863.46184598235
-1597.9315065967385,105863.44014031952
-1597.9604267788818,105863.41843465623
-1597.9893469610251,105863.39672899386
-1598.0087475258624,105863.37486818992
-1598.037667708355,105863.35316252755
-1598.0665878908476,105863.33145686472
-1598.0859884535894,105863.30959606031
-1598.1149086387595,105863.28789039748
-1598.1438288216596,105863.26618473558
-1598.1632293846342,105863.24432393163
-1598.192149567767,105863.22261827067
-1598.2210697510163,105863.20091260783
-1598.2501705982722,105863.16812140262
-1598.269571161596,105863.14626059867
-1598.2984913452528,105863.12455493584
-1598.3274115314125,105863.10284927534
-1598.3468120950274,105863.08098847
-1598.3757322790334,105863.0592828081
-1598.4046524630394,105863.03757714666
-1598.4240530270035,105863.01571634412
-1598.4529732113006,105862.99401068222
-1598.4818933981005,105862.97230502171
-1598.5108135826886,105862.95059935888
-1598.5302141469438,105862.92873855587
-1598.5591343342094,105862.90703289444
-1598.5880545190303,105862.88532723254
-1598.6074550836347,105862.86346643046
-1598.6363752686884,105862.84176076902
-1598.6652954539168,105862.82005510759
-1598.6846960188122,105862.79819430504
-1598.71361620666,105862.7764886436
-1598.7425363922375,105862.75478298264
-1598.7619369573658,105862.73292218102
-1598.7908571455628,105862.71121651912
-1598.8197773314314,105862.68951086001
-1598.8391778968507,105862.66765005607
-1598.8680980830104,105862.64594439557
-1598.89701826917,105862.62423873553
-1598.9164188348805,105862.60237793205
-1598.945339023834,105862.58067227202
-1598.9742592104012,105862.55896661198
-1598.9936597764026,105862.5371058099
-1599.022579965589,105862.51540014846
-1599.0419805317651,105862.49353934778
-1599.0709007187397,105862.47183368728
-1599.0998209059471,105862.45012802677
-1599.1192214722978,105862.42826722516
-1599.1481416596798,105862.40656156559
-1599.177061849623,105862.38485590555
-1599.196462416381,105862.36299510393
-1599.2253826040542,105862.34128944343
-1599.2543027943466,105862.31958378386
-1599.2737033612793,105862.29772298271
-1599.3026235493599,105862.27601732314
-1599.3220241165254,105862.25415652106
-1599.3509443048388,105862.23245086195
-1599.3798644932103,105862.21074520145
-1599.3990844003856,105862.19996994408
-1599.428185251716,105862.16717874212
-1599.4569247777108,105862.1565586254
-1599.4763253454003,105862.13469782425
-1599.5052455367404,105862.11299216561
-1599.5246461046627,105862.09113136446
-1599.553566293791,105862.06942570535
-1599.5824864830356,105862.04772004718
-1599.6018870536354,105862.0258592451
-1599.6308072431711,105862.00415358692
-1599.6502078115009,105861.98229278531
-1599.6791280012112,105861.96058712713
-1599.708048191038,105861.93888146803
-1599.727448759717,105861.91702066781
-1599.7563689522212,105861.89531500917
-1599.7757695209584,105861.87345420895
-1599.804509050562,105861.86283409409
-1599.8239096171455,105861.84097329294
-1599.852829809999,105861.8192676343
-1599.8817500005825,105861.79756197566
-1599.9011505697854,105861.77570117591
-1599.9300707606599,105861.75399551727
-1599.949471332482,105861.73213471752
-1599.978391523473,105861.7104290598
-1599.9977920931415,105861.68856825866
-1600.026712284307,105861.66686260002
-1600.0461128541501,105861.64500180073
-1600.0748523822986,105861.63438168634
-1600.103772576258,105861.61267603002
-1600.1231731462758,105861.59081522888
-1600.1520933405263,105861.56910957117
-1600.1714939107187,105861.54724877048
-1600.2004141027573,105861.52554311417
-1600.2198146731243,105861.50368231349
-1600.2487348653376,105861.48197665717
-1600.267954774783,105861.4712013998
-1600.2968749672873,105861.44949574396
-1600.3257951597916,105861.42779008532
-1600.3451957306243,105861.4059292865
-1600.3741159233614,105861.38422362972
-1600.3935164944269,105861.3623628295
-1600.4224366898416,105861.34065717272
-1600.4416565973079,105861.32988191536
-1600.4705767904525,105861.30817625951
-1600.489977361809,105861.28631546069
-1600.5188975576311,105861.26460980345
-1600.5382981291623,105861.24274900462
-1600.5672183227725,105861.22104334785
-1600.5864382307045,105861.21026809141
-1600.615358426876,105861.18856243463
-1600.6347589987563,105861.16670163581
-1600.663679192774,105861.14499598043
-1600.6830797648872,105861.12313518114
-1600.711819295073,105861.11251506908
-1600.731219869689,105861.09065426979
-1600.7601400641724,105861.06894861255
-1600.7795406365767,105861.04708781373
-1600.808460831293,105861.02538215788
-1600.8276807396905,105861.01460690238
-1600.8566009346396,105860.99290124746
-1600.8760015097214,105860.97104044771
-1600.9049217047868,105860.94933479233
-1600.9243222776568,105860.92747399257
-1600.953061808832,105860.9168538819
-1600.9724623818765,105860.89499308262
-1601.0013825797942,105860.8732874277
-1601.0207831530133,105860.85142662888
-1601.0495226844214,105860.84080651775
-1601.068923257757,105860.81894571893
-1601.0978434561403,105860.79724006355
-1601.1172440297669,105860.7753792638
-1601.1459835614078,105860.7647591536
-1601.165384135209,105860.74289835477
-1601.1943043338833,105860.72119270172
-1601.213704907801,105860.69933190104
-1601.2329248173628,105860.68855664693
-1601.2618450139416,105860.66685099248
-1601.2812455881503,105860.64499019273
-1601.3101657873485,105860.62328453967
-1601.3293856971432,105860.61250928463
-1601.3583058941294,105860.59080363112
-1601.3777064686874,105860.56894283136
-1601.4066266659647,105860.54723717878
-1601.4258465783205,105860.53646192327
-1601.4547667757142,105860.51475626975
-1601.4741673505632,105860.4928954714
-1601.5029068834847,105860.48227536166
-1601.52230745845,105860.4604145633
-1601.5512276563095,105860.43870890932
-1601.5706282339524,105860.4168481105
-1601.5898481443292,105860.40607285732
-1601.6187683424214,105860.38436720334
-1601.6381689179107,105860.36250640592
-1601.6669084512396,105860.35188629618
-1601.6863090292318,105860.33002549782
-1601.7152292278479,105860.30831984524
-1601.734449138632,105860.29754459066
-1601.7633693373646,105860.27583893854
-1601.7827699132613,105860.25397814065
-1601.8115094495588,105860.24335803138
-1601.8309100256884,105860.22149723396
-1601.8503106018761,105860.19963643514
-1601.8790501359617,105860.18901632633
-1601.898450712266,105860.16715552844
-1601.9273709141416,105860.14544987679
-1601.9465908254497,105860.13467462128
-1601.9659914019285,105860.11281382572
-1601.9947309364798,105860.10219371598
-1602.0141315131914,105860.08033291902
-1602.0430517155328,105860.05862726597
-1602.0622716270736,105860.04785201233
-1602.0911918295897,105860.02614636067
-1602.110592404264,105860.00428556325
-1602.1298123160377,105859.99351031054
-1602.1587325188448,105859.97180465842
-1602.1779524307349,105859.96102940431
-1602.2068726337166,105859.93932375265
-1602.226273211185,105859.91746295616
-1602.2454931207467,105859.90668770252
-1602.2744133240776,105859.8849820518
-1602.2936332362005,105859.87420679769
-1602.31303381396,105859.85234600073
-1602.3417733520037,105859.84172589285
-1602.3611739275511,105859.81986509543
-1602.3900941312895,105859.79815944424
-1602.4093140437035,105859.78738419153
-1602.4287146218703,105859.7655233955
-1602.457454160205,105859.75490328763
-1602.4768547385465,105859.73304249207
-1602.5055942746112,105859.72242238326
-1602.5249948531855,105859.70056158816
-1602.5443954317016,105859.67870079027
-1602.5731349703856,105859.66808068287
-1602.5925355490763,105859.64621988637
-1602.6212750856066,105859.63559977943
-1602.640675664472,105859.61373898294
-1602.659895577468,105859.60296373116
-1602.688815782487,105859.58125808043
-1602.7080356956576,105859.57048282679
-1602.7369558984064,105859.54877717746
-1602.7561758117517,105859.53800192475
-1602.7755763910245,105859.51614112826
-1602.8043159304652,105859.50552102271
-1602.8237165099708,105859.48366022576
-1602.8429364234908,105859.47288497398
-1602.8718566268217,105859.45117932372
-1602.8910765403416,105859.440404071
-1602.9199967462919,105859.41869842075
-1602.9392166599864,105859.40792316897
-1602.9586172399577,105859.38606237294
-1602.9873567775358,105859.3754422674
-1603.0067573576816,105859.35358147137
-1603.0354968977626,105859.34296136629
-1603.054897478025,105859.32110057026
-1603.0741173920687,105859.31032531755
-1603.103037596331,105859.28861966822
-1603.1222575104912,105859.27784441644
-1603.1511777173728,105859.25613876712
-1603.1703976315912,105859.2453635158
-1603.1897982123774,105859.2235027207
-1603.218537750654,105859.21288261516
-1603.2379383315565,105859.19102181913
-1603.2571582460077,105859.18024656735
-1603.2860784534132,105859.15854091849
-1603.3052983679809,105859.14776566718
-1603.3342185731744,105859.12606001878
-1603.3534384879167,105859.11528476607
-1603.3726584026008,105859.10450951569
-1603.4015786105301,105859.0828038659
-1603.4207985253306,105859.07202861598
-1603.4497187309898,105859.05032296618
-1603.4689386459067,105859.0395477158
-1603.4883392277407,105859.01768692117
-1603.5170787692768,105859.00706681609
-1603.5364793512272,105858.98520602193
-1603.565218890435,105858.97458591685
-1603.584438805643,105858.963810666
-1603.603839387768,105858.94194987044
-1603.6325789297698,105858.93132976582
-1603.6519795120694,105858.9094689712
-1603.6807190516265,105858.89884886704
-1603.6999389671255,105858.8880736162
-1603.719339549658,105858.86621282203
-1603.7480790918926,105858.85559271835
-1603.7674796745414,105858.83373192372
-1603.786699590215,105858.82295667287
-1603.815439130296,105858.81233656825
-1603.8348397131776,105858.79047577456
-1603.8635792557616,105858.77985567134
-1603.8829798388178,105858.75799487717
-1603.9021997547243,105858.74721962586
-1603.9309392950963,105858.73659952218
-1603.9503398784436,105858.71473872848
-1603.9790794212604,105858.7041186248
-1603.9982993374579,105858.69334337302
-1604.0176999209798,105858.67148257978
-1604.0464394616429,105858.6608624761
-1604.0656593779568,105858.65008722711
-1604.0945795886219,105858.62838157918
-1604.1137995049357,105858.6176063302
-1604.1330194214243,105858.60683107981
-1604.1619396299357,105858.58512543375
-1604.1811595464824,105858.57435018336
-1604.200560132973,105858.55248938967
-1604.2292996741598,105858.54186928552
-1604.2485195909394,105858.53109403607
-1604.2774397998583,105858.50938839
-1604.296659716696,105858.49861314008
-1604.3158796359785,105858.48783789063
-1604.3446191774565,105858.47721778881
-1604.3640197621426,105858.45535699511
-1604.39275930624,105858.44473689236
-1604.4119792208076,105858.43396164104
-1604.431379808113,105858.41210084921
-1604.4601193499984,105858.40148074552
-1604.4793392671854,105858.390705497
-1604.5082594794221,105858.36899985094
-1604.5274793967255,105858.35822460242
-1604.5466993141454,105858.3474493539
-1604.5754388562636,105858.33682925021
-1604.5948394416482,105858.31496845745
-1604.6140593591845,105858.30419320706
-1604.6427989039803,105858.29357310664
-1604.6621994895395,105858.2717123134
-1604.6909390321234,105858.26109221205
-1604.710158949776,105858.25031696307
-1604.738898494863,105858.23969686078
-1604.7582990807132,105858.21783606941
-1604.777518998657,105858.20706081996
-1604.8062585414737,105858.1964407186
-1604.8254784594174,105858.18566546915
-1604.8543986729346,105858.16395982355
-1604.8736185909947,105858.15318457596
-1604.8928385091713,105858.14240932651
-1604.921578052279,105858.13178922515
-1604.9409786387696,105858.10992843285
-1604.9697181844385,105858.09930833243
-1604.9889381027897,105858.08853308484
-1605.0176776461303,105858.07791298255
-1605.03707823297,105858.05605219072
-1605.0562981514377,105858.0452769422
-1605.0850376973976,105858.03465684084
-1605.1042576159816,105858.02388159325
-1605.1236582030542,105858.00202080142
-1605.1523977468023,105857.99140070053
-1605.171617665561,105857.98062545154
-1605.2003572118701,105857.97000535252
-1605.2195771306287,105857.959230104
-1605.248316674726,105857.9486100031
-1605.2677172622061,105857.92674921127
-1605.2869371811394,105857.91597396275
-1605.3156767277978,105857.90535386372
-1605.3348966467893,105857.8945786152
-1605.3636361911194,105857.88395851478
-1605.383036779007,105857.86209772341
-1605.4022566982312,105857.85132247582
-1605.4309962451225,105857.8407023768
-1605.4502161644632,105857.82992712781
-1605.4789557090262,105857.81930702785
-1605.4981756284833,105857.8085317812
-1605.517395547824,105857.79775653174
-1605.5463157639606,105857.77605089033
-1605.565535683476,105857.76527564134
-1605.5847556031076,105857.75450039422
-1605.6134951480199,105857.74388029613
-1605.6327150677098,105857.73310504854
-1605.6614546151832,105857.72248494811
-1605.6806745349895,105857.71170970192
-1605.7000751238666,105857.68984890962
-1605.7288146690698,105857.6792288106
-1605.748034589109,105857.66845356347
-1605.7767741368152,105857.65783346538
-1605.7959940568544,105857.64705821825
-1605.8152139768936,105857.63628297066
-1605.843953524949,105857.6256628721
-1605.8631734426017,105857.61488762544
-1605.8919129907154,105857.60426752595
-1605.9111329109874,105857.5934922793
-1605.9303528312594,105857.58271703357
-1605.9590923795477,105857.57209693408
-1605.9783122974331,105857.56132168695
-1605.9977128872415,105857.53946089605
-1606.0264524356462,105857.52884079749
-1606.045672356151,105857.51806555176
-1606.0648922767723,105857.5072903051
-1606.093631822965,105857.49667020747
-1606.1128517435864,105857.48589496035
-1606.1320716667105,105857.47511971323
-1606.160811213078,105857.46449961653
-1606.1800311338156,105857.45372436987
-1606.2087706803577,105857.44310427038
-1606.2279906012118,105857.43232902559
-1606.2472105245688,105857.42155377846
-1606.275950071169,105857.41093368083
-1606.2951699921978,105857.40015843464
-1606.3239095389727,105857.38953833701
-1606.3431294601178,105857.37876309128
-1606.3623493836494,105857.36798784463
-1606.3910889305407,105857.35736774746
-1606.4103088518023,105857.34659250174
-1606.4295287730638,105857.33581725601
-1606.4487486968283,105857.32504200889
-1606.4774882439524,105857.31442191219
-1606.4967081653886,105857.30364666646
-1606.525447712629,105857.29302656837
-1606.5446676340653,105857.28225132357
-1606.5638875580626,105857.27147607738
-1606.5926271054777,105857.26085598068
-1606.6118470270885,105857.25008073449
-1606.6310669487575,105857.2393054897
-1606.6598064963473,105857.22868539393
-1606.6790264205192,105857.21791014727
-1606.6982463423628,105857.20713490201
-1606.726985890069,105857.19651480531
-1606.7462058119709,105857.18573955912
-1606.7749453598517,105857.17511946289
-1606.7941652842565,105857.16434421856
-1606.8133852062747,105857.15356897237
-1606.8421247543301,105857.14294887614
-1606.8613446764066,105857.1321736318
-1606.8805646010442,105857.12139838515
-1606.899784523237,105857.11062314035
-1606.928524071467,105857.10000304598
-1606.9477439938346,105857.08922779933
-1606.9669639160857,105857.07845255546
-1606.9957034668769,105857.06783245876
-1607.0147427189513,105857.06814275729
-1607.033962641377,105857.05736751156
-1607.0627021899563,105857.04674741626
-1607.0819221124984,105857.0359721724
-1607.1106616635807,105857.0253520757
-1607.129881586181,105857.01457683183
-1607.1491015088977,105857.00380158704
-1607.1778410577099,105856.9931814908
-1607.1970609804848,105856.9824062474
-1607.2161002326757,105856.98271654593
-1607.2448397839908,105856.97209645109
-1607.2640597069403,105856.96132120676
-1607.2832796298317,105856.95054596243
-1607.3120191789349,105856.9399258662
-1607.3312391019426,105856.92915062234
-1607.3504590250086,105856.91837537708
-1607.3696789505193,105856.90760013368
-1607.3984184998553,105856.89698003931
-1607.417457752279,105856.89729033876
-1607.4366776754614,105856.8865150935
-1607.4654172249138,105856.8758949996
-1607.4846371506574,105856.86511975527
-1607.5038570739562,105856.85434451094
-1607.5325966236414,105856.8437244161
-1607.5516358760651,105856.84403471602
-1607.5708558019833,105856.83325947262
-1607.5995953517267,105856.82263937779
-1607.6188152752584,105856.81186413392
-1607.6380351989064,105856.80108889006
-1607.6667747488245,105856.79046879476
-1607.6858140038094,105856.79077909468
-1607.7050339275156,105856.78000385268
-1607.7337734776083,105856.76938375784
-1607.7529934013728,105856.75860851351
-1607.7817329515237,105856.74798842147
-1607.7914332490764,105856.73705802718
-1607.819992130564,105856.73752347752
-1607.8392120545032,105856.7267482332
-1607.867951604887,105856.71612814115
-1607.887171531329,105856.70535289729
-1607.906391452998,105856.6945776525
-1607.934950334602,105856.6950431033
-1607.9541702587157,105856.68426786037
-1607.9733901829459,105856.67349261697
-1608.0021297360072,105856.66287252354
-1608.0213496578508,105856.65209728107
-1608.0403889107401,105856.65240758145
-1608.069128463976,105856.64178748755
-1608.0883483883808,105856.63101224508
-1608.1170879417332,105856.62039215304
-1608.1361271921778,105856.62070245342
-1608.155347116699,105856.60992721049
-1608.184086670226,105856.59930711752
-1608.2033065947471,105856.58853187412
-1608.2318654767005,105856.5889973254
-1608.2510853989515,105856.57822208246
-1608.2703053237055,105856.56744683906
-1608.2895252509043,105856.55667159613
-1608.3182648022193,105856.54605150502
-1608.3373040553415,105856.54636180587
-1608.3565239801537,105856.53558656294
-1608.3852635317016,105856.52496647136
-1608.4044834589586,105856.5141912289
-1608.4330423387582,105856.51465668064
-1608.4522622638033,105856.5038814377
-1608.4714821888483,105856.49310619524
-1608.500041068648,105856.49357164698
-1608.5192609962542,105856.48279640498
-1608.548000548035,105856.47217631293
-1608.5672204733128,105856.4614010714
-1608.5862597265514,105856.46171137225
-1608.6149992808932,105856.45109128067
-1608.6342192062875,105856.4403160382
-1608.6627780862618,105856.44078149041
-1608.681998011656,105856.43000624934
-1608.7012179371086,105856.41923100594
-1608.7204378650058,105856.40845576487
-1608.7489967450965,105856.40892121708
-1608.7682166707236,105856.39814597601
-1608.7969562230282,105856.38752588397
-1608.8159954764415,105856.38783618575
-1608.844735031249,105856.37721609557
-1608.8639549569925,105856.36644085357
-1608.882994210464,105856.36675115535
-1608.9117337630596,105856.35613106517
-1608.9309536889195,105856.34535582364
-1608.9595125715714,105856.34582127677
-1608.9787324975478,105856.3350460343
-1609.0074720502016,105856.3244259446
-1609.0265113037894,105856.32473624637
-1609.045731229824,105856.31396100484
-1609.0744707850972,105856.30334091466
-1609.093510038685,105856.3036512169
-1609.1222495916882,105856.29303112673
-1609.1414695178391,105856.28225588566
-1609.1605087715434,105856.28256618837
-1609.1892483270494,105856.27194609959
-1609.208468253375,105856.26117085665
-1609.2370271339314,105856.26163631072
-1609.256247060257,105856.25086107012
-1609.275466986699,105856.24008582905
-1609.3040258697001,105856.24055128312
-1609.3232457962586,105856.22977604205
-1609.351804676815,105856.23024149612
-1609.3710246034316,105856.21946625505
-1609.399764159345,105856.20884616626
-1609.4188034131657,105856.20915646898
-1609.4475429666927,105856.19853637973
-1609.4665822205134,105856.1988466829
-1609.4953217766597,105856.18822659319
-1609.5143610305386,105856.18853689637
-1609.5431005842984,105856.17791680805
-1609.5623205110896,105856.16714156698
-1609.5813597650267,105856.16745187063
-1609.6100993213477,105856.15683178138
-1609.6291385752847,105856.15714208456
-1609.6483585023088,105856.14636684442
-1609.6770980563015,105856.1357467561
-1609.6961373102386,105856.13605705975
-1609.7248768667923,105856.12543697096
-1609.7439161207294,105856.12574727461
-1609.7726556749549,105856.11512718583
-1609.801214555977,105856.11559264129
-1609.8204344832338,105856.10481740255
-1609.8491740375757,105856.09419731237
-1609.868213294074,105856.09450761601
-1609.896952848474,105856.0838875277
-1609.9159921025275,105856.0841978318
-1609.944731657044,105856.07357774489
-1609.9637709110975,105856.07388804853
-1609.992510468117,105856.06326795975
-1610.0115497222287,105856.06357826339
-1610.0402892793645,105856.05295817647
-1610.0593285310315,105856.05326848058
-1610.0880680882256,105856.04264839366
-1610.1072880160064,105856.03187315306
-1610.126327270118,105856.03218345717
-1610.1550668274285,105856.02156337071
-1610.1836257087416,105856.02202882711
-1610.2028456366388,105856.01125358837
-1610.23140451801,105856.01171904523
-1610.2506244459655,105856.00094380416
-1610.2791833273368,105856.00140926102
-1610.298403257737,105855.99063402275
-1610.3269621391082,105855.99109947961
-1610.3460013933945,105855.99140978418
-1610.3747409486677,105855.98078969773
-1610.403299830039,105855.98125515459
-1610.4225197583437,105855.97047991445
-1610.4510786421597,105855.97094537131
-1610.4702985704644,105855.96017013257
-1610.4988574543968,105855.9606355899
-1610.5180773802567,105855.94986035116
-1610.5466362643056,105855.95032580849
-1610.5753758198116,105855.93970572297
-1610.5944150742143,105855.940016028
-1610.6136350051966,105855.9292407888
-1610.6421938868007,105855.92970624659
-1610.6709334425395,105855.91908616014
-1610.6899726969423,105855.91939646564
-1610.7185315785464,105855.91986192344
-1610.7377515073167,105855.90908668563
-1610.7663103913656,105855.90955214342
-1610.7950499473372,105855.89893205743
-1610.81408920174,105855.89924236294
-1610.8426480859052,105855.8997078212
-1610.861868014792,105855.88893258432
-1610.8904268965125,105855.88939804258
-1610.919166452717,105855.87877795612
-1610.9382057072362,105855.87908826163
-1610.966764589015,105855.87955371989
-1610.9859845204046,105855.86877848255
-1611.0145434022415,105855.86924394127
-1611.0432829586207,105855.85862385714
-1611.0623222131399,105855.85893416265
-1611.0815421423176,105855.84815892344
-1611.1101010265993,105855.84862438263
-1611.1386599085527,105855.84908984136
-1611.1578798377886,105855.83831460401
-1611.1864387220703,105855.83878006274
-1611.2149976040237,105855.83924552193
-1611.2342175334343,105855.82847028505
-1611.2627764153294,105855.82893574424
-1611.2913352972828,105855.8294012039
-1611.3105552267516,105855.81862596609
-1611.3391141111497,105855.81909142574
-1611.3676729931612,105855.8195568854
-1611.3868929228047,105855.80878164805
-1611.4154518072028,105855.80924710771
-1611.4344910619548,105855.80955741461
-1611.4632306189742,105855.79893733095
-1611.4917895009858,105855.79940279108
-1611.5108287556795,105855.79971309751
-1611.5395683128154,105855.78909301385
-1611.5681271973299,105855.78955847397
-1611.5873471272062,105855.77878323663
-1611.6159060093341,105855.77924869675
-1611.6349452640861,105855.77955900365
-1611.6635041486006,105855.78002446424
-1611.6922437059693,105855.76940438151
-1611.7112829607795,105855.76971468842
-1611.7398418429657,105855.770180149
-1611.7685814004508,105855.75956006581
-1611.7971402850817,105855.76002552686
-1611.816179539892,105855.76033583377
-1611.844738422078,105855.76080129528
-1611.8734779821243,105855.75018121209
-1611.8925172369927,105855.75049151946
-1611.921076119179,105855.75095698051
-1611.9496350014815,105855.75142244156
-1611.9686742562335,105855.75173274893
-1611.9974138140678,105855.74111266667
-1612.0259726988152,105855.74157812819
-1612.0450119536254,105855.74188843556
-1612.0735708383145,105855.74235389708
-1612.1023103962652,105855.73173381481
-1612.1213496511918,105855.73204412265
-1612.1499085334945,105855.73250958417
-1612.1786480915616,105855.72188950283
-1612.1976873464882,105855.72219981067
-1612.226246228849,105855.72266527265
-1612.2548051136546,105855.72313073464
-1612.273844368523,105855.72344104294
-1612.3024032532703,105855.72390650539
-1612.3311428115703,105855.71328642359
-1612.3501820665551,105855.71359673142
-1612.378740948916,105855.71406219387
-1612.4072998312768,105855.71452765632
-1612.4358587136958,105855.71499311877
-1612.4548979686224,105855.71530342754
-1612.4836375295417,105855.70468334574
-1612.5121964119608,105855.70514880866
-1612.540755294438,105855.70561427157
-1612.5597945518093,105855.70592457987
-1612.5883534342283,105855.70639004279
-1612.6075733654434,105855.69561480777
-1612.6361322478624,105855.69608027069
-1612.6646911303978,105855.6965457336
-1612.6932500152616,105855.69701119699
-1612.7122892702464,105855.69732150575
-1612.7408481527236,105855.69778696913
-1612.7694070352009,105855.69825243251
-1612.7979659201228,105855.6987178959
-1612.8170051751658,105855.69902820466
-1612.845744734048,105855.68840812566
-1612.874303619028,105855.6888735895
-1612.9028625015635,105855.68933905335
-1612.9219017565483,105855.68964936212
-1612.9504606390838,105855.69011482596
-1612.9790195216192,105855.69058029028
-1613.0075784041546,105855.69104575412
-1613.0266176615842,105855.69135606335
-1613.0551765441196,105855.69182152767
-1613.083735426655,105855.69228699198
-1613.1122943091905,105855.69275245629
-1613.1315142434323,105855.68197722221
-1613.160073126026,105855.68244268652
-1613.1886320086196,105855.6829081513
-1613.2076712636626,105855.68321846053
-1613.2362301486428,105855.68368392531
-1613.2647890312364,105855.68414939009
-1613.29334791383,105855.68461485486
-1613.312387168873,105855.68492516503
-1613.340946051525,105855.68539063027
-1613.369504936505,105855.68585609505
-1613.3980638190988,105855.6863215603
-1613.4266227016924,105855.68678702554
-1613.4456619591801,105855.6870973357
-1613.4742208417738,105855.68756280094
-1613.502599047264,105855.69911381043
-1613.5311579297995,105855.69957927568
-1613.5597168147797,105855.70004474139
-1613.5787560698227,105855.70035505155
-1613.6073149524163,105855.70082051726
-1613.6358738349518,105855.70128598297
-1613.6550937673892,105855.69051074982
-1613.6836526499828,105855.69097621599
-1613.7120308576268,105855.70252722595
-1613.7405897402205,105855.70299269212
-1613.769148622814,105855.7034581583
-1613.7881878803018,105855.70376846893
-1613.8167467629537,105855.7042339351
-1613.8453056454891,105855.70469940128
-1613.873864528141,105855.70516486792
-1613.9024234131211,105855.7056303341
-1613.9214626682224,105855.70594064519
-1613.9500215507578,105855.70640611183
-1613.9785804334097,105855.70687157847
-1614.0069586383179,105855.71842258843
-1614.0355175234145,105855.71888805553
-1614.06407640595,105855.71935352217
-1614.0831156610511,105855.71966383327
-1614.1116745435866,105855.72012930037
-1614.1402334261802,105855.72059476748
-1614.1687923112186,105855.72106023505
-1614.1878315662616,105855.72137054661
-1614.2163904513,105855.72183601419
-1614.2449493338936,105855.72230148176
-1614.2733275385108,105855.73385249311
-1614.3018864210462,105855.73431796068
-1614.3209256761475,105855.73462827224
-1614.349484558683,105855.73509374028
-1614.378043443663,105855.73555920785
-1614.406602326315,105855.73602467589
-1614.4349805307575,105855.74757568771
-1614.463539413293,105855.74804115575
-1614.4825786682777,105855.74835146777
-1614.5111375532579,105855.74881693581
-1614.5396964358515,105855.74928240431
-1614.5680746401194,105855.7608334166
-1614.5966335226549,105855.7612988851
-1614.625192407635,105855.7617643536
-1614.6537512901705,105855.76222982211
-1614.6726098692743,105855.77362567745
-1614.7011687517515,105855.77409114642
-1614.729727634287,105855.77455661492
-1614.7582865167642,105855.7750220839
-1614.7773257718072,105855.77533239638
-1614.8057039757841,105855.7868834096
-1614.834262860706,105855.78734887857
-1614.8628217431833,105855.78781434754
-1614.8913806256605,105855.78827981697
-1614.919758829521,105855.79983083019
-1614.9483177143848,105855.80029629963
-1614.9768765969202,105855.80076176906
-1615.0052548006643,105855.81231278274
-1615.0242940555909,105855.8126230957
-1615.0528529405128,105855.81308856513
-1615.0812311440823,105855.82463957882
-1615.1097900265595,105855.82510504872
-1615.1383489089785,105855.82557051815
-1615.1667271148763,105855.83712153183
-1615.195285997237,105855.8375870022
-1615.223844879656,105855.8380524721
-1615.252223083051,105855.84960348671
-1615.271262340364,105855.8499138006
-1615.299821222783,105855.8503792705
-1615.3283801051439,105855.85084474087
-1615.356758310867,105855.86239575548
-1615.3853171932278,105855.86286122585
-1615.4136953963898,105855.87441223953
-1615.4422542786924,105855.87487771036
-1615.461293533619,105855.87518802471
-1615.4896717390511,105855.88673903933
-1615.518230621412,105855.88720451016
-1615.5466088243993,105855.89875552477
-1615.5751677066437,105855.89922099607
-1615.6035459119594,105855.91077201068
-1615.6321047942038,105855.91123748198
-1615.6606636764482,105855.91170295328
-1615.689041879261,105855.92325396836
-1615.7176007638918,105855.92371943966
-1615.7459789665882,105855.93527045706
-1615.7650182213983,105855.93558077142
-1615.7933964240365,105855.94713178556
-1615.8219553062227,105855.94759725733
-1615.8505141907954,105855.94806272909
-1615.878892393317,105855.9596137451
-1615.9074512755033,105855.96007921686
-1615.9358294778503,105855.9716302338
-1615.954868735047,105855.97194054862
-1615.9832469373941,105855.98349156324
-1616.011625139683,105855.99504258018
-1616.0401840241393,105855.99550805241
-1616.0685622263118,105856.00705906842
-1616.0971211083815,105856.00752454065
-1616.1254993129405,105856.01907555759
-1616.154058194952,105856.01954103028
-1616.18243639695,105856.03109204723
-1616.2109952789615,105856.03155751992
-1616.2393734832876,105856.04310853593
-1616.2677516852273,105856.05465955287
-1616.2963105671806,105856.05512502603
-1616.3246887689456,105856.06667604297
-1616.3437280235812,105856.06698635826
-1616.3721062252298,105856.07853737706
-1616.4006651095115,105856.07900285022
-1616.42904331116,105856.09055386716
-1616.4574215127504,105856.10210488364
-1616.4859803945874,105856.10257035727
-1616.514358598506,105856.1141213756
-1616.5427367999218,105856.12567239255
-1616.5712956816424,105856.12613786664
-1616.599673883,105856.13768888358
-1616.6280520866858,105856.14923990285
-1616.6566109684063,105856.14970537694
-1616.6754695423879,105856.16110123601
-1616.7038477434544,105856.17265225342
-1616.732406625175,105856.17311772797
-1616.760784828628,105856.18466874724
-1616.7891630296363,105856.19621976465
-1616.8175412305864,105856.20777078345
-1616.8461001146352,105856.20823625801
-1616.8744783154689,105856.21978727821
-1616.9028565161861,105856.23133829562
-1616.9314153977903,105856.23180377064
-1616.959793600894,105856.24335478898
-1616.97865217441,105856.25475064991
-1617.0072110558394,105856.25521612493
-1617.0355892588268,105856.26676714327
-1617.0639674593695,105856.27831816254
-1617.0923456597375,105856.28986918228
-1617.120723860222,105856.30142020155
-1617.1492827439797,105856.30188567704
-1617.1776609442895,105856.31343669537
-1617.2060391445411,105856.32498771558
-1617.2344173447345,105856.33653873531
-1617.2627955472562,105856.34808975412
-1617.2911737473914,105856.35964077432
-1617.319732628588,105856.36010625027
-1617.3481108285487,105856.37165727047
-1617.3764890308958,105856.38320829021
-1617.4048672307981,105856.39475930994
-1617.433245430584,105856.40631033154
-1617.4616236303118,105856.41786134988
-1617.4804822029546,105856.42925721128
-1617.5090410864213,105856.4297226877
-1617.5374192860909,105856.44127370836
-1617.565797485644,105856.45282472856
-1617.5941756850807,105856.46437575016
-1617.6225538869621,105856.47592677036
-1617.6509320863406,105856.4874777915
-1617.679310285661,105856.49902881263
-1617.707688484923,105856.51057983283
-1617.7360666865716,105856.52213085443
-1617.764444885659,105856.53368187416
-1617.7928230847465,105856.5452328967
-1617.8212012837175,105856.55678391736
-1617.8495794851333,105856.56833493803
-1617.8779576840461,105856.57988596056
-1617.8968162560486,105856.59128182195
-1617.9251944547868,105856.60283284355
-1617.9535726535833,105856.61438386561
-1617.9819508546498,105856.62593488721
-1618.0103290532716,105856.63748590928
-1618.038707251777,105856.64903693041
-1618.0670854503405,105856.660587952
-1618.0954636512324,105856.67213897454
-1618.1238418496214,105856.68368999707
-1618.152220047894,105856.69524101866
-1618.1805982462247,105856.70679204073
-1618.1994568200316,105856.71818790305
-1618.2278350181878,105856.72973892512
-1618.2560325365048,105856.75237549236
-1618.2844107345445,105856.76392651536
-1618.3127889324678,105856.77547753789
-1618.341167130391,105856.78702856088
-1618.3695453306427,105856.79857958294
-1618.3979235283332,105856.81013060594
-1618.4263017260819,105856.8216816294
-1618.454499241314,105856.84431819571
-1618.4733578121522,105856.85571405897
-1618.5017360097263,105856.8672650815
-1618.5301142095705,105856.87881610589
-1618.55849240697,105856.89036712982
-1618.5868706043111,105856.90191815188
-1618.6152488016523,105856.91346917581
-1618.6339266895666,105856.93595058192
-1618.6623048891197,105856.94750160677
-1618.690683086228,105856.95905263117
-1618.7190612832783,105856.97060365276
-1618.7474394802703,105856.98215467809
-1618.7756369967829,105857.0047912458
-1618.7944955670973,105857.01618711045
-1618.822873766243,105857.02773813391
-1618.851251962944,105857.03928915784
-1618.8794494767208,105857.06192572648
-1618.907827673247,105857.0734767504
-1618.9362058722181,105857.08502777526
-1618.9548837568145,105857.1075091823
-1618.9832619555527,105857.11906020809
-1619.0116401518462,105857.13061123202
-1619.039837665041,105857.15324780112
-1619.0682158611598,105857.16479882598
-1619.0870744332788,105857.17619469063
-1619.1154526293394,105857.1877457141
-1619.1438308253419,105857.19929674035
-1619.162508714071,105857.22177814832
-1619.190886909957,105857.23332917457
-1619.2192651057267,105857.2448801985
-1619.2474626181065,105857.26751676807
-1619.2663211874897,105857.27891263366
-1619.294518699753,105857.3015492037
-1619.3228968976764,105857.31310022762
-1619.3417554668267,105857.32449609181
-1619.3699529787991,105857.34713266185
-1619.3983311740449,105857.3586836881
-1619.4171897455235,105857.37007955369
-1619.445387257263,105857.39271612233
-1619.473765452276,105857.40426714905
-1619.4924433375709,105857.42674855748
-1619.520821534912,105857.4382995856
-1619.5491997298668,105857.44985061046
-1619.5678776148707,105857.4723320189
-1619.596255809709,105857.48388304561
-1619.6151143806637,105857.4952789112
-1619.6433118915884,105857.51791548217
-1619.671690086252,105857.52946650796
-1619.6903679707902,105857.55194791825
-1619.7187461652793,105857.56349894451
-1619.7471243620384,105857.57504997076
-1619.7658022464602,105857.59753138106
-1619.7941804406582,105857.60908240778
-1619.8128583248472,105857.63156381762
-1619.8412365213735,105857.64311484387
-1619.869434031425,105857.66575141437
-1619.8882925994112,105857.67714728229
-1619.9164901092881,105857.69978385186
-1619.935348677158,105857.7111797193
-1619.963546186802,105857.73381628981
-1619.9824047569418,105857.74521215633
-1620.0106022664695,105857.7678487273
-1620.0294608341064,105857.77924459381
-1620.057658343343,105857.80188116571
-1620.086036539171,105857.81343219383
-1620.1047144224285,105857.8359136032
-1620.1235729898326,105857.84730947018
-1620.1519511830993,105857.85886049783
-1620.1706290660659,105857.8813419086
-1620.1990072615445,105857.89289293671
-1620.2176851443946,105857.91537434701
-1620.246063337312,105857.92692537466
-1620.2647412224323,105857.94940678682
-1620.2929387307959,105857.97204335872
-1620.3117972977925,105857.98343922617
-1620.330475180177,105858.00592063554
-1620.3588533727452,105858.01747166505
-1620.377531257458,105858.03995307488
-1620.4059094499098,105858.0515041044
-1620.4245873320615,105858.0739855147
-1620.4529655242804,105858.08553654468
-1620.4716434062575,105858.10801795498
-1620.4903212905629,105858.13049936574
-1620.5186994826072,105858.14205039525
-1620.5373773643514,105858.16453180602
-1620.556235930766,105858.17592767393
-1620.5846141225775,105858.18747870345
-1620.6032920065336,105858.20996011468
-1620.622150570387,105858.22135598259
-1620.6503480795654,105858.24399255542
-1620.669206645689,105858.25538842333
-1620.6878845269093,105858.27786983456
-1620.7160820359131,105858.3005064074
-1620.7349405994173,105858.31190227577
-1620.7631381081883,105858.33453884907
-1620.7818159890012,105858.35702026123
-1620.8006745547755,105858.36841612821
-1620.8288720633136,105858.39105270244
-1620.847730626585,105858.40244857036
-1620.8664085094933,105858.42492998205
-1620.8946060152375,105858.44756655581
-1620.913464580779,105858.45896242466
-1620.9321424610098,105858.48144383729
-1620.9603399665793,105858.50408041058
-1620.9791985342745,105858.51547627943
-1620.998057099583,105858.52687214687
-1621.016734979581,105858.5493535595
-1621.0355935447733,105858.56074942742
-1621.0542714269832,105858.58323083958
-1621.0826496173395,105858.59478187095
-1621.10132749693,105858.61726328358
-1621.120005376637,105858.63974469434
-1621.13886394148,105858.65114056412
-1621.167061448563,105858.67377713742
-1621.1857393254759,105858.69625855144
-1621.204597892589,105858.70765441842
-1621.2232757718302,105858.73013583291
-1621.251473276061,105858.75277240807
-1621.270331840613,105858.76416827645
-1621.2890097196214,105858.78664968908
-1621.3076876009582,105858.80913110077
-1621.3360657902667,105858.82068213215
-1621.3547436690424,105858.84316354478
-1621.3734215477016,105858.86564495973
-1621.392280114349,105858.87704082672
-1621.410957990447,105858.8995222412
-1621.4298165570362,105858.91091810912
-1621.4486751211807,105858.92231397843
-1621.4673529994325,105858.94479539106
-1621.4862115634605,105858.95619126037
-1621.514409066469,105858.97882783599
-1621.5330869469326,105859.00130925048
-1621.551945510786,105859.01270511933
-1621.5706233886885,105859.03518653242
-1621.5893012665329,105859.05766794551
-1621.6174987715203,105859.08030452207
-1621.636357335141,105859.09170039091
-1621.6550352126942,105859.1141818054
-1621.6737130902475,105859.1366632185
-1621.6925716536352,105859.14805908874
-1621.7207691557123,105859.1706956639
-1621.7394470329746,105859.19317707792
-1621.7581249126233,105859.21565849148
-1621.7769834757783,105859.22705436125
-1621.7956613528077,105859.24953577574
-1621.8145199159626,105859.26093164599
-1621.8331977928756,105859.28341305954
-1621.852056355856,105859.29480892932
-1621.870734235039,105859.31729034288
-1621.8894121117191,105859.3397717569
-1621.908270674583,105859.35116762668
-1621.9269485510886,105859.37364904163
-1621.9551460545044,105859.39628561912
-1621.9738239308354,105859.41876703128
-1621.9926824934082,105859.43016290292
-1622.011360369681,105859.45264431601
-1622.0300382458372,105859.47512573143
-1622.0487161218189,105859.497607145
-1622.0675746866618,105859.50900301617
-1622.0957721869927,105859.53163959319
-1622.1144500627415,105859.55412100721
-1622.1331279384904,105859.5766024231
-1622.1518058141228,105859.59908383619
-1622.17066437623,105859.61047970736
-1622.189342251746,105859.63296112139
-1622.2080201295903,105859.65544253681
-1622.226878691581,105859.66683840659
-1622.245556566806,105859.68931982154
-1622.2644151286222,105859.70071569132
-1622.283093003789,105859.72319710627
-1622.3112905054586,105859.74583368516
-1622.3299683803925,105859.76831510011
-1622.3486462553265,105859.79079651507
-1622.3673241300276,105859.81327793049
-1622.3860020047287,105859.83575934405
-1622.404679881758,105859.85824075947
-1622.4235384431668,105859.86963663017
-1622.4517359417514,105859.89227320859
-1622.4704138161032,105859.91475462448
-1622.4890916928416,105859.93723603897
-1622.5077695646323,105859.95971745485
-1622.5264474387513,105859.98219887028
-1622.5451253151987,105860.00468028476
-1622.5638031892013,105860.02716170158
-1622.5824810630875,105860.0496431156
-1622.6013396263588,105860.06103898771
-1622.6200174976839,105860.08352040267
-1622.6386953713372,105860.10600181855
-1622.657373247319,105860.12848323351
-1622.6855707446812,105860.15111981239
-1622.7042486181017,105860.17360122828
-1622.7229264913476,105860.1960826437
-1622.7416043670382,105860.21856406052
-1622.760282240226,105860.24104547547
-1622.778960113239,105860.26352689043
-1622.797637986252,105860.28600830771
-1622.816315859207,105860.30848972313
-1622.8349937319872,105860.33097113948
-1622.8536716072122,105860.3534525549
-1622.8818691034685,105860.37608913425
-1622.900546976074,105860.39857055014
-1622.9192248485633,105860.42105196696
-1622.9379027233808,105860.44353338238
-1622.9565805932507,105860.46601479873
-1622.9752584679518,105860.48849621555
-1622.9939363400918,105860.5109776305
-1623.0126142121153,105860.53345904686
-1623.0312920841388,105860.55594046414
-1623.0499699584907,105860.57842187956
-1623.0686478278367,105860.60090329638
-1623.0873257020721,105860.6233847132
-1623.1060035736882,105860.64586612908
-1623.134201068664,105860.66850270983
-1623.1528789401636,105860.69098412618
-1623.171376123908,105860.72455108725
-1623.1900539975613,105860.74703250453
-1623.2087318688282,105860.76951391902
-1623.2274097399786,105860.79199533584
-1623.2460876109544,105860.81447675359
-1623.2647654819884,105860.8369581704
-1623.2832626650343,105860.870525131
-1623.3019405382802,105860.89300654735
-1623.320618408965,105860.91548796557
-1623.3392962795915,105860.93796938192
-1623.3579741501017,105860.9604507992
-1623.3766520206118,105860.98293221556
-1623.3953298910055,105861.00541363144
-1623.4138270757394,105861.03898059344
-1623.4325049459003,105861.06146201026
-1623.4511828160612,105861.08394342847
-1623.4698606861057,105861.10642484482
-1623.4885385560337,105861.1289062621
-1623.5070357378572,105861.16247322364
-1623.5352332330076,105861.18510980532
-1623.5539111026446,105861.20759122306
-1623.5724082840607,105861.24115818413
-1623.591086153523,105861.26363960141
-1623.609764025372,105861.28612101916
-1623.6282612041105,105861.31968798023
-1623.6469390756683,105861.34216939798
-1623.6656169448397,105861.36465081619
-1623.6841141256155,105861.39821777772
-1623.702791994554,105861.420699195
-1623.7214698658208,105861.44318061275
-1623.7399670438608,105861.47674757475
-1623.7491252922919,105861.49907382764
-1623.7678031608812,105861.52155524539
-1623.7864810294705,105861.54403666314
-1623.8049782095477,105861.57760362513
-1623.823656077846,105861.60008504335
-1623.8423339461442,105861.62256646203
-1623.860831128317,105861.65613342356
-1623.8795089963824,105861.67861484084
-1623.8980061758775,105861.71218180284
-1623.9166840437101,105861.73466322245
-1623.9353619115427,105861.7571446402
-1623.9538590906886,105861.7907116022
-1623.9725369608495,105861.81319301948
-1623.9910341397626,105861.84675998194
-1624.0097120071296,105861.86924140155
-1624.0282091858098,105861.90280836355
-1624.0468870531186,105861.92528978223
-1624.0653842316242,105861.95885674423
-1624.0840621010866,105861.9813381629
-1624.1027399681043,105862.00381958205
-1624.1212371462025,105862.03738654405
-1624.1399150131037,105862.05986796133
-1624.1490732576349,105862.08219421562
-1624.1675704378868,105862.11576117855
-1624.1862483044388,105862.13824259816
-1624.2047454820713,105862.17180956062
-1624.223423348507,105862.19429097837
-1624.2419205259066,105862.22785794083
-1624.2605983921094,105862.25033936044
-1624.2790955716628,105862.28390632384
-1624.297773437691,105862.30638774298
-1624.316270614625,105862.33995470498
-1624.3349484804785,105862.36243612412
-1624.3534456571797,105862.39600308752
-1624.3624232119182,105862.42941488512
-1624.3811010774807,105862.4518963052
-1624.3995982538909,105862.48546326766
-1624.4182761217235,105862.5079446868
-1624.4367732978426,105862.5415116502
-1624.4552704738453,105862.57507861406
-1624.4739483413869,105862.59756003134
-1624.483106582251,105862.61988628563
-1624.5016037604073,105862.65345324948
-1624.5202816253295,105862.6759346691
-1624.5387788007502,105862.70950163342
-1624.5574566654395,105862.7319830521
-1624.5759538407438,105862.76555001643
-1624.5944510159316,105862.79911697935
-1624.6131288827164,105862.82159839943
-1624.6221064337296,105862.85501019703
-1624.6406036109547,105862.88857716136
-1624.6592814751202,105862.91105858097
-1624.677778649726,105862.94462554436
-1624.6962758265436,105862.97819250822
-1624.7149536879733,105863.00067392783
-1624.7239312434103,105863.0340857259
-1624.7424284175504,105863.06765269022
-1624.7611062810756,105863.0901341103
-1624.7796034549829,105863.1237010737
-1624.798100628832,105863.15726803942
-1624.807258873363,105863.1795942923
-1624.8259367340943,105863.20207571238
-1624.8444339076523,105863.23564267578
-1624.8629310834222,105863.26920964103
-1624.8816089463653,105863.29169106157
-1624.8905864984263,105863.32510285964
-1624.9090836715186,105863.35866982397
-1624.9277615341125,105863.38115124311
-1624.9462587094167,105863.41471820837
-1624.9647558821598,105863.44828517362
-1624.9737334337551,105863.48169697169
-1624.9924112959998,105863.5041783927
-1625.0109084683936,105863.53774535703
-1625.0294056431158,105863.57131232135
-1625.047902812832,105863.60487928614
-1625.0665806771722,105863.62736070482
-1625.0755582283018,105863.66077250522
-1625.0940554001136,105863.69433946954
-1625.112552571809,105863.72790643387
-1625.1310497433878,105863.76147339866
-1625.1402079865802,105863.7837996534
-1625.158885845507,105863.80628107442
-1625.1678633985575,105863.83969287295
-1625.1863605697872,105863.87325983774
-1625.204857740784,105863.906826803
-1625.2233549117227,105863.94039376825
-1625.2420327726286,105863.9628751888
-1625.2510103252716,105863.99628698686
-1625.2695074934163,105864.02985395165
-1625.288004666334,105864.06342091877
-1625.3065018366906,105864.09698788263
-1625.3249990069307,105864.13055484742
-1625.3341572468635,105864.1528811031
-1625.352654416929,105864.18644806836
-1625.37115158682,105864.22001503455
-1625.3896487590391,105864.25358199934
-1625.4081459286972,105864.28714896506
-1625.4266430982389,105864.32071593031
-1625.4358013378223,105864.34304218553
-1625.4542985071894,105864.37660915079
-1625.4632760562235,105864.41002094932
-1625.4819539157324,105864.4325023708
-1625.5004510871368,105864.46606933651
-1625.5094286359963,105864.49948113598
-1625.5279258047813,105864.53304810217
-1625.546422973508,105864.56661506835
-1625.5649201420601,105864.60018203361
-1625.5834173128242,105864.63374899887
-1625.601914478757,105864.66731596505
-1625.6110727200285,105864.68964221934
-1625.629569888115,105864.72320918692
-1625.648067056085,105864.75677615125
-1625.6665642239386,105864.79034311697
-1625.6850613916758,105864.82391008362
-1625.6940389419906,105864.85732188309
-1625.7125361070503,105864.89088884927
-1625.731033276883,105864.92445581453
-1625.7495304441545,105864.95802278258
-1625.7680276112515,105864.99158974783
-1625.786524778232,105865.02515671356
-1625.795683016302,105865.04748296877
-1625.8046605661511,105865.08089476824
-1625.823157730396,105865.11446173443
-1625.8416548994137,105865.14802870108
-1625.8601520658704,105865.18159566773
-1625.8786492322106,105865.21516263345
-1625.8971463984344,105865.2487296015
-1625.9063046360388,105865.27105585486
-1625.924801802088,105865.30462282244
-1625.9432989703491,105865.33818978816
-1625.9617961362237,105865.37175675575
-1625.980293301749,105865.40532372193
-1625.9892708481639,105865.43873552233
-1626.0077680135146,105865.47230248852
-1626.02626518131,105865.50586945564
-1626.044762346428,105865.53943642275
-1626.063259511604,105865.57300338848
-1626.0817566764308,105865.60657035606
-1626.0907342222636,105865.63998215552
-1626.1092313869158,105865.67354912311
-1626.1277285515098,105865.70711608883
-1626.1367060994962,105865.74052788969
-1626.1552032638574,105865.77409485634
-1626.1737004281604,105865.8076618244
-1626.1921975922305,105865.84122878965
-1626.2106947562424,105865.8747957577
-1626.229191920138,105865.90836272389
-1626.2381694650976,105865.94177452475
-1626.2566666287603,105865.97534149094
-1626.275163794693,105866.00890845945
-1626.2936609580647,105866.04247542704
-1626.3121581213782,105866.07604239415
-1626.3306552845752,105866.1096093608
-1626.3491524475394,105866.14317632839
-1626.3676496103872,105866.17674329644
-1626.3766271572094,105866.21015509637
-1626.3951243198244,105866.24372206349
-1626.4136214823811,105866.27728903107
-1626.4321186448215,105866.31085599912
-1626.4506158071454,105866.34442296717
-1626.4595933509408,105866.37783476664
-1626.478090513032,105866.41140173515
-1626.4965876775095,105866.44496870227
-1626.5150848393096,105866.47853567032
-1626.5335820009932,105866.51210263837
-1626.5520791625604,105866.54566960689
-1626.5705763240694,105866.579236574
-1626.5793731780723,105866.62373391958
-1626.5978703392902,105866.65730088716
-1626.6163675003336,105866.69086785568
-1626.6348646613187,105866.72443482233
-1626.6533618222456,105866.75800179131
-1626.6718589828815,105866.7915687603
-1626.6903561459621,105866.82513572788
-1626.7088533064816,105866.85870269593
-1626.7273504667683,105866.89226966351
-1626.745847627055,105866.92583663203
-1626.7643447871087,105866.95940359961
-1626.7826612552162,105867.00405611377
-1626.801158417482,105867.03762308275
-1626.81013595697,105867.07103488315
-1626.828633119003,105867.10460185166
-1626.8471302785329,105867.13816881971
-1626.8656274379464,105867.17173578823
-1626.8841245995718,105867.20530275628
-1626.8931021386525,105867.2387145576
-1626.9115993001033,105867.27228152519
-1626.930096458993,105867.30584849464
-1626.9484129257035,105867.35050100787
-1626.9669100843603,105867.38406797638
-1626.9854072428425,105867.4176349463
-1627.0039044012083,105867.45120191434
-1627.0224015619024,105867.48476888286
-1627.0408987200353,105867.51833585091
-1627.0592151858145,105867.562988366
-1627.0777123436565,105867.59655533405
-1627.096209501382,105867.6301223035
-1627.114706658991,105867.66368927201
-1627.1332038189285,105867.69725624146
-1627.1517009763047,105867.73082320997
-1627.1700174411526,105867.77547572413
-1627.1789949811646,105867.8088875264
-1627.1974921381334,105867.84245449537
-1627.2159892974305,105867.87602146482
-1627.23448645178,105867.9095884338
-1627.2529836108442,105867.94315540325
-1627.2713000748772,105867.98780791648
-1627.2897972312057,105868.02137488546
-1627.3082943874178,105868.05494185537
-1627.3267915459583,105868.08850882575
-1627.3452886994928,105868.12207579473
-1627.3636051652138,105868.16672830842
-1627.391621937626,105868.20045044599
-1627.4101190931979,105868.2340174159
-1627.4286162486533,105868.26758438628
-1627.4469327112893,105868.31223689951
-1627.4654298688401,105868.34580387082
-1627.483927023888,105868.37937084027
-1627.5024241787614,105868.41293780925
-1627.5209213335766,105868.44650477963
-1627.5392377953976,105868.49115729332
-1627.5482153358753,105868.52456909511
-1627.5667124878382,105868.55813606596
-1627.5852096446324,105868.5917030354
-1627.6035261059296,105868.6363555505
-1627.6315428762464,105868.67007768899
-1627.6500400301302,105868.7036446589
-1627.6685371838394,105868.73721162928
-1627.6868536469992,105868.78186414437
-1627.7053508004756,105868.81543111382
-1627.7238479537773,105868.84899808513
-1627.7423451070208,105868.88256505551
-1627.7606615670957,105868.92721756967
-1627.7791587200481,105868.96078454051
-1627.797655875329,105868.99435151182
-1627.8161530280486,105869.02791848127
-1627.834469487425,105869.07257099682
-1627.8624862557626,105869.10629313625
-1627.8809834105195,105869.13986010756
-1627.8994805602124,105869.1734270784
-1627.9082774056005,105869.21792442445
-1627.9267745575053,105869.25149139576
-1627.9452717093518,105869.2850583666
-1627.973107783473,105869.32986605028
-1627.991604937357,105869.36343302112
-1628.0101020886796,105869.39699999196
-1628.0285992398858,105869.43056696374
-1628.0469156976324,105869.47521947743
-1628.0654128486058,105869.50878644921
-1628.0839099994628,105869.54235342052
-1628.1117460722453,105869.5871611042
-1628.130243225256,105869.62072807737
-1628.1487403756473,105869.65429504821
-1628.1672375259222,105869.68786201905
-1628.185553982621,105869.73251453554
-1628.2040511325467,105869.76608150685
-1628.2320679002441,105869.79980364721
-1628.2503843563609,105869.8444561623
-1628.2688815059373,105869.87802313454
-1628.2873786554555,105869.91159010632
-1628.3056951111066,105869.95624262234
-1628.3241922627203,105869.98980959365
-1628.3426894117729,105870.02337656636
-1628.3610058670165,105870.06802908191
-1628.3795030158362,105870.10159605369
-1628.4075197795173,105870.13531819405
-1628.425836234237,105870.17997071054
-1628.4443333825911,105870.21353768231
-1628.4628305332735,105870.24710465409
-1628.4906666024472,105870.29191234102
-1628.509163750452,105870.3254793128
-1628.527660898224,105870.3590462855
-1628.545977354399,105870.40369880106
-1628.5644745018799,105870.43726577377
-1628.5924912641058,105870.47098791506
-1628.610988411412,105870.50455488777
-1628.629304864502,105870.54920740472
-1628.6478020115173,105870.58277437603
-1628.6662991584162,105870.6163413478
-1628.6941352279973,105870.66114903567
-1628.703112760093,105870.69456083793
-1628.7216099066427,105870.72812781064
-1628.749445973197,105870.77293549618
-1628.767943121784,105870.80650246935
-1628.786440267926,105870.84006944252
-1628.8047567195608,105870.88472195994
-1628.832773479633,105870.91844410263
-1628.8512706277543,105870.95201107487
-1628.8695870764786,105870.99666359229
-1628.8880842243088,105871.03023056546
-1628.9161009837408,105871.06395270815
-1628.9344174344442,105871.1086052251
-1628.9529145794222,105871.14217219735
-1628.9714117242256,105871.17573917098
-1628.9994284854038,105871.20946131414
-1629.0177449354087,105871.25411383156
-1629.0362420798047,105871.28768080566
-1629.0547392241424,105871.32124777837
-1629.0825752876117,105871.36605546577
-1629.1010724339867,105871.39962243894
-1629.119388883235,105871.44427495776
-1629.1378860268742,105871.47784193046
-1629.1563831705134,105871.51140890457
-1629.1748803139199,105871.54497587634
-1629.2027163762832,105871.5897835656
-1629.2212135219015,105871.62335053924
-1629.2397106649005,105871.65691751335
-1629.2580271130428,105871.70157003123
-1629.2860438693315,105871.73529217485
-1629.3045410119812,105871.76885914849
-1629.3228574619861,105871.81351166544
-1629.3508742178092,105871.84723381093
-1629.3693713600514,105871.88080078457
-1629.3876878070878,105871.92545330292
-1629.4061849514255,105871.95902027702
-1629.4342017066665,105871.9927424211
-1629.4526988483267,105872.02630939474
-1629.4710152947227,105872.0709619131
-1629.4990320493816,105872.10468405811
-1629.5175291929627,105872.13825103268
-1629.5358456365066,105872.18290355103
-1629.5543427797966,105872.21647052653
-1629.5728399207,105872.25003750063
-1629.591156366223,105872.29469001899
-1629.6191731198342,105872.32841216354
-1629.6376702602138,105872.36197913857
-1629.6559867075412,105872.40663165692
-1629.6840034606867,105872.44035380194
-1629.702500600717,105872.47392077651
-1629.7209977405146,105872.50748775154
-1629.7393141872599,105872.55214026943
-1629.7673309396487,105872.58586241584
-1629.7858280791552,105872.61942939088
-1629.80414452299,105872.6640819097
-1629.832161274855,105872.69780405518
-1629.8506584162824,105872.73137103068
-1629.869155552704,105872.76493800431
-1629.8874719983432,105872.80959052453
-1629.9154887495097,105872.84331267001
-1629.9339858880267,105872.87687964644
-1629.9523023306974,105872.9215321648
-1629.970799468807,105872.95509913983
-1629.989296609303,105872.9886661158
-1630.017313359771,105873.02238826221
-1630.0356298017432,105873.06704078102
-1630.054126939387,105873.10060775653
-1630.072624079301,105873.13417473249
-1630.1006408290705,105873.16789687797
-1630.1189572704025,105873.21254939819
-1630.1374544075225,105873.24611637415
-1630.1654711567098,105873.27983852103
-1630.1839682959253,105873.31340549653
-1630.2022847366752,105873.35805801628
-1630.2303014852805,105873.39178016363
-1630.248798621702,105873.4253471382
-1630.2672957578907,105873.45891411416
-1630.2857928940793,105873.4924810906
-1630.31362894841,105873.53728878219
-1630.3321260842495,105873.57085575815
-1630.3506232199725,105873.60442273412
-1630.3689396593836,105873.6490752548
-1630.3874367948738,105873.6826422303
-1630.4059339325759,105873.71620920626
-1630.4339506795513,105873.74993135361
-1630.452447814634,105873.78349833051
-1630.4707642532885,105873.82815085072
-1630.489261388022,105873.86171782762
-1630.5172781367437,105873.89543997496
-1630.5357752712443,105873.92900695186
-1630.5542724055704,105873.96257392736
-1630.5821084550116,105874.00738161989
-1630.6006055891048,105874.04094859678
-1630.6191027230234,105874.07451557415
-1630.6375998568255,105874.10808254965
-1630.665616604383,105874.14180469792
-1630.6839330414077,105874.18645721907
-1630.7024301748024,105874.2200241955
-1630.7304469194496,105874.25374634331
-1630.748944052495,105874.28731332207
-1630.7674411879852,105874.3208802985
-1630.785757624195,105874.36553281965
-1630.8042547568912,105874.39909979561
-1630.8227518918575,105874.43266677344
-1630.8507686355151,105874.46638892172
-1630.8692657678039,105874.49995589908
-1630.887582203257,105874.54460842069
-1630.9060793353128,105874.57817539852
-1630.9340960807167,105874.61189754633
-1630.9525932100369,105874.6454645237
-1630.9710903440719,105874.67903150106
-1630.9991070865653,105874.71275365027
-1631.0174235210288,105874.75740617188
-1631.0359206522116,105874.7909731497
-1631.054417783278,105874.82454012753
-1631.0824345274596,105874.85826227674
-1631.1009316582931,105874.89182925364
-1631.119428788952,105874.92539623147
-1631.1472648332128,105874.97020392492
-1631.1657619635807,105875.00377090368
-1631.184259096277,105875.03733788151
-1631.202756226412,105875.07090485888
-1631.2212533563725,105875.1044718367
-1631.239569789148,105875.14912435832
-1631.2580669188756,105875.18269133614
-1631.2860836590407,105875.21641348675
-1631.3045807908056,105875.24998046458
-1631.323077920184,105875.2835474424
-1631.3510946598835,105875.31726959255
-1631.3695917888544,105875.35083657177
-1631.387908220524,105875.39548909385
-1631.4064053517068,105875.42905607261
-1631.4344220906496,105875.46277822321
-1631.4529192191549,105875.49634520104
-1631.4714163475437,105875.5299121784
-1631.4994330859627,105875.56363432994
-1631.517749518971,105875.60828685248
-1631.5362466470106,105875.64185383217
-1631.5547437748173,105875.67542080954
-1631.582760512596,105875.70914296107
-1631.6012576426147,105875.74270993937
-1631.619754767511,105875.77627691813
-1631.6380711997044,105875.82092943974
-1631.656568326871,105875.8544964199
-1631.6750654538628,105875.88806339912
-1631.7030821907101,105875.92178554926
-1631.721579317411,105875.95535252895
-1631.74007644644,105875.98891950864
-1631.7583928751992,105876.03357203119
-1631.7864096112899,105876.06729418272
-1631.804906737525,105876.10086116195
-1631.823403865972,105876.13442814164
-1631.8514206016553,105876.16815029318
-1631.8699177274248,105876.20171727194
-1631.888414853136,105876.23528425116
-1631.906731280731,105876.2799367751
-1631.9347480181023,105876.3136589271
-1631.9532451409614,105876.34722590633
-1631.971742268477,105876.38079288695
-1631.999759002938,105876.41451503849
-1632.0182561278343,105876.44808201771
-1632.0365725544398,105876.49273454212
-1632.0550696790451,105876.52630152274
-1632.0735668058624,105876.55986850103
-1632.0920639301767,105876.59343548073
-1632.1200806637062,105876.6271576332
-1632.1385777876712,105876.66072461288
-1632.1568942158483,105876.70537713775
-1632.175391339697,105876.73894411745
-1632.2034080724115,105876.77266627038
-1632.221905195911,105876.80623325054
-1632.2404023192357,105876.83980023023
-1632.2684190539876,105876.87352238363
-1632.2869161771378,105876.90708936378
-1632.305232601706,105876.95174188819
-1632.3237297245068,105876.98530886788
-1632.3517464561155,105877.01903102314
-1632.3702435786836,105877.05259800237
-1632.388740701077,105877.08616498206
-1632.4167574346648,105877.11988713453
-1632.4352545568254,105877.15345411655
-1632.4535709802294,105877.19810664095
-1632.472068102099,105877.23167362157
-1632.490565226297,105877.2652406022
-1632.5090623478754,105877.29880758328
-1632.5275594693376,105877.33237456251
-1632.5555761994328,105877.3660967173
-1632.5738926219055,105877.41074924264
-1632.5923897429602,105877.4443162242
-1632.6204064749181,105877.4780383776
-1632.6389035956818,105877.51160535775
-1632.657400716329,105877.54517233884
-1632.6758978368598,105877.57873932086
-1632.7039145657327,105877.61246147472
-1632.7224116859725,105877.64602845442
-1632.7409088085406,105877.67959543504
-1632.7592252296163,105877.72424796224
-1632.7872419577325,105877.75797011564
-1632.8057390775066,105877.79153709812
-1632.8242361994926,105877.82510407828
-1632.8522529271431,105877.858826234
-1632.8610497392947,105877.90332358563
-1632.8795468584867,105877.93689056672
-1632.907563588058,105877.97061272152
-1632.9260607045144,105878.00417970307
-1632.9445578257437,105878.03774668463
-1632.9725745524047,105878.07146884082
-1632.9910716708982,105878.10503582144
-1633.0095687892754,105878.138602803
-1633.027885208372,105878.1832553302
-1633.055901936721,105878.21697748592
-1633.074399054749,105878.25054446748
-1633.092896172544,105878.2841114481
-1633.120912898099,105878.31783360476
-1633.1394100156613,105878.35140058678
-1633.1579071354936,105878.38496756833
-1633.1764042527648,105878.41853455035
-1633.2042402782245,105878.46334225079
-1633.2227373952046,105878.49690923188
-1633.241234514513,105878.53047621436
-1633.269251238904,105878.56419837102
-1633.2782287478913,105878.59761017887
-1633.2965451648924,105878.64226270653
-1633.3245618887013,105878.67598486226
-1633.343059004983,105878.70955184475
-1633.3615561210318,105878.74311882677
-1633.3800532394089,105878.77668580972
-1633.4080699626356,105878.81040796544
-1633.426567078277,105878.84397494886
-1633.445064193802,105878.87754193135
-1633.4633806119673,105878.92219445808
-1633.4913973344956,105878.95591661474
-1633.509894449613,105878.98948359769
-1633.5283915646723,105879.02305058017
-1633.5564082866767,105879.05677273683
-1633.5749054037733,105879.09033972025
-1633.5934025159804,105879.1239067032
-1633.6118996329024,105879.15747368569
-1633.6397356543457,105879.20228138752
-1633.658232768532,105879.23584837094
-1633.6767298825434,105879.26941535389
-1633.6952269964968,105879.3029823373
-1633.7137241127202,105879.33654932026
-1633.7322212264407,105879.37011630321
-1633.7600572467782,105879.41492400551
-1633.7785543601494,105879.44849098846
-1633.7970514757908,105879.48205797188
-1633.8155485865427,105879.5156249553
-1633.8435653086053,105879.54934711242
-1633.862062421511,105879.5829140963
-1633.8805595341837,105879.61648107972
-1633.8990566468565,105879.65004806314
-1633.926892665564,105879.6948557659
-1633.9453897803323,105879.72842275025
-1633.9638868925394,105879.76198973414
-1633.9823840045137,105879.79555671709
-1634.0104007229675,105879.82927887561
-1634.028897834709,105879.86284585949
-1634.047394948895,105879.89641284337
-1634.0754116667085,105879.9301350019
-1634.0937280776561,105879.97478753002
-1634.1122251888737,105880.0083545139
-1634.1307223023614,105880.04192149779
-1634.1492194109596,105880.07548848214
-1634.1677165242145,105880.10905546555
-1634.1955525405938,105880.15386317018
-1634.2140496511129,105880.1874301536
-1634.2325467615156,105880.22099713702
-1634.25104387186,105880.2545641223
-1634.2790605904884,105880.28828628128
-1634.2975577005418,105880.32185326563
-1634.3160548104206,105880.35542024951
-1634.3343712194473,105880.4000727795
-1634.362387935049,105880.4337949385
-1634.3808850469068,105880.4673619233
-1634.3993821562617,105880.50092890766
-1634.4178792655002,105880.53449589293
-1634.445895980345,105880.56821805239
-1634.4643930917373,105880.6017850358
-1634.482709499658,105880.64643756626
-1634.5012066083727,105880.68000455014
-1634.5197037168546,105880.71357153589
-1634.5382008253364,105880.74713852024
-1634.56621753925,105880.78086068062
-1634.5845339463558,105880.82551320968
-1634.6030310568167,105880.8590801945
-1634.6215281646582,105880.89264717977
-1634.6400252724416,105880.92621416552
-1634.6680419855402,105880.95993632497
-1634.686539095419,105880.99350330979
-1634.7050362027949,105881.02707029507
-1634.7233526087948,105881.07172282599
-1634.7513693212532,105881.10544498637
-1634.7698664281052,105881.13901197165
-1634.7883635349572,105881.1725789574
-1634.8068606415763,105881.20614594221
-1634.825357750582,105881.23971292749
-1634.8533744622255,105881.27343508927
-1634.8716908671195,105881.31808761973
-1634.890187973273,105881.35165460501
-1634.9086850816384,105881.38522159075
-1634.927182187559,105881.41878857696
-1634.9456792933051,105881.45235556224
-1634.9639956974424,105881.49700809224
-1634.9920124103082,105881.53073025309
-1635.0105095132021,105881.56429724023
-1635.029006620869,105881.5978642255
-1635.0475037259166,105881.63143121125
-1635.0660008308478,105881.664998197
-1635.0938368389616,105881.70980590396
-1635.1123339436017,105881.74337288924
-1635.1308310505701,105881.77693987638
-1635.1493281549192,105881.81050686259
-1635.177344863885,105881.84422902437
-1635.1956612662761,105881.8888815553
-1635.2141583726625,105881.9224485415
-1635.2326554741012,105881.95601552725
-1635.2511525802547,105881.98958251439
-1635.269649683847,105882.0231495006
-1635.2974856899818,105882.06795720803
-1635.3159827932832,105882.1015241947
-1635.334479896468,105882.13509118045
-1635.3529770019231,105882.16865816712
-1635.3714741048752,105882.2022251552
-1635.389790505753,105882.24687768565
-1635.408287608414,105882.28044467326
-1635.4363043175545,105882.31416683504
-1635.454801417538,105882.34773382265
-1635.4732985222363,105882.38130080886
-1635.4917956243735,105882.414867796
-1635.5101120242616,105882.4595203274
-1635.5286091261078,105882.49308731407
-1635.5471062302822,105882.52665430075
-1635.5751229359303,105882.56037646439
-1635.5936200374272,105882.59394345153
-1635.6119364365586,105882.63859598339
-1635.6304335377063,105882.67216297006
-1635.6489306387957,105882.70572995767
-1635.6674277397105,105882.73929694481
-1635.6859248429537,105882.77286393149
-1635.7042412413284,105882.81751646427
-1635.722738341894,105882.85108345142
-1635.7412354423432,105882.88465043856
-1635.7692521488061,105882.91837260267
-1635.7877492464613,105882.95193959074
-1635.8060656464659,105882.9965921226
-1635.824562746333,105883.0301591102
-1635.8430598460836,105883.06372609781
-1635.861556945718,105883.09729308495
-1635.8800540476223,105883.13086007349
-1635.8983704419807,105883.17551260442
-1635.9168675436522,105883.20907959249
-1635.9353646428208,105883.24264658103
-1635.963381345151,105883.27636874514
-1635.9816977413138,105883.32102127746
-1636.0001948400168,105883.35458826646
-1636.0186919409316,105883.38815525454
-1636.0371890394017,105883.42172224168
-1636.0555054349825,105883.46637477493
-1636.0740025331033,105883.49994176393
-1636.092499631166,105883.53350875154
-1636.1109967291122,105883.56707573961
-1636.1293131264392,105883.61172827333
-1636.1478102240944,105883.64529526187
-1636.166307321575,105883.67886224855
-1636.1848044189392,105883.71242923802
-1636.2031208133558,105883.75708177034
-1636.221617910487,105883.79064875841
-1636.2401150098303,105883.82421574742
-1636.258612106787,105883.85778273595
-1636.2769285005052,105883.9024352706
-1636.2954255971126,105883.93600225775
-1636.3139226935455,105883.96956924628
-1636.332419789862,105884.00313623575
-1636.3507361854427,105884.047788769
-1636.3692332815262,105884.08135575708
-1636.3877303774934,105884.11492274562
-1636.4062274734024,105884.14848973555
-1636.42454386584,105884.1931422688
-1636.4430409613997,105884.22670925641
-1636.4615380592877,105884.26027624635
-1636.4800351545564,105884.29384323489
-1636.49835154647,105884.33849577
-1636.5168486415641,105884.37206275715
-1636.5353457364254,105884.40562974755
-1636.5538428312866,105884.43919673702
-1636.5721592250047,105884.4838492712
-1636.5906563195167,105884.5174162602
-1636.6091534139123,105884.55098324874
-1636.62746980472,105884.59563578386
-1636.6364472965943,105884.62904759543
-1636.6549443930853,105884.66261458443
-1636.6734414870152,105884.69618157484
-1636.6917578773573,105884.74083410762
-1636.710254970938,105884.7744010971
-1636.7287520644022,105884.80796808843
-1636.7470684542786,105884.85262062121
-1636.7655655498966,105884.88618761068
-1636.7840626430698,105884.91975460062
-1636.8025597360684,105884.95332159009
-1636.8113565233652,105884.9978189473
-1636.8298536161892,105885.03138593631
-1636.8483507087221,105885.06495292671
-1636.8666670975508,105885.10960546136
-1636.8851641922956,105885.1431724513
-1636.9036612844793,105885.1767394417
-1636.9124580711941,105885.22123679891
-1636.9309551632032,105885.25480378792
-1636.9494522550376,105885.28837077785
-1636.967949346872,105885.32193776825
-1636.9862657369813,105885.36659030383
-1636.995243226993,105885.40000211587
-1637.0137403183035,105885.43356910627
-1637.032056705677,105885.47822164139
-1637.0505537967547,105885.51178863086
-1637.0690508901607,105885.54535562126
-1637.0778476732085,105885.58985297801
-1637.0963447664399,105885.62341996888
-1637.1148418569937,105885.65698695881
-1637.133158243494,105885.70163949532
-1637.1421357326326,105885.73505130783
-1637.1606328228954,105885.7686182973
-1637.1791299154283,105885.8021852877
-1637.1879266977776,105885.84668264631
-1637.2064237900777,105885.88024963625
-1637.2249208798166,105885.91381662665
-1637.2337176642613,105885.9583139848
-1637.2522147538257,105885.99188097473
-1637.2707118432154,105886.0254479656
-1637.2795086273109,105886.06994532421
-1637.298005716526,105886.10351231415
-1637.3165028078947,105886.13707930502
-1637.3254802959855,105886.17049111798
-1637.343796680565,105886.2151436545
-1637.3622937691398,105886.24871064536
-1637.3712712569395,105886.28212245787
-1637.3895876411116,105886.32677499298
-1637.4080847293371,105886.36034198431
-1637.417062216904,105886.39375379775
-1637.4353786030551,105886.43840633333
-1637.4443560903892,105886.47181814583
-1637.4628531782655,105886.50538513763
-1637.4718306654831,105886.53879694967
-1637.4901470486075,105886.58344948618
-1637.4991245355923,105886.61686130008
-1637.517621623003,105886.65042829094
-1637.5264184053522,105886.69492564863
-1637.5449154948583,105886.72849264089
-1637.5538929816103,105886.7619044534
-1637.5723900685553,105886.79547144519
-1637.581186850497,105886.83996880194
-1637.599683937151,105886.87353579467
-1637.6086614235537,105886.90694760717
-1637.6269778053975,105886.95160014415
-1637.6359552915674,105886.98501195759
-1637.6544523802586,105887.01857894845
-1637.6634298661957,105887.05199076096
-1637.6817462475155,105887.09664329793
-1637.6907237333944,105887.1300551109
-1637.7092208191752,105887.16362210317
-1637.7180176001275,105887.20811946085
-1637.7365146856755,105887.24168645358
-1637.745492171147,105887.27509826701
-1637.754469659063,105887.30851008045
-1637.7727860395098,105887.35316261649
-1637.7817635247484,105887.38657442993
-1637.790741009987,105887.4199862429
-1637.8092380948365,105887.45355323469
-1637.8180348750902,105887.4980505933
-1637.8365319621516,105887.53161758464
-1637.8455094445962,105887.565029399
-1637.8543062245008,105887.60952675669
-1637.872803311213,105887.64309374988
-1637.8817807959276,105887.67650556332
-1637.890758280526,105887.70991737628
-1637.9090746595757,105887.75456991373
-1637.918052143883,105887.7879817267
-1637.9270296283066,105887.82139354013
-1637.9455267143785,105887.85496053286
-1637.9543234911398,105887.899457891
-1637.9633009752724,105887.9328697049
-1637.9722784616752,105887.96628151741
-1637.9907755450113,105887.99984850967
-1637.9997530288529,105888.03326032404
-1638.0085498075932,105888.07775768312
-1638.0175272913184,105888.11116949655
-1638.0360243740724,105888.14473648975
-1638.0450018577976,105888.17814830272
-1638.0537986385752,105888.2226456618
-1638.0627761195647,105888.25605747523
-1638.081273204356,105888.28962446796
-1638.0902506876737,105888.32303628139
-1638.0990474657156,105888.36753364047
-1638.1080249488587,105888.40094545484
-1638.1265220307978,105888.43451244663
-1638.1354995137663,105888.46792426007
-1638.1444769967347,105888.5013360735
-1638.153273774311,105888.54583343398
-1638.1622512595495,105888.57924524788
-1638.1712287397822,105888.61265706131
-1638.1897258235258,105888.64622405358
-1638.198703306145,105888.67963586841
-1638.2075000832556,105888.72413322655
-1638.2164775657002,105888.75754504092
-1638.2254550480866,105888.79095685482
-1638.2344325303566,105888.82436866825
-1638.2529296110733,105888.85793566145
-1638.2617263877764,105888.90243302006
-1638.2707038722583,105888.93584483396
-1638.2796813518507,105888.9692566488
-1638.2886588337715,105889.00266846223
-1638.2976363180787,105889.03608027566
-1638.3064330944326,105889.0805776352
-1638.3249301743344,105889.11414462794
-1638.3339076559641,105889.14755644184
-1638.3428851375356,105889.18096825713
-1638.3518626191071,105889.21438007103
-1638.3608401004458,105889.24779188447
-1638.3696368762758,105889.29228924355
-1638.378614360001,105889.32570105838
-1638.3875918388367,105889.35911287181
-1638.3965693200007,105889.39252468664
-1638.4055468036095,105889.42593650101
-1638.414524284657,105889.45934831491
-1638.433021363453,105889.49291530764
-1638.441818138701,105889.53741266672
-1638.4507956194575,105889.57082448155
-1638.459773100214,105889.60423629638
-1638.4687505809125,105889.63764810981
-1638.4777280614944,105889.67105992371
-1638.486705544463,105889.70447173808
-1638.4955023168004,105889.74896909762
-1638.5044797996525,105889.78238091152
-1638.5134572800016,105889.81579272682
-1638.5224347602343,105889.84920454072
-1638.531412240467,105889.88261635555
-1638.5403897205833,105889.91602816945
-1638.5493672006996,105889.94943998475
-1638.5581639748998,105889.99393734243
-1638.5671414547833,105890.0273491568
-1638.5761189346667,105890.06076097162
-1638.5850964145502,105890.09417278599
-1638.5940738967038,105890.12758459989
-1638.603051373968,105890.16099641472
-1638.6120288559468,105890.19440822955
-1638.6210063355393,105890.22782004392
-1638.6299838150153,105890.26123185828
-1638.638961294433,105890.29464367311
-1638.6477580678184,105890.33914103173
-1638.6567355471198,105890.37255284702
-1638.665713026363,105890.40596466092
-1638.6746905054897,105890.43937647529
-1638.6836679846165,105890.47278829059
-1638.6926454636268,105890.50620010542
-1638.7016229450237,105890.53961191932
-1638.710600421473,105890.57302373368
-1638.7195779026952,105890.60643554898
-1638.728555381531,105890.63984736335
-1638.7373521541012,105890.68434472289
-1638.7368100359454,105890.71760135889
-1638.7457875146065,105890.75101317326
-1638.754764993093,105890.78442498716
-1638.7637424715795,105890.81783680152
-1638.7727199499495,105890.85124861682
-1638.7816974282032,105890.88466043165
-1638.790674906515,105890.91807224648
-1638.7996523847105,105890.95148406131
-1638.8086298652925,105890.98489587661
-1638.8176073433133,105891.01830769097
-1638.826584821334,105891.05171950487
-1638.8355622992967,105891.0851313197
-1638.8350201806752,105891.11838795524
-1638.8439976585796,105891.15179977054
-1638.8529751363676,105891.18521158444
-1638.8619526140392,105891.21862339973
-1638.8709300917108,105891.25203521457
-1638.879907569266,105891.28544702893
-1638.8887043404975,105891.3299443894
-1638.8976818179945,105891.3633562047
-1638.9066592953168,105891.39676801907
-1638.9061171765206,105891.43002465414
-1638.915275362553,105891.4523509224
-1638.924252839759,105891.48576273769
-1638.933230316965,105891.51917455252
-1638.9420270876726,105891.56367191393
-1638.9510045646457,105891.59708372736
-1638.9599820416188,105891.63049554266
-1638.9594399225898,105891.66375217726
-1638.9684173993883,105891.69716399303
-1638.9773948761867,105891.73057580739
-1638.986372352927,105891.76398762269
-1638.995349829609,105891.79739943752
-1639.0043273061747,105891.83081125282
-1639.0037851869129,105891.86406788882
-1639.0127626634203,105891.89747970365
-1639.021740142256,105891.93089151895
-1639.030717618647,105891.96430333331
-1639.0396950949216,105891.99771514768
-1639.0391529755434,105892.03097178368
-1639.048130451818,105892.06438359898
-1639.0571079279762,105892.0977954138
-1639.0662661105162,105892.12012168439
-1639.0752435864415,105892.15353349876
-1639.084221062425,105892.18694531312
-1639.0836789428722,105892.22020194773
-1639.0926564187394,105892.25361376395
-1639.10163389449,105892.28702557925
-1639.1106113702408,105892.32043739362
-1639.1195888458751,105892.35384920845
-1639.1190467262059,105892.38710584491
-1639.1280242041685,105892.42051766021
-1639.1370016796282,105892.45392947504
-1639.1459791550878,105892.48734129034
-1639.1454370353604,105892.52059792541
-1639.1544145106454,105892.55400974117
-1639.1633919859305,105892.58742155554
-1639.1723694611574,105892.6208333713
-1639.1815276428824,105892.64315964049
-1639.1809855229221,105892.67641627602
-1639.1899629979744,105892.70982808992
-1639.1989404729102,105892.74323990569
-1639.207917950349,105892.77665172145
-1639.2073758302722,105892.80990835698
-1639.216353302705,105892.84332017228
-1639.2253307773499,105892.87673198711
-1639.2343082544976,105892.91014380334
-1639.2337661343627,105892.94340043794
-1639.2429243156803,105892.96572670853
-1639.2519017901504,105892.99913852336
-1639.2608792646788,105893.03255033912
-1639.2603371443693,105893.06580697512
-1639.2693146187812,105893.09921878995
-1639.2782920930767,105893.13263060572
-1639.2872695672559,105893.16604242194
-1639.296247041435,105893.19945423631
-1639.295704921009,105893.23271087138
-1639.3046823950717,105893.26612268714
-1639.3138405784266,105893.2884489568
-1639.3228180499282,105893.32186077256
-1639.3222759293858,105893.35511740716
-1639.3312534032157,105893.38852922292
-1639.3402308794903,105893.42194103915
-1639.3396887588315,105893.45519767422
-1639.3488469393924,105893.47752394434
-1639.3578244131058,105893.51093575917
-1639.3668018865865,105893.544347574
-1639.3662597659277,105893.57760421094
-1639.3752372394083,105893.61101602577
-1639.384214712889,105893.6444278406
-1639.3933728931006,105893.66675411165
-1639.3928307722672,105893.70001074811
-1639.4018082455732,105893.73342256388
-1639.4107857187046,105893.76683437871
-1639.4197631942807,105893.80024619447
-1639.4192210733308,105893.83350282954
-1639.4283792509232,105893.8558290992
-1639.4373567239381,105893.88924091402
-1639.43681460293,105893.92249755003
-1639.4457920782152,105893.95590936625
-1639.4547695510555,105893.98932118108
-1639.4639277308015,105894.0116474526
-1639.463385609677,105894.0449040872
-1639.4723630823428,105894.07831590436
-1639.4813405549503,105894.1117277192
-1639.480979140848,105894.13389880955
-1639.4899566132808,105894.16731062438
-1639.498934085772,105894.20072244108
-1639.5079115581466,105894.23413425684
-1639.5073694369057,105894.26739089144
-1639.5165276162443,105894.28971716156
-1639.5255050909473,105894.32312897872
-1639.5249629695318,105894.35638561286
-1639.533940439229,105894.38979742816
-1639.543098618451,105894.41212369874
-1639.552076092863,105894.44553551497
-1639.5515339714475,105894.47879215097
-1639.5605114432983,105894.5122039658
-1639.5696696222876,105894.53453023685
-1639.5691275007557,105894.56778687239
-1639.5781049725483,105894.60119868815
-1639.5870824442245,105894.63461050438
-1639.586721029773,105894.6567815938
-1639.5956985013909,105894.6901934105
-1639.6046759728924,105894.7236052258
-1639.6138341515907,105894.74593149684
-1639.6132920299424,105894.77918813145
-1639.6222695013275,105894.81259994674
-1639.631246975041,105894.8460117639
-1639.6404051511781,105894.86833803402
-1639.6398630293552,105894.90159466956
-1639.6488405004493,105894.93500648532
-1639.6578179739881,105894.96841830108
-1639.657456559362,105894.9905893919
-1639.6664340303978,105895.0240012072
-1639.6754115013173,105895.05741302343
-1639.68456967955,105895.07973929355
-1639.6840275575523,105895.11299592955
-1639.6930050283554,105895.14640774531
-1639.701982499042,105895.17981956061
-1639.7016210843576,105895.20199065143
-1639.710598554986,105895.2354024672
-1639.7197567329276,105895.25772873918
-1639.7192146107554,105895.29098537425
-1639.7281920812675,105895.32439719047
-1639.7373502615374,105895.34672346059
-1639.74632772943,105895.38013527682
-1639.7457856071997,105895.41339191189
-1639.7549437849084,105895.4357181834
-1639.763921257574,105895.4691299987
-1639.7633791352273,105895.5023866347
-1639.7725373127614,105895.52471290529
-1639.781514782866,105895.55812472058
-1639.790492252796,105895.59153653774
-1639.7901308378205,105895.61370762857
-1639.7991083078086,105895.64711944433
-1639.80826648511,105895.66944571538
-1639.8172439548653,105895.70285753068
-1639.8167018323438,105895.73611416621
-1639.8258600095287,105895.75844043819
-1639.8348374791676,105895.79185225302
-1639.834476064134,105895.81402334431
-1639.8434535361012,105895.84743516007
-1639.852611710783,105895.86976143159
-1639.8520695880288,105895.90301806759
-1639.861047057435,105895.93642988335
-1639.8702052368317,105895.9587561544
-1639.879182706005,105895.99216797017
-1639.8788212908548,105896.01433906052
-1639.8877987600863,105896.04775087675
-1639.8967762291431,105896.08116269205
-1639.8964148139348,105896.10333378334
-1639.9053922829917,105896.13674560003
-1639.9145504595363,105896.15907186968
-1639.923527928535,105896.19248368591
-1639.9231665132102,105896.21465477673
-1639.932143981976,105896.24806659343
-1639.9411214507418,105896.28147841012
-1639.9502796295565,105896.3038046821
-1639.949737506453,105896.3370613167
-1639.9588956803782,105896.35938758636
-1639.9678731489694,105896.39279940352
-1639.9675117335282,105896.41497049434
-1639.9764892044477,105896.44838231057
-1639.9856473805849,105896.47070858115
-1639.9946248489432,105896.50412039692
-1639.9942634333856,105896.5262914882
-1640.0032409016858,105896.55970330397
-1640.01239907759,105896.58202957548
-1640.0213765457738,105896.61544139218
-1640.0305347216781,105896.63776766276
-1640.0299925982254,105896.6710242983
-1640.0391507741297,105896.69335056935
-1640.0481282420224,105896.72676238604
-1640.0572864201386,105896.74908865709
-1640.0567442966858,105896.78234529309
-1640.0659024698543,105896.8046715646
-1640.0748799375724,105896.83808338083
-1640.083857407677,105896.87149519753
-1640.0930155831156,105896.89382146858
-1640.0924734595465,105896.92707810458
-1640.101631634927,105896.94940437516
-1640.1107898103073,105896.97173064714
-1640.1102476865635,105897.00498728268
-1640.1194058618275,105897.0273135528
-1640.1283833291964,105897.06072536949
-1640.137541504344,105897.08305164147
-1640.1465189715382,105897.1164634577
-1640.1461575556314,105897.13863454852
-1640.1551350228256,105897.17204636522
-1640.1642932002433,105897.19437263627
-1640.1734513727715,105897.21669890732
-1640.172909248795,105897.24995554285
-1640.1820674237097,105897.2722818139
-1640.1910448929993,105897.30569363106
-1640.200203067856,105897.3280199035
-1640.2091805345844,105897.36143171974
-1640.208819118503,105897.38360280963
-1640.2177965851733,105897.41701462725
-1640.226954759797,105897.43934089784
-1640.2361129344208,105897.46166716982
-1640.2450904008583,105897.49507898604
-1640.2447289847187,105897.51725007547
-1640.253887159226,105897.53957634652
-1640.262864625547,105897.57298816461
-1640.2720228023827,105897.59531443613
-1640.2810002660844,105897.62872625375
-1640.2806388499448,105897.65089734271
-1640.2897970241029,105897.67322361516
-1640.2987744925776,105897.70663543185
-1640.3079326668521,105897.7289617029
-1640.3169101327658,105897.76237352006
-1640.3165487164515,105897.78454460902
-1640.325706890435,105897.80687088193
-1640.3346843562904,105897.84028269956
-1640.3438425302738,105897.86260897014
-1640.353000704199,105897.88493524119
-1640.3619781698799,105897.91834705789
-1640.3711363436887,105897.94067333033
-1640.3705942189554,105897.97392996727
-1640.3797523950925,105897.99625623692
-1640.3889105663984,105898.01858250797
-1640.3980687400326,105898.04090878088
-1640.407046207809,105898.07432059804
-1640.4066847912036,105898.0964916884
-1640.4158429647796,105898.11881795945
-1640.4248204299365,105898.15222977707
-1640.433978603396,105898.17455604859
-1640.4429560684366,105898.20796786528
-1640.452114241838,105898.2302941368
-1640.461272415123,105898.25262040924
-1640.470430588408,105898.27494668122
-1640.4794080532738,105898.30835849745
-1640.479046636552,105898.33052958874
-1640.4882048121071,105898.35285585979
-1640.4971822743537,105898.38626767695
-1640.5063404498505,105898.40859394893
-1640.5154986229027,105898.43092022045
-1640.5244760874193,105898.46433203807
-1640.5336342602968,105898.48665830959
-1640.5427924332325,105898.50898458203
-1640.5517698975746,105898.54239639873
-1640.5514084806782,105898.56456748815
-1640.560566653381,105898.58689376106
-1640.5697248261422,105898.60922003351
-1640.5787022903096,105898.64263184974
-1640.5878604629543,105898.66495812172
-1640.5970186379272,105898.68728439324
-1640.6059960995335,105898.72069621086
-1640.61515427439,105898.74302248331
-1640.6243124468601,105898.76534875436
-1640.6334706192138,105898.78767502634
-1640.642448083032,105898.82108684396
-1640.6516062553274,105898.84341311501
-1640.6607644276228,105898.865739387
-1640.6699225998018,105898.8880656599
-1640.6789000633871,105898.92147747613
-1640.688058235508,105898.94380374765
-1640.6972164075705,105898.96613002056
-1640.7063745820196,105898.98845629347
-1640.7153520453721,105899.02186811017
-1640.7245102173183,105899.04419438215
-1640.7241488000145,105899.06636547158
-1640.7333069718443,105899.08869174495
-1640.742465143674,105899.11101801693
-1640.7514426067937,105899.1444298341
-1640.760600778507,105899.16675610561
-1640.7697589502204,105899.18908237759
-1640.7789171218756,105899.21140865004
-1640.7878945847042,105899.2448204672
-1640.7970527563011,105899.26714674011
-1640.8062109278399,105899.28947301162
-1640.815369101707,105899.31179928454
-1640.8245272731874,105899.33412555605
-1640.833504735725,105899.36753737321
-1640.842662907089,105899.38986364612
-1640.851821078395,105899.41218991857
-1640.8609792496427,105899.43451618962
-1640.8699567120057,105899.46792800725
-1640.879114883137,105899.49025428062
-1640.897792643169,105899.51273573516
-1640.9069508141838,105899.53506200528
-1640.9065893964143,105899.55723309657
-1640.9157475674292,105899.57955936901
-1640.9247250318876,105899.6129711871
-1640.9338832027279,105899.63529745815
-1640.9430413736263,105899.6576237306
-1640.9617191331927,105899.68010518467
-1640.9708773039165,105899.70243145805
-1640.9800354746403,105899.7247577305
-1640.989012936363,105899.75816954812
-1640.9981711069122,105899.7804958201
-1641.0073292774614,105899.80282209255
-1641.0164874480106,105899.82514836453
-1641.0256456185598,105899.84747463604
-1641.034803791379,105899.86980091035
-1641.0439619617537,105899.8921271814
-1641.052939423127,105899.92553899903
-1641.062097593327,105899.94786527194
-1641.0712557636434,105899.97019154485
-1641.0899335223367,105899.99267299892
-1641.0990916924784,105900.01499927137
-1641.098730274185,105900.0371703622
-1641.1174080326455,105900.0596518158
-1641.126566202729,105900.08197808871
-1641.1355436635786,105900.11538990634
-1641.1447018359322,105900.13771618018
-1641.153860005783,105900.1600424517
-1641.1630181756918,105900.18236872414
-1641.1721763454843,105900.20469499752
-1641.1813345152768,105900.22702126903
-1641.2000122732716,105900.24950272404
-1641.2089897336555,105900.2829145426
-1641.2181479032151,105900.30524081457
-1641.2273060752777,105900.32756708656
-1641.2364642423345,105900.34989335947
-1641.245622411836,105900.37221963145
-1641.2643001717515,105900.39470108692
-1641.273458341253,105900.41702736076
-1641.2826165105216,105900.43935363274
-1641.2917746799067,105900.46167990472
-1641.3007521397667,105900.49509172281
-1641.309910308919,105900.51741799619
-1641.3190684780711,105900.53974426864
-1641.3377462376375,105900.56222572364
-1641.3469044042286,105900.58455199655
-1641.3560625732644,105900.60687826946
-1641.3652207446285,105900.62920454238
-1641.374378913606,105900.65153081482
-1641.3930566703202,105900.67401226982
-1641.4022148391814,105900.69633854227
-1641.4111922984594,105900.72975036036
-1641.4203504672041,105900.75207663327
-1641.4390282236272,105900.77455808967
-1641.4481863947003,105900.79688436212
-1641.4573445608257,105900.81921063503
-1641.466502729454,105900.84153690701
-1641.485180488031,105900.86401836248
-1641.4943386564264,105900.88634463493
-1641.5034968248801,105900.90867090924
-1641.5126549932174,105900.93099718168
-1641.5313327491167,105900.95347863762
-1641.5404909173958,105900.97580490867
-1641.5496490856167,105900.99813118204
-1641.5586265465245,105901.03154300107
-1641.5677847121842,105901.05386927444
-1641.5864624702372,105901.07635072898
-1641.595620638167,105901.09867700282
-1641.604778806155,105901.1210032762
-1641.6234565615305,105901.14348473027
-1641.6326147294603,105901.16581100458
-1641.6417728972156,105901.1881372775
-1641.6604506524163,105901.2106187325
-1641.669608822558,105901.23294500588
-1641.6787669878104,105901.25527127832
-1641.6974447451648,105901.27775273379
-1641.7066029127454,105901.30007900856
-1641.7157610802678,105901.32240528148
-1641.7342581250705,105901.35597228212
-1641.7434162924765,105901.37829855504
-1641.7620940471534,105901.40078001097
-1641.771252214443,105901.42310628388
-1641.780410384119,105901.44543255772
-1641.7895685489057,105901.46775883157
-1641.808246305678,105901.49024028704
-1641.8174044728512,105901.51256655948
-1641.836082226946,105901.53504801448
-1641.8452403940028,105901.55737428972
-1641.854398560943,105901.57970056264
-1641.8730763149215,105901.60218201857
-1641.8822344817454,105901.62450829148
-1641.9009122356074,105901.64698974835
-1641.910070402373,105901.66931602126
-1641.9192285715253,105901.69164229464
-1641.9379063252127,105901.71412375057
-1641.9470644917456,105901.73645002488
-1641.9657422452583,105901.75893148081
-1641.9749004117912,105901.78125775373
-1641.9935781651293,105901.80373920966
-1642.002736333874,105901.82606548397
-1642.0212333744857,105901.85963248555
-1642.0303915431723,105901.881958758
-1642.0395497094141,105901.9042850323
-1642.0582274623448,105901.92676648963
-1642.0673856285866,105901.94909276254
-1642.086063381401,105901.97157421941
-1642.0952215473517,105901.99390049372
-1642.1138993025525,105902.01638194919
-1642.1230574660003,105902.0387082221
-1642.1417352209683,105902.0611896785
-1642.1508933868608,105902.08351595327
-1642.1695711392094,105902.10599741014
-1642.1787293049274,105902.12832368352
-1642.1974070571596,105902.15080513991
-1642.2065652228193,105902.17313141376
-1642.2252429773216,105902.19561287016
-1642.2439207269344,105902.21809432795
-1642.253078894806,105902.24042060087
-1642.271756646689,105902.2629020582
-1642.2809148119995,105902.2852283325
-1642.299592563766,105902.3077097875
-1642.3087507290184,105902.33003606275
-1642.3274284806103,105902.35251752054
-1642.3365866481909,105902.37484379346
-1642.3552643972216,105902.39732525032
-1642.3644225646276,105902.41965152463
-1642.3831003159867,105902.44213298056
-1642.401778067171,105902.46461443882
-1642.4109362320742,105902.48694071267
-1642.4296139831422,105902.50942216953
-1642.4387721479288,105902.53174844384
-1642.4574498988222,105902.55422990164
-1642.4761276521022,105902.5767113571
-1642.4852858167142,105902.59903763281
-1642.503963567433,105902.62151908968
-1642.5226413180353,105902.64400054654
-1642.5317994824727,105902.66632682085
-1642.5504772329004,105902.68880827865
-1642.5691549833864,105902.71128973551
-1642.5784938608995,105902.72253046511
-1642.5971716111526,105902.74501192244
-1642.6158493614057,105902.76749338023
-1642.62482681463,105902.80090519972
-1642.6436852755724,105902.81230111141
-1642.6623630255926,105902.8347825692
-1642.671521191951,105902.85710884351
-1642.6901989417383,105902.87959030177
-1642.7088766915258,105902.90207175864
-1642.7180348552647,105902.92439803248
-1642.7367126048775,105902.94687948981
-1642.7553903543158,105902.96936094761
-1642.7740681038122,105902.9918424068
-1642.783226269763,105903.01416868158
-1642.8019040190848,105903.03665013937
-1642.8205817682901,105903.05913159763
-1642.839259517379,105903.08161305496
-1642.8484176807106,105903.10393932881
-1642.8670954297413,105903.126420788
-1642.8857731786557,105903.1489022458
-1642.90445092984,105903.17138370406
-1642.9231286785798,105903.19386516232
-1642.9324675529497,105903.20510589099
-1642.9509645902435,105903.23867289536
-1642.9698230500799,105903.25006880844
-1642.9885007985285,105903.27255026577
-1642.9976589613361,105903.29487654008
-1643.016336712055,105903.31735799927
-1643.035014460329,105903.33983945753
-1643.0536922084866,105903.36232091533
-1643.0723699565278,105903.38480237499
-1643.0910477045109,105903.40728383372
-1643.1002058669692,105903.42961010616
-1643.1188836172223,105903.45209156629
-1643.1375613650307,105903.47457302501
-1643.1564198242268,105903.48596893717
-1643.1750975718023,105903.50845039776
-1643.193775319378,105903.53093185509
-1643.2124530667788,105903.55341331381
-1643.2311308165663,105903.57589477347
-1643.2498085638508,105903.59837623127
-1643.2589667257853,105903.62070250558
-1643.2776444730116,105903.64318396617
-1643.2963222200633,105903.66566542443
-1643.3151806811802,105903.67706133891
-1643.3338584256126,105903.6995427967
-1643.3525361749344,105903.7220242559
-1643.3712139216368,105903.74450571556
-1643.3898916683393,105903.76698717428
-1643.408569414867,105903.78946863394
-1643.417727576336,105903.81179490872
-1643.4365860346006,105903.82319082273
-1643.4552637833986,105903.84567228192
-1643.47394152981,105903.86815374065
-1643.4926192759303,105903.89063520124
-1643.511297022109,105903.91311665904
-1643.5301554801408,105903.92451257352
-1643.5488332261448,105903.94699403364
-1643.567510974477,105903.96947549237
-1643.5861887203064,105903.99195695156
-1643.6048664660193,105904.01443841076
-1643.6237249238184,105904.02583432617
-1643.642402669473,105904.04831578536
-1643.6610804150114,105904.07079724502
-1643.6797581628198,105904.09327870421
-1643.6984359081835,105904.1157601648
-1643.717113653489,105904.13824162493
-1643.7359721109387,105904.14963753894
-1643.7546498560114,105904.17211899953
-1643.7733276011422,105904.19460045826
-1643.792005348485,105904.21708191885
-1643.810863805702,105904.22847783286
-1643.8295415504836,105904.25095929252
-1643.8482192952652,105904.27344075264
-1643.8668970399303,105904.2959222137
-1643.8857554969145,105904.30731812771
-1643.904433243908,105904.3297995883
-1643.9326305729337,105904.35243623378
-1643.9513083173078,105904.37491769297
-1643.970166774001,105904.38631360885
-1643.9888445206452,105904.40879506757
-1644.0075222623418,105904.4312765291
-1644.0262000088114,105904.45375799062
-1644.04505846533,105904.46515390417
-1644.0637362091802,105904.48763536522
-1644.0824139530305,105904.51011682441
-1644.101091699209,105904.532598285
-1644.11995015305,105904.54399420042
-1644.138627899054,105904.56647566147
-1644.1668252269737,105904.58911230788
-1644.185683683143,105904.60050822236
-1644.2043614265276,105904.62298968341
-1644.2230391697376,105904.64547114354
-1644.2418976281187,105904.65686705941
-1644.2605753712123,105904.67934852
-1644.2887726986082,105904.70198516641
-1644.3076311544282,105904.71338108135
-1644.3263088996755,105904.73586254288
-1644.3449866400333,105904.75834400393
-1644.3638450981234,105904.76973991888
-1644.3825228408095,105904.7922213804
-1644.4107201675652,105904.81485802727
-1644.429578623036,105904.82625394221
-1644.448256365431,105904.8487354042
-1644.4669341102126,105904.87121686479
-1644.4857925655087,105904.88261278113
-1644.5044703077292,105904.90509424172
-1644.5231480498333,105904.92757570371
-1644.551526091469,105904.93912680494
-1644.57020383107,105904.96160826646
-1644.5890622884617,105904.97300418233
-1644.6077400302747,105904.99548564432
-1644.6264177720295,105905.01796710538
-1644.6547958108713,105905.02951820754
-1644.6734735524515,105905.05199966859
-1644.6923320096685,105905.0633955854
-1644.7110097510158,105905.08587704692
-1644.7298682056717,105905.0972729628
-1644.7580655309139,105905.1199096106
-1644.7767432745313,105905.14239107165
-1644.7956017289544,105905.1537869894
-1644.8142794700107,105905.17626844998
-1644.8426575082703,105905.18781955261
-1644.8518156653736,105905.21014582971
-1644.8801937034586,105905.22169693187
-1644.8988714466104,105905.24417839339
-1644.9175491873175,105905.26665985677
-1644.9364076413913,105905.27805577219
-1644.964604965644,105905.30069241999
-1644.9834634197177,105905.31208833726
-1645.0021411624039,105905.33456979925
-1645.0305192001397,105905.34612090327
-1645.0491969403229,105905.36860236432
-1645.0680553941056,105905.37999828206
-1645.0867331341142,105905.40247974405
-1645.1151111739455,105905.41403084807
-1645.1337889138376,105905.43651230866
-1645.1526473673293,105905.44790822687
-1645.1810254045995,105905.45945933089
-1645.1997031442588,105905.4819407938
-1645.218561597634,105905.49333671061
-1645.2467589232256,105905.51597335981
-1645.2656173765427,105905.52736927662
-1645.2842951158527,105905.54985073861
-1645.3031535691116,105905.56124665728
-1645.3218313083053,105905.58372811833
-1645.350209347438,105905.59527922375
-1645.368887086457,105905.6177606862
-1645.3877455395414,105905.62915660394
-1645.4159428618732,105905.65179325268
-1645.434801314841,105905.66318917042
-1645.453659770079,105905.67458508909
-1645.4818570922362,105905.69722173782
-1645.5007155450294,105905.70861765603
-1645.5193932834663,105905.73109911894
-1645.5477713195141,105905.7426502239
-1645.5666297745775,105905.75404614164
-1645.5948270962108,105905.7766827913
-1645.6136855487712,105905.78807870904
-1645.632363286917,105905.81056017289
-1645.6607413226156,105905.82211127691
-1645.6795997774461,105905.83350719465
-1645.6982775153592,105905.85598865896
-1645.7171359675704,105905.86738457717
-1645.7453332886216,105905.8900212273
-1645.7641917432193,105905.90141714504
-1645.7925697785104,105905.91296825139
-1645.8112475160742,105905.93544971338
-1645.8301059680525,105905.94684563344
-1645.8584840032272,105905.958396737
-1645.877161743003,105905.98087820271
-1645.905539778003,105905.99242930766
-1645.9243982298067,105906.00382522494
-1645.9430759669049,105906.02630669018
-1645.9714540017303,105906.0378577942
-1645.9903124557459,105906.04925371474
-1646.0185097757494,105906.0718903644
-1646.0373682273203,105906.08328628354
-1646.0657462618547,105906.09483738849
-1646.0844239984872,105906.11731885327
-1646.1128020329634,105906.12886996008
-1646.1316604867461,105906.14026587876
-1646.1505189379677,105906.15166179743
-1646.1691966743674,105906.17414326221
-1646.1975747085526,105906.18569436809
-1646.2162524472224,105906.20817583194
-1646.244630481233,105906.21972693875
-1646.2634889322799,105906.23112285789
-1646.2918669662904,105906.24267396377
-1646.310544702108,105906.26515543042
-1646.3389227360021,105906.27670653537
-1646.357781189261,105906.28810245497
-1646.3861592229223,105906.29965356225
-1646.404836958507,105906.32213502657
-1646.433214992052,105906.33368613338
-1646.4520734427497,105906.34508205345
-1646.480451478681,105906.35663315933
-1646.4991292139166,105906.37911462551
-1646.5275072472286,105906.39066573232
-1646.5463656977518,105906.40206165146
-1646.5747437309474,105906.4136127592
-1646.5936021836242,105906.42500867881
-1646.621799501474,105906.4476453308
-1646.6406579515897,105906.45904125134
-1646.6595164018217,105906.47043717094
-1646.6877137193223,105906.49307382433
-1646.7065721718245,105906.50446974393
-1646.7349502046127,105906.51602085214
-1646.7633282373426,105906.52757195942
-1646.7821866896702,105906.53896787949
-1646.8105647222837,105906.5505189877
-1646.829242456588,105906.57300045295
-1646.857620489085,105906.58455156116
-1646.8859985214658,105906.5961026689
-1646.9048569735605,105906.60749858897
-1646.933235005883,105906.61904969811
-1646.9520934554748,105906.63044561818
-1646.9802907719277,105906.65308227157
-1647.0086688065203,105906.66463338025
-1647.0275272559375,105906.67602930078
-1647.055905287969,105906.68758040853
-1647.084283319884,105906.6991315186
-1647.1031417691847,105906.71052743867
-1647.1313390875584,105906.73316409299
-1647.1501975367428,105906.74456001353
-1647.178575568425,105906.7561111222
-1647.1974340175511,105906.76750704367
-1647.225812049117,105906.77905815234
-1647.2540093670832,105906.80169480713
-1647.2823873985326,105906.81324591627
-1647.3012458473677,105906.8246418368
-1647.329623878817,105906.83619294735
-1647.3580019124201,105906.84774405509
-1647.386379943695,105906.85929516423
-1647.4052383924136,105906.87069108663
-1647.4336164235137,105906.88224219577
-1647.4619944569422,105906.89379330492
-1647.4903724879841,105906.90534441499
-1647.5090502201929,105906.92782588163
-1647.537428251002,105906.93937699171
-1647.5658062818693,105906.95092810225
-1647.594184315065,105906.96247921139
-1647.613042763318,105906.97387513332
-1647.6414207939524,105906.9854262434
-1647.6602792446502,105906.99682216486
-1647.68865727511,105907.00837327633
-1647.717035305628,105907.01992438547
-1647.7452326194616,105907.04256104212
-1647.7736106521916,105907.0541121522
-1647.8019886824768,105907.06566326227
-1647.8208471303224,105907.07705918513
-1647.8492251605494,105907.08861029614
-1647.8776031906018,105907.10016140575
-1647.9059812206542,105907.11171251768
-1647.934359253035,105907.12326362822
-1647.962737282971,105907.13481473876
-1647.9815957306419,105907.14621066116
-1648.0099737604032,105907.15776177263
-1648.0383517926093,105907.16931288363
-1648.0667298223125,105907.18086399557
-1648.0951078520156,105907.19241510658
-1648.123485881486,105907.20396621805
-1648.1518639134592,105907.21551732952
-1648.1707223607227,105907.22691325191
-1648.199100390193,105907.23846436338
-1648.2274784219917,105907.25001547625
-1648.2558564512292,105907.26156658679
-1648.2842344804667,105907.27311769826
-1648.3126125095878,105907.28466881113
-1648.3314709566766,105907.29606473353
-1648.3598489857395,105907.30761584733
-1648.3882270171307,105907.3191669588
-1648.4166050461354,105907.33071807073
-1648.4449830750236,105907.34226918407
-1648.4733611039119,105907.35382029554
-1648.501739135012,105907.36537140794
-1648.5302978812251,105907.3658369747
-1648.5586759098805,105907.3773880885
-1648.587053938536,105907.38893920043
-1648.615431969578,105907.40049031284
-1648.6438099980587,105907.4120414257
-1648.6721880264813,105907.42359253904
-1648.700566054904,105907.43514365144
-1648.719424503739,105907.44653957663
-1648.7478025319288,105907.4580906895
-1648.776180560235,105907.46964180283
-1648.804558590753,105907.48119291617
-1648.8329366189428,105907.49274402903
-1648.861314646958,105907.50429514237
-1648.8898733927635,105907.50476071052
-1648.9182514231652,105907.51631182386
-1648.9466294511221,105907.52786293812
-1648.9750074789627,105907.53941405099
-1649.0033855066868,105907.55096516525
-1649.0317635368556,105907.56251627952
-1649.060322282603,105907.56298184814
-1649.088700310269,105907.5745329624
-1649.1170783378766,105907.5860840762
-1649.1454563677544,105907.59763519093
-1649.1738343952456,105907.6091863052
-1649.2022124226787,105907.62073741993
-1649.2307711682515,105907.62120298855
-1649.2686687798705,105907.63290929236
-1649.2875272252713,105907.64430521755
-1649.3159052524716,105907.65585633228
-1649.3442832796136,105907.66740744747
-1649.3726613091421,105907.67895856127
-1649.4010393361095,105907.6905096774
-1649.429598081566,105907.69097524695
-1649.4674956903327,105907.70268155169
-1649.4958737195702,105907.71423266688
-1649.5242517464212,105907.72578378208
-1649.5528104917612,105907.7262493521
-1649.5811885184376,105907.73780046776
-1649.6095665475586,105907.74935158389
-1649.6379445741768,105907.76090269908
-1649.6665033194004,105907.7613682691
-1649.704400930088,105907.77307457384
-1649.7327789565898,105907.78462568996
-1649.761156982975,105907.79617680656
-1649.789715730527,105907.79664237704
-1649.8180937567959,105907.80819349224
-1649.846471783123,105907.81974460883
-1649.8748498093337,105907.83129572589
-1649.9034085568273,105907.83176129684
-1649.9317865829216,105907.84331241297
-1649.9601646088995,105907.85486352956
-1649.9887233539484,105907.85532910097
-1650.017101382371,105907.86688021757
-1650.0549989899155,105907.87858652417
-1650.0835577349062,105907.87905209512
-1650.1119357607095,105907.89060321357
-1650.1403137864545,105907.90215432923
-1650.1688725338317,105907.90261990111
-1650.1972505594604,105907.91417101724
-1650.225628585089,105907.92572213616
-1650.263706911588,105907.92634289851
-1650.2920849394286,105907.93789401557
-1650.320643684303,105907.93835958745
-1650.349021709757,105907.94991070451
-1650.3773997350945,105907.96146182297
-1650.4059584822971,105907.96192739485
-1650.4343365075765,105907.97347851284
-1650.4627145327977,105907.98502963083
-1650.4912732775556,105907.98549520317
-1650.5196513050469,105907.99704632163
-1650.55754891166,105908.00875263056
-1650.5861076588044,105908.00921820337
-1650.614485683851,105908.0207693209
-1650.6430444284342,105908.0212348937
-1650.6714224533644,105908.0327860131
-1650.7095007795142,105908.03340677684
-1650.7378788067144,105908.0449578953
-1650.766437551356,105908.04542346811
-1650.7948155760532,105908.05697458703
-1650.8233743230812,105908.05744016031
-1650.8612719291705,105908.06914647063
-1650.8898306736955,105908.06961204391
-1650.91820869816,105908.08116316376
-1650.9467674427433,105908.08162873657
-1650.9751454696525,105908.09317985596
-1651.0132237956277,105908.0938006211
-1651.0416018224205,105908.10535174003
-1651.0701605668291,105908.10581731424
-1651.098538591119,105908.11736843502
-1651.1270973355859,105908.11783400876
-1651.155475362204,105908.12938512908
-1651.1840341065545,105908.12985070329
-1651.2219317121198,105908.14155701408
-1651.2504904564703,105908.14202258829
-1651.2790492033237,105908.14248816296
-1651.3074272272643,105908.15403928375
-1651.335985971673,105908.15450485842
-1651.3738835770055,105908.16621117014
-1651.4024423237424,105908.16667674528
-1651.4310010680929,105908.16714231996
-1651.4593790918589,105908.17869344167
-1651.497457420046,105908.17931420868
-1651.5260161643382,105908.17977978382
-1651.5543941879878,105908.19133090414
-1651.58295293228,105908.19179647975
-1651.6210312604671,105908.19241724722
-1651.649409283942,105908.20396836754
-1651.6779680282343,105908.20443394314
-1651.706346051651,105908.21598506533
-1651.7349047983298,105908.21645064093
-1651.7634635425638,105908.216916217
-1651.8013611473143,105908.22862253012
-1651.8299198915483,105908.22908810619
-1651.858478638169,105908.22955368273
-1651.8868566612946,105908.24110480538
-1651.9249349893653,105908.24172557378
-1651.953493733541,105908.24219114985
-1651.9820524777751,105908.24265672639
-1652.0104305007844,105908.25420784717
-1652.0485088264104,105908.25482861605
-1652.0770675729727,105908.25529419258
-1652.1056263172068,105908.25575976958
-1652.1341850613826,105908.25622534659
-1652.1720826656092,105908.26793166297
-1652.2006414122297,105908.26839724043
-1652.2292001564056,105908.26886281744
-1652.2577589005814,105908.26932839444
-1652.2861369232414,105908.28087951755
-1652.3146956698038,105908.28134509502
-1652.3527739953715,105908.28196586482
-1652.3811520203017,105908.29351698747
-1652.4097107644193,105908.2939825654
-1652.438269508537,105908.29444814287
-1652.4763478341047,105908.29506891314
-1652.5049065782223,105908.29553449107
-1652.5334653247846,105908.29600006901
-1652.5620240689022,105908.2964656474
-1652.6001023943536,105908.29708641814
-1652.6284804167226,105908.30863754172
-1652.657039163285,105908.30910312012
-1652.6951174887363,105908.30972389178
-1652.7236762352986,105908.31018947018
-1652.7522349794162,105908.31065504858
-1652.7807937235339,105908.31112062745
-1652.8188720489852,105908.31174139865
-1652.8474307955476,105908.31220697751
-1652.8759895396652,105908.31267255684
-1652.904367561685,105908.32422368182
-1652.9329263058025,105908.32468926115
-1652.9614850523649,105908.32515483955
-1652.9995633778162,105908.32577561215
-1653.0281221219338,105908.32624119148
-1653.0566808660515,105908.32670677081
-1653.085239610169,105908.3271723506
-1653.1233179380652,105908.3277931232
-1653.1518766821828,105908.328258703
-1653.180435428745,105908.3287242828
-1653.2089941728627,105908.32918986259
-1653.2470724983723,105908.32981063565
-1653.2756312425481,105908.33027621545
-1653.3041899890522,105908.33074179571
-1653.3422683145618,105908.33136256924
-1653.3708270586794,105908.3318281495
-1653.399385802797,105908.33229372976
-1653.4279445493594,105908.33275931049
-1653.4660228749271,105908.33338008402
-1653.4945816190448,105908.33384566475
-1653.5231403656653,105908.33431124547
-1653.5516991098411,105908.3347768262
-1653.5802578539588,105908.3352424074
-1653.6088165980764,105908.33570798812
-1653.6468949260889,105908.33632876258
-1653.6754536702065,105908.33679434378
-1653.7040124143823,105908.33725992497
-1653.74209073995,105908.3378806999
-1653.7706494865124,105908.33834628155
-1653.7993889537756,105908.32772631664
-1653.8279476979515,105908.3281918983
-1653.8660260260222,105908.32881267369
-1653.894584770198,105908.32927825535
-1653.923143514432,105908.329743837
-1653.961221840058,105908.3303646124
-1653.9897805866785,105908.33083019452
-1654.0185200541746,105908.32021023147
-1654.0470787984086,105908.32067581313
-1654.0851571240928,105908.32129658945
-1654.1137158707716,105908.32176217204
-1654.1422746150638,105908.32222775416
-1654.1708333592978,105908.32269333676
-1654.19939210359,105908.32315891935
-1654.2279508502688,105908.32362450147
-1654.2662098995643,105908.31315973308
-1654.294768646243,105908.31362531614
-1654.3233273905935,105908.31409089919
-1654.3614057162777,105908.31471167644
-1654.3901451843558,105908.30409171386
-1654.4187039287062,105908.30455729691
-1654.447262675385,105908.30502287997
-1654.4853410011856,105908.30564365769
-1654.5140804693801,105908.29502369324
-1654.5426392137888,105908.29548927676
-1654.5711979605258,105908.29595486028
-1654.609457010345,105908.28549009468
-1654.6380157571984,105908.2859556782
-1654.666574501549,105908.2864212622
-1654.6953139700927,105908.27580129914
-1654.7333922960097,105908.27642207779
-1654.7524314613547,105908.27673246711
-1654.79050978733,105908.27735324576
-1654.8190685317386,105908.27781883022
-1654.8478080003988,105908.26719886856
-1654.8763667473104,105908.26766445301
-1654.9144450733438,105908.2682852326
-1654.9431845421204,105908.25766527094
-1654.9717432867037,105908.25813085539
-1655.0003020311706,105908.25859644031
-1655.038561084075,105908.24813167425
-1655.0671198286582,105908.24859725917
-1655.0958593001124,105908.23797729844
-1655.1244180446956,105908.23844288336
-1655.152976789279,105908.23890846875
-1655.1912358399713,105908.22844370222
-1655.2197945871158,105908.2289092876
-1655.2485340562998,105908.21828932781
-1655.2770928009995,105908.21875491319
-1655.3153518518666,105908.2082901476
-1655.3439105965663,105908.20875573298
-1655.3724693437107,105908.20922131836
-1655.4010280884686,105908.20968690421
-1655.429767558002,105908.19906694489
-1655.4583263051463,105908.19953253074
-1655.487065774796,105908.18891257094
-1655.5251441011205,105908.18953335285
-1655.5538835732732,105908.17891339213
-1655.5824423180893,105908.17937897844
-1655.6111817879137,105908.16875901911
-1655.639740532788,105908.16922460543
-1655.6684800051153,105908.15860464703
-1655.7065583316144,105908.15922542941
-1655.7352978016133,105908.14860546961
-1655.763856546604,105908.1490710564
-1655.792596019106,105908.13845109753
-1655.8211547640385,105908.13891668431
-1655.859413815895,105908.12845192151
-1655.8881532861851,105908.11783196311
-1655.9167120336206,105908.11829755036
-1655.945451504027,105908.10767759103
-1655.974010249076,105908.10814317828
-1656.0025689941249,105908.108608766
-1656.0313084670343,105908.09798880806
-1656.0598672120832,105908.09845439577
-1656.0886066827225,105908.08783443738
-1656.1173461533617,105908.07721447898
-1656.155424482713,105908.07783526275
-1656.1841639534687,105908.06721530482
-1656.2127227010787,105908.06768089253
-1656.2414621718926,105908.05706093507
-1656.2702016428811,105908.04644097667
-1656.298760388163,105908.04690656485
-1656.327499861538,105908.03628660785
-1656.3562393325847,105908.02566665132
-1656.3847980779829,105908.0261322395
-1656.4135375490878,105908.01551228063
-1656.4517966021085,105908.00504752062
-1656.4803553499514,105908.0055131088
-1656.5090948212892,105907.9948931532
-1656.5378342926851,105907.9842731948
-1656.5663930381415,105907.98473878391
-1656.5854322042433,105907.9850491765
-1656.6141716757556,105907.97442921996
-1656.6524307291256,105907.96396445995
-1656.6811702008126,105907.95334450249
-1656.709728948772,105907.95381009206
-1656.7384684205754,105907.943190136
-1656.7672078923788,105907.93257017853
-1656.7957666380098,105907.9330357681
-1656.8245061123162,105907.92241581157
-1656.8532455842942,105907.91179585643
-1656.8819850563304,105907.9011758999
-1656.9105438020779,105907.90164148994
-1656.9392832765589,105907.89102153294
-1656.9680227487115,105907.88040157873
-1656.9967622209806,105907.8697816236
-1657.0253209691728,105907.87024721317
-1657.0540604415582,105907.85962725757
-1657.0732803319697,105907.84885210544
-1657.1020198044134,105907.83823214937
-1657.1305785527802,105907.83869773988
-1657.1593180253403,105907.82807778474
-1657.1880574979004,105907.81745782914
-1657.216616243939,105907.81792342011
-1657.2453557190602,105907.80730346404
-1657.274095191795,105907.79668350983
-1657.3028346645879,105907.7860635547
-1657.3315741375554,105907.77544360003
-1657.3507940284908,105907.7646684479
-1657.3793527745875,105907.76513403887
-1657.4080922499998,105907.75451408513
-1657.4368317230837,105907.74389412999
-1657.4655711962841,105907.73327417532
-1657.4943106694845,105907.72265422158
-1657.5230501451879,105907.71203426691
-1657.5517896185047,105907.7014143127
-1657.5803483648924,105907.70187990414
-1657.5995682586217,105907.69110475248
-1657.6283077321132,105907.6804847978
-1657.6570472056628,105907.66986484453
-1657.6857866792707,105907.65924489032
-1657.7143454281613,105907.65971048223
-1657.7335653196787,105907.64893533103
-1657.7623047934612,105907.63831537729
-1657.7910442672437,105907.62769542448
-1657.8197837435873,105907.61707547028
-1657.8485232174862,105907.606455517
-1657.8772626915597,105907.59583556466
-1657.8964825833682,105907.58506041206
-1657.9252220575,105907.57444045926
-1657.9539615340764,105907.56382050551
-1657.9827010083245,105907.5532005527
-1658.011259755178,105907.55366614554
-1658.0304796472192,105907.54289099574
-1658.0592191240285,105907.53227104293
-1658.087958598393,105907.52165108919
-1658.1166980729904,105907.51103113685
-1658.1359179652063,105907.50025598705
-1658.1646574422484,105907.48963603377
-1658.1933969169622,105907.47901608096
-1658.2126168092946,105907.46824093116
-1658.2413562841248,105907.45762097742
-1658.270095758955,105907.44700102601
-1658.2893156539649,105907.43622587482
-1658.3180551289115,105907.42560592294
-1658.3467946039746,105907.41498597106
-1658.3755340790376,105907.40436601872
-1658.394753974164,105907.39359086845
-1658.4234934493434,105907.38297091704
-1658.4522329247557,105907.3723509647
-1658.4714528175537,105907.36157581536
-1658.500192292966,105907.35095586395
-1658.528931770823,105907.3403359116
-1658.5481516638538,105907.3295607618
-1658.5768911393825,105907.31894080993
-1658.6056306150276,105907.30832085852
-1658.6248505106196,105907.29754570965
-1658.6535899863811,105907.28692575824
-1658.6823294621427,105907.27630580589
-1658.7015493554063,105907.26553065795
-1658.7302888312843,105907.25491070608
-1658.7495087271673,105907.24413555674
-1658.7782482032198,105907.2335156058
-1658.7974680966581,105907.22274045693
-1658.8262075752718,105907.21212050505
-1658.8549470513826,105907.2015005541
-1658.8741669450537,105907.1907254057
-1658.9030871497816,105907.16901990911
-1658.9318266261835,105907.15839995816
-1658.951046519971,105907.1476248093
-1658.979785998934,105907.13700485928
-1658.9990058927797,105907.12622970901
-1659.0277453694725,105907.115609759
-1659.0469652634347,105907.1048346106
-1659.0758854687447,105907.083129114
-1659.1046249479987,105907.07250916399
-1659.1238448421354,105907.06173401605
-1659.1525843191193,105907.05111406464
-1659.171804215759,105907.04033891717
-1659.2005436928011,105907.02971896809
-1659.2197635871125,105907.01894381782
-1659.2389834814821,105907.00816867035
-1659.2677229586989,105906.9975487208
-1659.2871235844214,105906.97568802582
-1659.3158630617545,105906.96506807674
-1659.335082956357,105906.95429292787
-1659.3638224338647,105906.94367297832
-1659.3830423285253,105906.93289783085
-1659.4119625374442,105906.91119233519
-1659.4311824322212,105906.90041718725
-1659.4599219099618,105906.88979723724
-1659.479141804739,105906.8790220893
-1659.5080620116787,105906.8573165941
-1659.5272819091333,105906.84654144617
-1659.5560213871067,105906.83592149802
-1659.5752412821166,105906.82514635008
-1659.6041614893475,105906.80344085488
-1659.623381384532,105906.79266570648
-1659.6521208627964,105906.78204575786
-1659.671340760542,105906.77127061039
-1659.6905606557848,105906.76049546339
-1659.7193001342239,105906.74987551477
-1659.7387007588986,105906.72801482119
-1659.7674402374541,105906.71739487164
-1659.7866601353744,105906.7066197251
-1659.8058800309664,105906.6958445767
-1659.834800239012,105906.67413908383
-1659.8540201346623,105906.66336393496
-1659.8732400328154,105906.65258878795
-1659.9021602411522,105906.63088329462
-1659.921380136977,105906.62010814669
-1659.9501196159981,105906.60948819993
-1659.9695202414878,105906.58762750495
-1659.9887401398737,105906.57685235888
-1660.0174796190695,105906.56623241119
-1660.0368802446756,105906.54437171808
-1660.0561001409078,105906.53359657107
-1660.0848396202782,105906.52297662385
-1660.1042402485618,105906.50111593027
-1660.1234601448523,105906.49034078419
-1660.1426800411427,105906.47956563672
-1660.1714195208624,105906.46894568857
-1660.1908201469341,105906.44708499638
-1660.2100400459021,105906.43630984845
-1660.2387795257382,105906.42568990216
-1660.258180152101,105906.4038292095
-1660.2774000486825,105906.39305406343
-1660.306320258649,105906.37134857057
-1660.3255401577917,105906.36057342403
-1660.3447600545478,105906.34979827702
-1660.3641606812598,105906.3279375839
-1660.3929001616198,105906.31731763808
-1660.4123007885064,105906.29545694543
-1660.4315206854371,105906.28468179982
-1660.450921314885,105906.26282110764
-1660.479660795536,105906.25220116088
-1660.4988806926413,105906.24142601341
-1660.5182813198771,105906.21956532262
-1660.537501217099,105906.20879017469
-1660.566421430558,105906.18708468415
-1660.5856413278962,105906.17630953575
-1660.6048612252343,105906.16553439107
-1660.624081122689,105906.15475924546
-1660.643481752777,105906.13289855327
-1660.67222123401,105906.12227860745
-1660.6916218617698,105906.1004179148
-1660.7108417594573,105906.08964276826
-1660.7302423873916,105906.067782077
-1660.7494622851373,105906.0570069314
-1660.7783824970247,105906.03530143993
-1660.797602397215,105906.02452629432
-1660.8170030254987,105906.0026656026
-1660.8362229234772,105905.99189045653
-1660.8556235518772,105905.97002976481
-1660.8845437641721,105905.94832427287
-1660.9037636647117,105905.93754912773
-1660.9231642934028,105905.91568843601
-1660.942384191556,105905.9049132904
-1660.9617848203052,105905.88305259962
-1660.981004718633,105905.87227745354
-1661.0002246170188,105905.86150230886
-1661.0196252483875,105905.83964161575
-1661.0483647307847,105905.82902167132
-1661.0677653599414,105905.80716098007
-1661.0869852585602,105905.79638583446
-1661.106385890278,105905.7745251446
-1661.1256057865103,105905.76374999806
-1661.1450064183446,105905.74188930914
-1661.1644070477923,105905.72002861742
-1661.183626946644,105905.70925347134
-1661.212547160394,105905.68754798127
-1661.2317670617485,105905.6767728366
-1661.2511676915456,105905.65491214441
-1661.270568321459,105905.63305145362
-1661.2897882205434,105905.62227630895
-1661.3091888505733,105905.60041561816
-1661.3285894806613,105905.5785549269
-1661.347809382365,105905.56777978223
-1661.3672100125696,105905.54591909098
-1661.386429911945,105905.53514394816
-1661.405830542324,105905.51328325598
-1661.425050441816,105905.50250811176
-1661.4444510723115,105905.48064742098
-1661.463670974248,105905.46987227723
-1661.4830716049182,105905.44801158505
-1661.5024722356466,105905.42615089566
-1661.53121171979,105905.41553095076
-1661.550612350693,105905.3936702609
-1661.5698322529206,105905.38289511716
-1661.5892328815535,105905.36103442637
-1661.6086335150758,105905.33917373652
-1661.6280341462698,105905.3173130448
-1661.6472540462855,105905.30653790152
-1661.6666546776542,105905.2846772112
-1661.6860553114675,105905.26281652227
-1661.7052752092713,105905.25204137666
-1661.724675843201,105905.23018068727
-1661.7440764748608,105905.20831999648
-1661.763296375284,105905.19754485274
-1661.78269700706,105905.17568416242
-1661.8019169099862,105905.16490901867
-1661.821317539434,105905.14304832881
-1661.8407181738876,105905.12118763849
-1661.8599380744854,105905.11041249475
-1661.8793387066107,105905.08855180535
-1661.898739338736,105905.06669111503
-1661.9181399734225,105905.04483042518
-1661.9375406034524,105905.02296973532
-1661.956760506786,105905.01219459204
-1661.9761611393187,105904.99033390218
-1661.9955617718515,105904.96847321233
-1662.0149624045007,105904.946612522
-1662.0341823081253,105904.93583737873
-1662.0440633560647,105904.91382148862
-1662.0634639889468,105904.89196079876
-1662.082864621887,105904.87010010844
-1662.1022652548854,105904.84823941998
-1662.1214851563564,105904.83746427624
-1662.1408857894712,105904.81560358638
-1662.1602864251472,105904.79374289699
-1662.1795063267346,105904.78296775417
-1662.1989069600822,105904.76110706432
-1662.2183075934881,105904.73924637493
-1662.2377082270687,105904.7173856874
-1662.2569281288888,105904.70661054226
-1662.2763287649723,105904.68474985473
-1662.2862098136684,105904.66273396276
-1662.3056104474817,105904.64087327337
-1662.3250110814115,105904.61901258538
-1662.3444117153413,105904.59715189599
-1662.3638123493874,105904.5752912066
-1662.3832129859366,105904.5534305172
-1662.4024328882224,105904.54265537439
-1662.4218335224432,105904.5207946864
-1662.4412341568386,105904.498933997
-1662.460634791234,105904.47707330855
-1662.4705158405122,105904.45505741797
-1662.489916475024,105904.43319672858
-1662.5093171121553,105904.41133604059
-1662.5287177468417,105904.3894753512
-1662.547937649535,105904.37870020885
-1662.5673382844543,105904.35683951946
-1662.5867389193736,105904.33497883147
-1662.596619969001,105904.3129629409
-1662.6160206064815,105904.29110225197
-1662.6354212416336,105904.26924156351
-1662.6548218769021,105904.24738087505
-1662.6742225121707,105904.22552018659
-1662.6936231475556,105904.20365949953
-1662.7035041975323,105904.18164360803
-1662.7229048330337,105904.15978292003
-1662.7423054710962,105904.13792223111
-1662.7617061068304,105904.11606154311
-1662.7809260102222,105904.10528640123
-1662.8003266460728,105904.08342571277
-1662.8102076963987,105904.0614098222
-1662.8297890647082,105904.0284635881
-1662.8491897031781,105904.0066029001
-1662.8685903393198,105903.98474221118
-1662.887990975636,105903.96288152412
-1662.897691293736,105903.95195117919
-1662.9170919300523,105903.93009049213
-1662.9364925689297,105903.90822980274
-1662.9558932029759,105903.88636911474
-1662.975293842028,105903.86450842861
-1662.9851748928195,105903.84249253757
-1663.0045755296014,105903.82063184958
-1663.0239761663252,105903.79877116159
-1663.0433768032235,105903.77691047406
-1663.0532578566927,105903.75489458255
-1663.072658491321,105903.73303389689
-1663.0920591307804,105903.71117320843
-1663.1116405006032,105903.67822697386
-1663.1215215518605,105903.65621108422
-1663.1409221892245,105903.63435039716
-1663.1603228265885,105903.61248970916
-1663.1797234665137,105903.5906290221
-1663.189604515559,105903.568613132
-1663.209005155717,105903.54675244354
-1663.228405793372,105903.52489175694
-1663.2382868450368,105903.50287586683
-1663.2576874828665,105903.48101517977
-1663.2770881208126,105903.45915449224
-1663.2869691749802,105903.43713860167
-1663.306369810598,105903.41527791461
-1663.3257704512216,105903.39341722801
-1663.3451710894005,105903.37155654049
-1663.3552328742808,105903.33845510427
-1663.3746335126925,105903.31659441814
-1663.3940341511625,105903.29473372968
-1663.4039152057376,105903.27271783957
-1663.4233158419374,105903.25085715204
-1663.4427164830267,105903.22899646545
-1663.4525975353317,105903.20698057534
-1663.4721789071336,105903.17403434264
-1663.482059959555,105903.152018453
-1663.5014605985489,105903.13015776547
-1663.5208612400456,105903.10829707934
-1663.5307422926417,105903.08628118923
-1663.5501429318101,105903.0644205031
-1663.5600239845226,105903.04240461253
-1663.5794246238656,105903.02054392546
-1663.598825263267,105902.99868323933
-1663.608887049253,105902.96558180358
-1663.6282876887708,105902.94372111745
-1663.6381687441608,105902.92170522641
-1663.6575693814084,105902.89984454121
-1663.6769700236619,105902.87798385415
-1663.687031809939,105902.84488241887
-1663.7064324498642,105902.82302173227
-1663.7163135031005,105902.80100584216
-1663.735714143142,105902.77914515557
-1663.7455951964948,105902.75712926546
-1663.7651765723713,105902.72418303369
-1663.7750576233957,105902.70216714544
-1663.794458266173,105902.68030645791
-1663.813858906622,105902.65844576992
-1663.8239206935395,105902.62534433603
-1663.843321334105,105902.60348364944
-1663.853202387807,105902.5814677598
-1663.863083441509,105902.55945187155
-1663.882484084752,105902.53759118402
-1663.8923651361256,105902.51557529485
-1663.911765779485,105902.49371460918
-1663.92182756681,105902.4606131739
-1663.9412282079575,105902.43875248777
-1663.9511092619505,105902.4167365972
-1663.9705099031562,105902.39487591153
-1663.9805716907722,105902.36177447625
-1663.9999723345973,105902.33991379011
-1664.0098533863784,105902.31789790234
-1664.0292540303199,105902.29603721527
-1664.0393158181687,105902.26293577999
-1664.049196872511,105902.24091989081
-1664.0685975142987,105902.21905920561
-1664.0784785686992,105902.19704331644
-1664.0980599442264,105902.16409708373
-1664.107941001188,105902.14208119456
-1664.1273416408803,105902.12022050936
-1664.1372226979584,105902.09820461972
-1664.1471037526499,105902.07618873054
-1664.166504394845,105902.05432804488
-1664.1765661833342,105902.02122660959
-1664.1864472381421,105901.99921071995
-1664.2058478806866,105901.97735003475
-1664.2157289355528,105901.95533414697
-1664.2257907266612,105901.92223271215
-1664.2451913693221,105901.90037202416
-1664.255072424421,105901.87835613592
-1664.2649534795783,105901.85634024767
-1664.2845348562114,105901.82339401636
-1664.2944159114268,105901.80137812765
-1664.3042969667003,105901.77936223755
-1664.3238783435663,105901.74641600624
-1664.333759398898,105901.724400118
-1664.343640456791,105901.70238422975
-1664.3630411000922,105901.68052354315
-1664.3731028893963,105901.64742210787
-1664.382983945019,105901.62540621962
-1664.402384588495,105901.60354553396
-1664.412265644176,105901.58152964478
-1664.422146699857,105901.559513757
-1664.4320277556544,105901.53749786876
-1664.4419088113355,105901.51548197865
-1664.4614901915775,105901.48253574781
-1664.4713712474331,105901.46051986003
-1664.4812523034052,105901.43850397086
-1664.491133359319,105901.41648808168
-1664.5107147374074,105901.38354184944
-1664.5205957934377,105901.36152596213
-1664.5304768495262,105901.33951007342
-1664.5403579056729,105901.31749418424
-1664.5599392841104,105901.28454795387
-1664.5698203403736,105901.26253206376
-1664.5797013990814,105901.24051617505
-1664.589763189375,105901.2074147407
-1664.5996442457545,105901.18539885245
-1664.6190448905108,105901.16353816772
-1664.6289259469486,105901.14152227854
-1664.6389877375914,105901.10842084372
-1664.6488687940873,105901.08640495501
-1664.6587498506997,105901.06438906817
-1664.6684501732234,105901.05345872417
-1664.6785119639826,105901.02035728982
-1664.6979126116494,105900.99849660415
-1664.7077936683781,105900.97648071637
-1664.717855459312,105900.94337928202
-1664.7277365161572,105900.92136339378
-1664.7376175730606,105900.89934750507
-1664.747679364169,105900.86624606978
-1664.7670800097985,105900.84438538458
-1664.7769610667601,105900.8223694968
-1664.7868421238963,105900.80035360903
-1664.7969039152376,105900.76725217374
-1664.806784972432,105900.74523628457
-1664.8166660319548,105900.72322039725
-1664.8267278234707,105900.6901189629
-1664.8366088807816,105900.66810307465
-1664.8464899380924,105900.64608718595
-1664.8660713185673,105900.61314095464
-1664.8757716417313,105900.6022106125
-1664.8856526991585,105900.58019472379
-1664.8957144909073,105900.5470932899
-1664.9055955485092,105900.52507740259
-1664.915476606111,105900.50306151249
-1664.9255383980344,105900.4699600786
-1664.9354194581392,105900.44794419035
-1664.9453005157993,105900.42592830304
-1664.9551815735758,105900.40391241433
-1664.965243365732,105900.37081097905
-1664.9751244235085,105900.3487950908
-1664.9850054814015,105900.32677920349
-1664.9950672737323,105900.29367776914
-1665.0049483317416,105900.27166188043
-1665.0150101240724,105900.23856044607
-1665.0248911845265,105900.2165445583
-1665.0347722402075,105900.19452867005
-1665.0543536244077,105900.16158243967
-1665.0642346826498,105900.13956655096
-1665.0741157408338,105900.11755066318
-1665.074477209826,105900.09537957143
-1665.0843582680682,105900.07336368226
-1665.0944200608646,105900.04026224883
-1665.1043011192232,105900.01824636105
-1665.11418217764,105899.99623047095
-1665.1242439706111,105899.96312903753
-1665.1341250290861,105899.94111315068
-1665.1441868245602,105899.90801171726
-1665.1540678807069,105899.88599582855
-1665.1639489393565,105899.86397993937
-1665.174010734947,105899.83087850502
-1665.1838917936548,105899.8088626177
-1665.1937728523626,105899.78684672946
-1665.2038346457994,105899.75374529557
-1665.2137157046236,105899.73172940733
-1665.2237774980604,105899.69862797298
-1665.233658557001,105899.6766120852
-1665.2435396158835,105899.65459619695
-1665.2536014094949,105899.62149476307
-1665.2634824709967,105899.59947887436
-1665.2733635300538,105899.57746298658
-1665.2832445867825,105899.55544709833
-1665.293306382955,105899.52234566445
-1665.3031874421285,105899.50032977667
-1665.3132492360892,105899.46722834231
-1665.3136107054306,105899.44505725102
-1665.3234917647787,105899.42304136278
-1665.3335535587976,105899.38993992982
-1665.343434618204,105899.36792404065
-1665.353496412281,105899.33482260676
-1665.3633774718037,105899.31280671898
-1665.3734392660554,105899.2797052851
-1665.3833203279646,105899.25768939778
-1665.3932013876038,105899.2356735086
-1665.4032631795853,105899.20257207472
-1665.4131442416692,105899.1805561874
-1665.4136864459724,105899.14729955047
-1665.423567505728,105899.12528366176
-1665.433629300329,105899.09218222741
-1665.4435103601427,105899.07016633963
-1665.4533914200147,105899.04815045185
-1665.463453214732,105899.0150490189
-1665.4733342747204,105898.99303313065
-1665.47387647914,105898.95977649139
-1665.4837575391866,105898.93776060455
-1665.4936385992332,105898.91574471723
-1665.5037003965117,105898.88264328288
-1665.513581456733,105898.8606273951
-1665.523643249413,105898.82752596028
-1665.5335243120207,105898.80551007297
-1665.5340665166732,105898.7722534351
-1665.5439475768944,105898.75023754779
-1665.5540093721356,105898.71713611344
-1665.5638904325315,105898.69512022473
-1665.573952227831,105898.66201879224
-1665.5838332883432,105898.640002904
-1665.5843754930538,105898.6067462666
-1665.594256553566,105898.58473037835
-1665.6043183491565,105898.5516289454
-1665.614199409727,105898.52961305669
-1665.6242612077622,105898.4965116228
-1665.6246226776857,105898.47434053151
-1665.6346844733343,105898.44123909762
-1665.644565531693,105898.41922321124
-1665.6546273299027,105898.38612177735
-1665.6549887998262,105898.36395068467
-1665.665050595766,105898.33084924985
-1665.6749316566275,105898.30883336253
-1665.6849934525671,105898.27573192911
-1665.694874513545,105898.25371604227
-1665.695416718605,105898.22045940394
-1665.7052977796993,105898.19844351476
-1665.7153595758136,105898.16534208134
-1665.7252406369662,105898.14332619449
-1665.7353024332551,105898.110224762
-1665.735844638315,105898.0769681232
-1665.745725702087,105898.05495223543
-1665.755787498434,105898.02185080247
-1665.7656685573165,105897.99983491423
-1665.766210762551,105897.96657827636
-1665.7760918263812,105897.94456238905
-1665.786153622903,105897.91146095516
-1665.7865150930593,105897.88928986294
-1665.7965768896975,105897.85618842952
-1665.8064579513157,105897.83417254267
-1665.816519748012,105897.80107110832
-1665.8168812182266,105897.77890001703
-1665.8269430150394,105897.74579858361
-1665.8368240767159,105897.72378269536
-1665.846885873645,105897.69068126101
-1665.8474280790542,105897.65742462361
-1665.857309140847,105897.63540873583
-1665.8673709403374,105897.60230730334
-1665.8677324106102,105897.58013621205
-1665.8777942076558,105897.5470347777
-1665.887675267295,105897.52501889039
-1665.8977370669018,105897.49191745697
-1665.898279272369,105897.45866081864
-1665.9081603345694,105897.43664493086
-1665.9182221318479,105897.40354349744
-1665.9185836021788,105897.38137240522
-1665.928645399632,105897.34827097226
-1665.9385264618904,105897.32625508495
-1665.9390686674742,105897.29299844708
-1665.9491304650437,105897.25989701366
-1665.9590115273604,105897.23788112588
-1665.9690733250463,105897.204779692
-1665.9694347954937,105897.18260859977
-1665.9794965932379,105897.14950716728
-1665.9895583934267,105897.11640573293
-1665.989919863874,105897.09423464164
-1665.9999816616764,105897.06113320822
-1666.0098627218977,105897.0391173209
-1666.010404927656,105897.00586068304
-1666.020466728136,105896.97275925009
-1666.030347790802,105896.95074336231
-1666.0308899966767,105896.91748672398
-1666.040771059459,105896.89547083667
-1666.0508328576107,105896.86236940417
-1666.0513750634855,105896.82911276631
-1666.0612561264425,105896.80709687807
-1666.0713179246522,105896.77399544511
-1666.0718601306435,105896.74073880725
-1666.0817411936587,105896.718722919
-1666.091802992043,105896.68562148651
-1666.092164462665,105896.66345039522
-1666.102226261166,105896.63034896133
-1666.1027684671571,105896.5970923244
-1666.11264953285,105896.57507643662
-1666.1227113313507,105896.54197500227
-1666.1232535374584,105896.5087183644
-1666.133134598378,105896.48670247756
-1666.1431963995565,105896.45360104507
-1666.1437386055477,105896.42034440674
-1666.1536196690286,105896.39832851943
-1666.1636814678786,105896.36522708647
-1666.1640429386753,105896.34305599472
-1666.1741047375835,105896.30995456083
-1666.18416653655,105896.2768531274
-1666.1845280074049,105896.25468203612
-1666.1945898064296,105896.22158060223
-1666.1951320125954,105896.1883239653
-1666.2050130763673,105896.16630807705
-1666.2150748755666,105896.13320664363
-1666.215617081849,105896.0999500067
-1666.225498145679,105896.07793411938
-1666.2260403519613,105896.04467748152
-1666.2359214182943,105896.02266159374
-1666.2459832177265,105895.98956015985
-1666.2465254239505,105895.95630352246
-1666.256406485627,105895.93428763561
-1666.2569486919674,105895.90103099728
-1666.2670104939025,105895.86792956479
-1666.2768915580818,105895.84591367701
-1666.2774337644223,105895.81265703961
-1666.2874955642037,105895.77955560572
-1666.297376628383,105895.75753971981
-1666.29791883484,105895.72428308148
-1666.3079806346213,105895.69118164852
-1666.3083421055926,105895.6690105563
-1666.3184039054904,105895.63590912241
-1666.3189461119473,105895.60265248548
-1666.3288271764177,105895.5806365977
-1666.338888976432,105895.54753516475
-1666.339431182947,105895.51427852642
-1666.349312247592,105895.4922626405
-1666.3498544541071,105895.45900600217
-1666.3599162566825,105895.42590456968
-1666.3697973213857,105895.4038886819
-1666.370339527959,105895.3706320445
-1666.3804013258778,105895.33753061062
-1666.3807627969072,105895.31535951886
-1666.3908245997154,105895.28225808684
-1666.400886400137,105895.24915665248
-1666.4012478712248,105895.22698556166
-1666.4113096717629,105895.19388412777
-1666.4118518783944,105895.16062749038
-1666.4217329433886,105895.13861160306
-1666.4317947440431,105895.10551017057
-1666.4321562152472,105895.08333907835
-1666.4422180159017,105895.0502376454
-1666.4427602226497,105895.01698100707
-1666.4528220234206,105894.98387957411
-1666.4531834946247,105894.96170848235
-1666.463245295512,105894.9286070494
-1666.4733070963994,105894.89550561737
-1666.4736685676035,105894.87333452469
-1666.4837303709937,105894.8402330922
-1666.484272577858,105894.80697645433
-1666.4941536432598,105894.78496056655
-1666.4946958501823,105894.75170392822
-1666.5045769156422,105894.72968804184
-1666.5146387168206,105894.69658660889
-1666.5151809237432,105894.66332997102
-1666.5250619893777,105894.64131408464
-1666.5256041963003,105894.60805744585
-1666.5356659976533,105894.57495601382
-1666.5455470634042,105894.55294012697
-1666.546089270385,105894.51968348958
-1666.5561510718544,105894.48658205522
-1666.5566932788934,105894.45332541782
-1666.5665743447607,105894.43130953005
-1666.5671165517997,105894.39805289311
-1666.5771783534437,105894.36495145923
-1666.5775398247642,105894.34278036933
-1666.5876016264665,105894.30967893591
-1666.5976634281687,105894.27657750249
-1666.5980248996057,105894.2544064112
-1666.608086703869,105894.22130497778
-1666.608448175306,105894.19913388556
-1666.6185099771828,105894.16603245307
-1666.6190521843964,105894.13277581614
-1666.6289332505548,105894.11075992836
-1666.6389950525481,105894.07765849587
-1666.63953725982,105894.04440185893
-1666.6494183260947,105894.02238597116
-1666.6499605333665,105893.98912933143
-1666.6600223355344,105893.9560278994
-1666.6603838070296,105893.93385680765
-1666.670445609314,105893.90075537562
-1666.6709878165275,105893.86749873869
-1666.6808688831516,105893.84548285091
-1666.6814110904234,105893.81222621398
-1666.6912921570474,105893.7902103262
-1666.7013539595064,105893.75710889278
-1666.7018961668364,105893.72385225445
-1666.7117772335187,105893.701836369
-1666.7123194409069,105893.66857973067
-1666.7223812435986,105893.63547829865
-1666.722742715152,105893.61330720736
-1666.7328045202303,105893.58020577393
-1666.7426855871454,105893.55818988662
-1666.7432277945918,105893.52493324783
-1666.7532895974,105893.49183181627
-1666.7536510690115,105893.46966072405
-1666.7637128719361,105893.43655929063
-1666.764074343606,105893.4143881998
-1666.7741361464723,105893.38128676685
-1666.7841979494551,105893.34818533389
-1666.7845594211249,105893.32601424167
-1666.785101628746,105893.29275760427
-1666.794982695952,105893.27074171836
-1666.7955249034567,105893.23748508049
-1666.8055867067305,105893.20438364753
-1666.815467774053,105893.18236776022
-1666.8160099816741,105893.14911112282
-1666.8258910491131,105893.12709523505
-1666.826433256676,105893.09383859765
-1666.8364950601244,105893.06073716562
-1666.8368565317942,105893.0385660734
-1666.8469183353009,105893.00546464138
-1666.8472798070288,105892.98329354869
-1666.8573416130384,105892.9501921162
-1666.8672226807103,105892.92817622935
-1666.8677648883895,105892.89491959196
-1666.8778266920708,105892.86181815946
-1666.878188163857,105892.83964706725
-1666.8882499675965,105892.80654563429
-1666.8886114393827,105892.78437454347
-1666.8986732431804,105892.75127311004
-1666.8990347150248,105892.72910201875
-1666.909096518939,105892.69600058487
-1666.9096387267346,105892.66274394793
-1666.9195197947556,105892.64072806109
-1666.920062002493,105892.60747142369
-1666.9299430706305,105892.58545553638
-1666.9400048747193,105892.55235410435
-1666.9403663466219,105892.53018301167
-1666.9504281507689,105892.49708157964
-1666.9507896226132,105892.47491048835
-1666.9608514269348,105892.44180905493
-1666.9612128988374,105892.41963796364
-1666.971274703159,105892.38653653162
-1666.981155773974,105892.3645206443
-1666.981697981828,105892.33126400597
-1666.9915790503146,105892.30924811959
-1666.992121258285,105892.27599148126
-1667.002183062723,105892.2428900497
-1667.002544534742,105892.22071895795
-1667.0126063393545,105892.18761752453
-1667.0129678113735,105892.16544643324
-1667.0230296160444,105892.13234500121
-1667.0233910880634,105892.110173909
-1667.0334528927924,105892.0770724765
-1667.0338143648114,105892.05490138382
-1667.0438761695987,105892.02179995319
-1667.0442376416177,105891.9996288605
-1667.0542994465213,105891.96652742848
-1667.0641805153573,105891.9445115407
-1667.0647227235604,105891.91125490237
-1667.0746037923964,105891.88923901739
-1667.0751460005995,105891.85598237952
-1667.08502706961,105891.83396649314
-1667.0855692778132,105891.80070985481
-1667.0954503469402,105891.77869396796
-1667.1053314183955,105891.75667808251
-1667.1058736265986,105891.72342144372
-1667.1157546957838,105891.70140555734
-1667.1162969040452,105891.66814891901
-1667.1261779732886,105891.6461330331
-1667.12672018155,105891.61287639616
-1667.1366012508515,105891.59086050931
-1667.137143459171,105891.55760387145
-1667.147024528531,105891.53558798414
-1667.1475667368504,105891.5023313472
-1667.1574478062685,105891.48031546036
-1667.1675096119288,105891.4472140288
-1667.1678710841807,105891.42504293611
-1667.1779328897828,105891.39194150409
-1667.1782943620346,105891.36977041187
-1667.1881754316273,105891.34775452549
-1667.1982372374623,105891.314653093
-1667.1985987097723,105891.29248200124
-1667.2086605156073,105891.25938056875
-1667.2090219878592,105891.23720947653
-1667.2190837938106,105891.20410804497
-1667.2194452661788,105891.18193695322
-1667.229326338449,105891.1599210659
-1667.2393881444586,105891.12681963434
-1667.2397496168269,105891.10464854166
-1667.2402918253792,105891.07139190473
-1667.2501728953212,105891.04937601741
-1667.2507151038735,105891.01611937955
-1667.2605961739318,105890.9941034941
-1667.2706579802325,105890.96100206114
-1667.2710194526007,105890.93883096939
-1667.2809005227173,105890.91681508347
-1667.281442731386,105890.88355844608
-1667.291323801619,105890.86154255923
-1667.301385608036,105890.82844112674
-1667.3017470805207,105890.80627003452
-1667.3116281507537,105890.78425414953
-1667.32168995979,105890.75115271611
-1667.3220514322747,105890.72898162436
-1667.3321132365381,105890.69588019233
-1667.3324747090228,105890.67370910058
-1667.3423557794886,105890.6516932142
-1667.3524175886414,105890.6185917817
-1667.3527790611843,105890.59642068902
-1667.362840868067,105890.563319257
-1667.3632023406099,105890.54114816617
-1667.3732641475508,105890.50804673368
-1667.3736256200937,105890.4858756424
-1667.3835066908505,105890.46385975508
-1667.3840488996939,105890.43060311815
-1667.3939299704507,105890.40858723037
-1667.4039917775663,105890.37548579928
-1667.4043532501673,105890.35331470752
-1667.4142343210988,105890.3312988216
-1667.4242961283308,105890.29819738958
-1667.4246576009318,105890.27602629643
-1667.4345386719797,105890.25401041005
-1667.4446004817146,105890.22090897802
-1667.4449619543739,105890.1987378872
-1667.455023759394,105890.16563645517
-1667.4649048305582,105890.14362056786
-1667.4652663032175,105890.12144947704
-1667.4753281131852,105890.08834804501
-1667.475689585961,105890.06617695233
-1667.4857513936004,105890.03307552077
-1667.495632464881,105890.01105963392
-1667.4959939375985,105889.9888885417
-1667.5060557454126,105889.95578711014
-1667.5064172181883,105889.93361601885
-1667.5164790259441,105889.90051458636
-1667.516840498778,105889.87834349461
-1667.5267215702333,105889.85632760776
-1667.5367833781638,105889.8232261762
-1667.5371448509977,105889.80105508445
-1667.5470259225694,105889.77903919807
-1667.5570877306745,105889.74593776558
-1667.5574492034502,105889.72376667382
-1667.5673302776413,105889.7017507879
-1667.5773920858046,105889.66864935542
-1667.5872731552226,105889.64663346997
-1667.5876346280565,105889.62446237728
-1667.597696438781,105889.59136094525
-1667.607577510702,105889.56934506027
-1667.6081197201274,105889.53608842287
-1667.6180007920484,105889.5140725351
-1667.6183622649987,105889.4919014438
-1667.6284240735113,105889.45880001178
-1667.6287855464616,105889.43662892049
-1667.638666618499,105889.41461303364
-1667.648728427128,105889.38151160162
-1667.6490899000783,105889.35934051033
-1667.6589709722903,105889.33732462442
-1667.6690327810356,105889.30422319239
-1667.678913853364,105889.28220730601
-1667.6792753264308,105889.26003621472
-1667.689337137621,105889.22693478223
-1667.6992182100075,105889.20491889585
-1667.6995796831325,105889.18274780456
-1667.709641489666,105889.14964637207
-1667.7195225645555,105889.12763048615
-1667.7294036370004,105889.10561460024
-1667.729945846775,105889.07235796284
-1667.7398269193363,105889.05034207739
-1667.749707992014,105889.02832619147
-1667.7502502016723,105888.99506955221
-1667.7601312744082,105888.97305366723
-1667.7604927475331,105888.95088257454
-1667.7705545568606,105888.91778114298
-1667.7804356296547,105888.895765258
-1667.780797102896,105888.87359416485
-1667.790858912398,105888.84049273422
-1667.8007399852504,105888.81847684737
-1667.8106210606056,105888.79646096146
-1667.810982533847,105888.7742898697
-1667.8210443435237,105888.74118843768
-1667.8309254141059,105888.71917255083
-1667.8408064895775,105888.69715666492
-1667.841348699585,105888.66390002798
-1667.8512297726702,105888.64188414207
-1667.86111084593,105888.61986825522
-1667.871172655723,105888.58676682366
-1667.881053729041,105888.56475093821
-1667.8814152023988,105888.54257984692
-1667.8914770124247,105888.50947841536
-1667.901358085801,105888.48746252758
-1667.9017195592169,105888.46529143676
-1667.9117813693592,105888.43219000567
-1667.9216624428518,105888.41017411882
-1667.9220239162678,105888.38800302707
-1667.932085728913,105888.35490159458
-1667.9419668024639,105888.33288571006
-1667.9518478736863,105888.31086982321
-1667.9617289497983,105888.28885393823
-1667.9622711600969,105888.25559730083
-1667.972152233764,105888.23358141398
-1667.9820333075477,105888.21156552853
-1667.9920951180975,105888.17846409604
-1668.001976191881,105888.15644821106
-1668.0118572657811,105888.1344323256
-1668.01221873943,105888.11226123432
-1668.0222805501544,105888.07915980183
-1668.0321616241708,105888.05714391591
-1668.0420426981873,105888.03512802953
-1668.0521045114729,105888.00202659937
-1668.0619855856057,105887.98001071252
-1668.0623470592545,105887.9578396203
-1668.0724088678835,105887.92473818874
-1668.0727703415905,105887.90256709745
-1668.082651418168,105887.880551212
-1668.0925324924756,105887.85853532609
-1668.1025943036657,105887.8254338936
-1668.1124753780314,105887.80341800908
-1668.122356452397,105887.7814021227
-1668.1324182637036,105887.7483006916
-1668.132779737527,105887.72612959845
-1668.1426608120673,105887.70411371347
-1668.1525418865494,105887.68209782755
-1668.1626036980888,105887.64899639599
-1668.172484775132,105887.62698050961
-1668.1823658497306,105887.60496462556
-1668.1924276589998,105887.57186319353
-1668.2023087361595,105887.54984730668
-1668.2121898109326,105887.52783142217
-1668.222070885764,105887.50581553672
-1668.2321326975944,105887.47271410422
-1668.2324941715924,105887.45054301294
-1668.242375246482,105887.42852712749
-1668.2429174575955,105887.39527048962
-1668.252798532485,105887.37325460417
-1668.2626796075492,105887.35123871872
-1668.2727414196124,105887.31813728623
-1668.2826224947348,105887.29612140171
-1668.292503572302,105887.27410551533
-1668.3023846474825,105887.25208963081
-1668.312446457392,105887.21898819972
-1668.3223275351338,105887.1969723124
-1668.3322086103726,105887.17495642696
-1668.3420896857278,105887.15294054197
-1668.3521514982567,105887.11983911088
-1668.362032573612,105887.09782322496
-1668.3719136491418,105887.07580733811
-1668.3817947246134,105887.05379145313
-1668.391856537317,105887.0206900225
-1668.4017376129632,105886.99867413612
-1668.411618690996,105886.97665825067
-1668.4121609024587,105886.94340161327
-1668.4220419781632,105886.92138572782
-1668.4319230514811,105886.89936984237
-1668.4418041296885,105886.87735395692
-1668.451865942683,105886.84425252536
-1668.461747018504,105886.82223664038
-1668.4716280944413,105886.80022075446
-1668.4816899076104,105886.76711932244
-1668.491570983606,105886.74510343838
-1668.5109716612496,105886.72324275924
-1668.5208527373034,105886.70122687332
-1668.5309145530919,105886.66812544223
-1668.540795629262,105886.64610955585
-1668.5506767031038,105886.62409367133
-1668.5605577817187,105886.60207778541
-1668.5706195953535,105886.56897635339
-1668.5805006716982,105886.5469604684
-1668.590381748043,105886.52494458295
-1668.600262824446,105886.50292869797
-1668.6103246381972,105886.46982726688
-1668.6202057147166,105886.4478113805
-1668.630086791236,105886.42579549551
-1668.64014860522,105886.39269406488
-1668.6500296842423,105886.3706781785
-1668.6694303604309,105886.34881750029
-1668.6793114395696,105886.32680161577
-1668.6893732537283,105886.29370018421
-1668.699254330597,105886.27168429876
-1668.709135407349,105886.24966841377
-1668.719016484276,105886.22765252832
-1668.7288975612028,105886.20563664241
-1668.7484789777081,105886.17269041808
-1668.7583600546932,105886.1506745331
-1668.7682411342394,105886.12865864811
-1668.7781222112826,105886.10664276173
-1668.7881840235204,105886.0735413311
-1668.807584705355,105886.05168065336
-1668.8174657826312,105886.02966476697
-1668.8273468599073,105886.00764888152
-1668.8374086747644,105885.9745474509
-1668.8472897520987,105885.95253156731
-1668.8571708295494,105885.93051568046
-1668.8670519070001,105885.90849979687
-1668.8866333268816,105885.87555357162
-1668.8965144044487,105885.8535376871
-1668.9063954820158,105885.83152180165
-1668.9162765596411,105885.80950591573
-1668.9356772397878,105885.78764523799
-1668.9457390551688,105885.75454380689
-1668.9556201329106,105885.73252792144
-1668.9655012107687,105885.71051203692
-1668.98490189109,105885.68865135871
-1668.9949637067039,105885.65554992715
-1669.004844787065,105885.63353404216
-1669.0242454677355,105885.61167336395
-1669.0341265457682,105885.58965747897
-1669.0440076238592,105885.56764159491
-1669.06358904246,105885.53469536966
-1669.0734701206675,105885.5126794842
-1669.083351198933,105885.49066360015
-1669.0932322771987,105885.46864771517
-1669.1032940932782,105885.435546285
-1669.1226947768591,105885.4136856054
-1669.1325758552412,105885.39166972181
-1669.1519765366102,105885.36980904313
-1669.1620383529225,105885.33670761343
-1669.1719194315374,105885.31469172752
-1669.1913201130228,105885.29283104977
-1669.201201191754,105885.27081516385
-1669.220601873356,105885.2489544861
-1669.2306636900175,105885.21585305547
-1669.24054477131,105885.19383717095
-1669.2599454531446,105885.17197649227
-1669.2698265320505,105885.14996060822
-1669.2894079520484,105885.11701438436
-1669.2992890310124,105885.09499849984
-1669.3186897131382,105885.0731378221
-1669.328570792335,105885.05112193758
-1669.3479714746354,105885.02926125936
-1669.3580332943238,105884.9961598292
-1669.3679143735208,105884.97414394468
-1669.377795452834,105884.95212805923
-1669.3971961354837,105884.93026738148
-1669.407077214797,105884.90825149557
-1669.4266586356098,105884.87530527357
-1669.436539715156,105884.85328938812
-1669.4559403980384,105884.83142871037
-1669.4658214775845,105884.80941282725
-1669.485222163028,105884.78755214904
-1669.5048035843065,105884.75460592518
-1669.5146846640855,105884.73259004112
-1669.5340853473172,105884.7107293643
-1669.5439664272126,105884.68871347932
-1669.5635478512268,105884.65576725546
-1669.5734289287939,105884.63375137094
-1669.5928296147613,105884.61189069366
-1669.6122302983422,105884.59003001638
-1669.6221113785286,105884.56801413186
-1669.6416928005056,105884.535067908
-1669.6515738808084,105884.51305202395
-1669.6709745647386,105884.49119134666
-1669.6808556474862,105884.46917546261
-1669.7004370674258,105884.43622923922
-1669.7103181502316,105884.41421335423
-1669.729718834511,105884.39235267788
-1669.7491195187904,105884.37049200013
-1669.7590005993843,105884.34847611655
-1669.7784012838383,105884.32661543926
-1669.7979827092495,105884.29366921773
-1669.8078637899598,105884.27165333135
-1669.8272644746467,105884.24979265546
-1669.8466651593917,105884.22793197772
-1669.8565462402767,105884.2059160932
-1669.8761276637088,105884.17296987073
-1669.8955283486866,105884.15110919392
-1669.9149290361675,105884.12924851617
-1669.9248101173434,105884.10723263305
-1669.9442108025542,105884.08537195576
-1669.9636114878813,105884.06351127895
-1669.9831929118372,105884.03056505602
-1669.9930739931879,105884.00854917197
-1670.0029550745967,105883.98653328791
-1670.0223557601566,105883.96467261063
-1670.0417564482195,105883.94281193521
-1670.0613378726412,105883.90986571275
-1670.0807385585504,105883.88800503546
-1670.090619640192,105883.86598915095
-1670.1100203262176,105883.84412847646
-1670.1294210122433,105883.82226779917
-1670.14882170083,105883.80040712235
-1670.168403123389,105883.76746089896
-1670.1878038121504,105883.74560022447
-1670.197684894083,105883.72358433902
-1670.2170855805743,105883.70172366314
-1670.236486267182,105883.67986298772
-1670.2560676926514,105883.64691676479
-1670.275468381762,105883.6250560889
-1670.2948690685444,105883.60319541162
-1670.314269755443,105883.58133473666
-1670.3336704424,105883.55947406031
-1670.3435515249148,105883.53745817672
-1670.3631329509662,105883.5045119538
-1670.3825336405425,105883.48265127884
-1670.3924147231737,105883.46063539479
-1670.41181541048,105883.43877471844
-1670.4312160979025,105883.41691404302
-1670.4506167853833,105883.39505336573
-1670.4700174729805,105883.37319269031
-1670.4895988997305,105883.34024646832
-1670.5089995898306,105883.3183857929
-1670.528400277719,105883.2965251184
-1670.5478009656072,105883.27466444205
-1670.5672016536118,105883.2528037657
-1670.5866023416165,105883.23094309028
-1670.6060030297376,105883.20908241486
-1670.6255844596308,105883.17613619287
-1670.6449851479847,105883.15427551791
-1670.6643858363386,105883.13241484202
-1670.683786524809,105883.11055416567
-1670.7031872133957,105883.08869349025
-1670.7130682970164,105883.06667760713
-1670.7326497274917,105883.03373138607
-1670.7520504138665,105883.01187070971
-1670.7714511051308,105882.99001003569
-1670.7908517940668,105882.9681493598
-1670.8102524831193,105882.94628868392
-1670.8296531722299,105882.9244280099
-1670.8490538638434,105882.90256733447
-1670.8684545507422,105882.88070665719
-1670.888035981974,105882.84776043752
-1670.9169562766328,105882.82605497073
-1670.936356966151,105882.80419429624
-1670.9557576557854,105882.78233362176
-1670.975158347981,105882.76047294587
-1670.994559037732,105882.73861227045
-1671.0139597275993,105882.7167515955
-1671.0335411571432,105882.6838053749
-1671.0529418472433,105882.66194469994
-1671.0723425372853,105882.64008402498
-1671.10126283532,105882.6183785582
-1671.1111439202214,105882.59636267461
-1671.1305446105544,105882.57450200059
-1671.1501260407385,105882.54155577905
-1671.1695267312462,105882.51969510596
-1671.1889274219284,105882.49783443101
-1671.2083281150553,105882.47597375605
-1671.237248411402,105882.45426828973
-1671.256649102259,105882.43240761524
-1671.2760497932322,105882.41054694122
-1671.2954504842637,105882.38868626673
-1671.3148511778563,105882.36682559177
-1671.3439522145782,105882.33403457934
-1671.3633529059007,105882.31217390671
-1671.3827535972814,105882.2903132313
-1671.4021542887785,105882.2684525568
-1671.421554980334,105882.24659188325
-1671.4504752801731,105882.22488641692
-1671.469875971903,105882.20302574337
-1671.4892766637495,105882.18116506934
-1671.5086773555959,105882.15930439485
-1671.528258787701,105882.12635817425
-1671.5476594821666,105882.10449750116
-1671.5575405684067,105882.0824816185
-1671.5864608664997,105882.06077615311
-1671.6058615588117,105882.03891547862
-1671.6254429914407,105882.00596925896
-1671.6448436839273,105881.9841085854
-1671.6737639849307,105881.96240312047
-1671.693164677592,105881.94054244645
-1671.7125653703697,105881.91868177289
-1671.7414856692776,105881.89697630843
-1671.7608863646165,105881.87511563441
-1671.7802870575688,105881.85325496132
-1671.7996877506375,105881.83139428683
-1671.8287887904444,105881.79860327719
-1671.848189483746,105881.7767426027
-1671.8675901794923,105881.75488193007
-1671.8965104791569,105881.73317646515
-1671.9159111726913,105881.71131579112
-1671.935311866342,105881.6894551185
-1671.9548933005426,105881.6565088993
-1671.974293994368,105881.63464822434
-1671.9936946906382,105881.61278755218
-1672.0130953846383,105881.59092687955
-1672.0324960786384,105881.56906620506
-1672.0518967727548,105881.54720553197
-1672.080817073409,105881.52550006937
-1672.1002177700866,105881.50363939488
-1672.1196184620494,105881.48177872226
-1672.1487195061636,105881.44898771355
-1672.1681202007458,105881.42712703953
-1672.1875208953861,105881.4052663669
-1672.216441199067,105881.38356090477
-1672.2358418914955,105881.36170023028
-1672.2647621955257,105881.33999476628
-1672.2841628905153,105881.31813409459
-1672.3035635856213,105881.29627342103
-1672.332483889826,105881.27456795843
-1672.351884582662,105881.25270728674
-1672.3712852804456,105881.23084661318
-1672.390866716858,105881.19790039398
-1672.4102674123715,105881.17603972228
-1672.4296681080014,105881.15417905059
-1672.4490688061342,105881.13231837656
-1672.477989108651,105881.11061291397
-1672.4975705456454,105881.07766669523
-1672.5264908485115,105881.0559612331
-1672.545891544607,105881.03410056
-1672.565292243089,105881.01223988831
-1672.5942125462461,105880.99053442571
-1672.6136132426327,105880.96867375309
-1672.6425335459644,105880.94696829095
-1672.6619342425256,105880.9251076188
-1672.6908545484766,105880.90340215666
-1672.7102552452125,105880.8815414845
-1672.7298366832547,105880.84859526576
-1672.7587569872267,105880.82688980363
-1672.7781576841953,105880.8050291324
-1672.8070779908448,105880.78332367074
-1672.82647868793,105880.76146299858
-1672.8460601265542,105880.7285167803
-1672.8654608238721,105880.70665611001
-1672.8848615213064,105880.68479543692
-1672.9137818284216,105880.66308997665
-1672.9331825235859,105880.64122930402
-1672.9621028309339,105880.61952384189
-1672.9815035286592,105880.59766317019
-1673.0104238339118,105880.57595770946
-1673.0298245341983,105880.55409703776
-1673.058925581281,105880.52130602952
-1673.078326279414,105880.49944536015
-1673.1072465850739,105880.47773989802
-1673.126647283323,105880.45587922586
-1673.1555675916024,105880.43417376559
-1673.1749682901427,105880.4123130939
-1673.2038885962102,105880.39060763363
-1673.2232892948668,105880.36874696286
-1673.2522096011671,105880.34704150073
-1673.2717910443316,105880.31409528386
-1673.3007113508647,105880.29238982312
-1673.3201120499289,105880.27052915283
-1673.3395127490512,105880.24866848113
-1673.3589134482318,105880.2268078099
-1673.3880144995637,105880.19401680399
-1673.407415198977,105880.17215613276
-1673.436335506267,105880.15045067342
-1673.4557362057967,105880.12859000172
-1673.484656513203,105880.10688454052
-1673.5040572154103,105880.08502387069
-1673.5329775231658,105880.06331841089
-1673.5523782230448,105880.04145774012
-1673.5812985309167,105880.01975228032
-1673.6103995835874,105879.98696127487
-1673.6298002838157,105879.96510060364
-1673.658720592095,105879.94339514244
-1673.678121292498,105879.92153447354
-1673.7070416010101,105879.89982901327
-1673.7359619120252,105879.8781235544
-1673.7553626127192,105879.85626288317
-1673.7842829215224,105879.83455742337
-1673.803864364745,105879.80161120836
-1673.823265068233,105879.77975053852
-1673.8426657692762,105879.75788986823
-1673.871586078545,105879.73618440842
-1673.9005063879304,105879.71447894862
-1673.9199070893228,105879.69261827925
-1673.9490081414115,105879.65982727427
-1673.9779284535907,105879.6381218154
-1673.997329155216,105879.61626114557
-1674.0262494652416,105879.5945556867
-1674.0551697777119,105879.57285022782
-1674.0745704796864,105879.55098955799
-1674.103490790003,105879.52928409958
-1674.122891492094,105879.50742343022
-1674.1518118026434,105879.48571797088
-1674.1807321133092,105879.46401251247
-1674.209833169356,105879.43122150842
-1674.2292338717962,105879.40936083952
-1674.2581541828113,105879.38765538065
-1674.2870744964457,105879.3659499227
-1674.3066559421131,105879.33300370723
-1674.3260566449608,105879.31114303833
-1674.3549769564997,105879.28943757992
-1674.374377659522,105879.26757691056
-1674.4032979736803,105879.24587145308
-1674.4322182855103,105879.22416599421
-1674.4516189888818,105879.2023053253
-1674.4805393009447,105879.18059986783
-1674.5094596155686,105879.15889441036
-1674.538560670917,105879.12610340724
-1674.557961374754,105879.1042427388
-1674.5868816872826,105879.08253727993
-1674.6158019999275,105879.06083182385
-1674.644722312747,105879.03912636591
-1674.66412301932,105879.01726569701
-1674.6930433323141,105878.99556024093
-1674.721963645541,105878.97385478253
-1674.7508839611546,105878.95214932552
-1674.770465409034,105878.91920311097
-1674.7993857224938,105878.89749765582
-1674.8187864271458,105878.87563698692
-1674.847706740955,105878.85393152945
-1674.8671074482845,105878.83207086055
-1674.8962085057283,105878.79927985929
-1674.9251288197702,105878.77757440181
-1674.954049134045,105878.75586894667
-1674.9734498417238,105878.7340082773
-1675.0023701561731,105878.71230282122
-1675.031290470739,105878.69059736468
-1675.0602107854793,105878.66889190907
-1675.0891311027226,105878.64718645299
-1675.1087125496706,105878.61424023844
-1675.1376328671467,105878.59253478236
-1675.1665531823528,105878.57082932675
-1675.1954734976753,105878.54912387114
-1675.2243938131141,105878.52741841506
-1675.2437945217243,105878.50555774802
-1675.2727148374543,105878.48385229288
-1675.3016351532424,105878.46214683587
-1675.330736215401,105878.42935583461
-1675.350136922032,105878.40749516804
-1675.3790572381695,105878.3857897115
-1675.3984579449752,105878.36392904399
-1675.4273782613454,105878.34222358838
-1675.456479324319,105878.30943258898
-1675.4853996409802,105878.28772713337
-1675.5143199576996,105878.26602167776
-1675.5432402745937,105878.24431622354
-1675.572160594049,105878.22261076886
-1675.591561301495,105878.20075010089
-1675.6204816187383,105878.17904464714
-1675.6495826802566,105878.14625364682
-1675.6785030002357,105878.1245481912
-1675.7074233178282,105878.10284273606
-1675.7363436355954,105878.08113728231
-1675.7652639534208,105878.05943182763
-1675.7941842738073,105878.03772637341
-1675.8135849820683,105878.01586570777
-1675.8426860447507,105877.98307470698
-1675.8716063631,105877.96136925183
-1675.9005266840104,105877.93966379901
-1675.9199273926206,105877.9178031329
-1675.9490284558851,105877.88501213258
-1675.9779487747,105877.8633066793
-1676.0068690936314,105877.84160122415
-1676.035789415182,105877.81989577087
-1676.0647097344045,105877.79819031758
-1676.093630053685,105877.77648486383
-1676.1132115102373,105877.74353865255
-1676.142131829809,105877.7218331988
-1676.171052149497,105877.70012774458
-1676.1999724693014,105877.6784222913
-1676.228892791667,105877.65671683894
-1676.2578131117625,105877.63501138613
-1676.2869141767733,105877.60222038813
-1676.3158344971016,105877.58051493391
-1676.344754819991,105877.55880948063
-1676.373675140494,105877.53710402828
-1676.4025954611716,105877.515398575
-1676.4315157820238,105877.49369312264
-1676.4510972400894,105877.46074691089
-1676.4800175611163,105877.43904145854
-1676.508937882376,105877.41733600618
-1676.5378582036356,105877.39563055383
-1676.5669592726044,105877.36283955537
-1676.5958795941551,105877.34113410348
-1676.6247999158222,105877.31942865066
-1676.653720237664,105877.29772319878
-1676.6826405620086,105877.27601774735
-1676.7117416294059,105877.24322674982
-1676.7406619515386,105877.22152129794
-1676.7695822739042,105877.19981584512
-1676.788982985774,105877.1779551804
-1676.8179033083143,105877.15624972852
-1676.8470043787966,105877.12345873192
-1676.8759247016278,105877.10175328003
-1676.9048450245755,105877.08004782815
-1676.9337653476396,105877.05834237672
-1676.9626856732066,105877.0366369253
-1676.9917867421173,105877.00384592777
-1677.0207070655306,105876.98214047682
-1677.0496273891185,105876.96043502726
-1677.0787284608814,105876.9276440288
-1677.1076487847604,105876.90593857924
-1677.1365691086976,105876.88423312828
-1677.1654894327512,105876.86252767779
-1677.194409759366,105876.84082222544
-1677.223510829499,105876.80803122884
-1677.2524311540183,105876.78632577881
-1677.2813514785375,105876.76462032925
-1677.3102718057344,105876.74291487876
-1677.339192130603,105876.72120942827
-1677.3682932015508,105876.68841843214
-1677.3972135266522,105876.66671298072
-1677.4261338541983,105876.64500753162
-1677.4550541796489,105876.62330208207
-1677.4841552511207,105876.59051108547
-1677.513075576746,105876.56880563451
-1677.541995904874,105876.54710018635
-1677.5709162307903,105876.52539473632
-1677.6000173029024,105876.49260374112
-1677.6289376314962,105876.47089829203
-1677.6578579577035,105876.449192842
-1677.6869590303977,105876.41640184727
-1677.7158793569542,105876.3946963977
-1677.7447996860137,105876.37299094768
-1677.773720012745,105876.35128549952
-1677.8026403396507,105876.32958004903
-1677.8317414130433,105876.29678905383
-1677.8606617426267,105876.27508360567
-1677.88958206994,105876.25337815704
-1677.9186831437983,105876.22058716277
-1677.9476034713443,105876.19888171367
-1677.9765238015098,105876.17717626458
-1678.0054441292887,105876.15547081595
-1678.0345452037873,105876.12267982168
-1678.0634655318572,105876.10097437305
-1678.0923858624883,105876.07926892489
-1678.1308258023928,105876.05771869095
-1678.15992687759,105876.02492769668
-1678.1793275944656,105876.00306703523
-1678.2082479256205,105875.98136158613
-1678.237349001225,105875.9485705914
-1678.2757889419445,105875.92702035978
-1678.304709273565,105875.90531491209
-1678.3338103496935,105875.87252391782
-1678.362730679044,105875.85081847059
-1678.3916510109557,105875.82911302382
-1678.4205713405972,105875.8074075752
-1678.449672417366,105875.77461658232
-1678.4785927472403,105875.75291113369
-1678.5075130796758,105875.73120568693
-1678.536433409783,105875.7095002397
-1678.5750540992012,105875.67686446151
-1678.6039744296577,105875.65515901428
-1678.632894762617,105875.63345356798
-1678.66199584055,105875.60066257557
-1678.6909161713556,105875.57895712834
-1678.719836502336,105875.55725168064
-1678.7489375830628,105875.5244606887
-1678.7778579143342,105875.5027552424
-1678.8067782456055,105875.48104979517
-1678.835879324528,105875.44825880323
-1678.864799658535,105875.42655335646
-1678.893719990272,105875.40484791063
-1678.9323406819021,105875.3722121343
-1678.961261013872,105875.35050668847
-1678.9901813460747,105875.3288012417
-1679.019282428315,105875.29601024883
-1679.0482027607504,105875.274304803
-1679.0771230932442,105875.25259935763
-1679.1060434258543,105875.23089391226
-1679.144664121326,105875.19825813593
-1679.1735844542272,105875.17655269057
-1679.202504789806,105875.1548472452
-1679.2316058707074,105875.12205625372
-1679.2605262040743,105875.10035080835
-1679.2894465374993,105875.07864536438
-1679.3185476214276,105875.04585437104
-1679.356987567735,105875.02430414269
-1679.37656903686,105874.99135793606
-1679.415008983633,105874.96980770584
-1679.443929320143,105874.94810226187
-1679.4730304024997,105874.9153112704
-1679.501950736856,105874.89360582642
-1679.530871071387,105874.87190038245
-1679.559972156654,105874.83910939144
-1679.5984121043002,105874.81755916215
-1679.6273324391805,105874.79585371772
-1679.6564335224684,105874.76306272717
-1679.685353857698,105874.74135728413
-1679.7142741954885,105874.7196518397
-1679.7433752792422,105874.68686084868
-1679.7818152302643,105874.66531062173
-1679.8109163143672,105874.63251963118
-1679.8398366502952,105874.61081418814
-1679.8687569862814,105874.58910874417
-1679.8978580733528,105874.55631775316
-1679.9362980227452,105874.53476752667
-1679.9652183591388,105874.51306208363
-1679.9943194442894,105874.48027109401
-1680.0232397833606,105874.45856565051
-1680.0523408688605,105874.42577466043
-1680.0812612058362,105874.40406921785
-1680.1198819049168,105874.37143344479
-1680.14880224457,105874.34972800175
-1680.1777225819533,105874.3280225601
-1680.2068236682098,105874.29523156956
-1680.235744005884,105874.27352612652
-1680.2743647082825,105874.24089035485
-1680.3032850462478,105874.21918491134
-1680.3322053843294,105874.19747947017
-1680.3613064738456,105874.16468848148
-1680.3997464256827,105874.14313825499
-1680.4288475131616,105874.11034726677
-1680.4577678542119,105874.08864182467
-1680.48686894204,105874.05585083598
-1680.5157892809366,105874.03414539387
-1680.5542292335304,105874.01259516831
-1680.5833303218824,105873.97980418103
-1680.6122506636311,105873.95809873939
-1680.6413517523324,105873.92530775117
-1680.6702720918693,105873.90360230999
-1680.7088927970035,105873.87096653925
-1680.7378131368896,105873.84926109808
-1680.7669142262894,105873.81647011079
-1680.7958345687948,105873.79476466822
-1680.8342745229602,105873.77321444405
-1680.8633756127674,105873.74042345723
-1680.892295953352,105873.71871801652
-1680.9213970459532,105873.68592703016
-1680.9598370007006,105873.66437680507
-1680.9889380912064,105873.63158581872
-1681.017858432373,105873.60988037847
-1681.046959523228,105873.57708939118
-1681.0853994810604,105873.55553916749
-1681.1145005723229,105873.52274818067
-1681.1434209164581,105873.50104274042
-1681.172341258265,105873.47933730064
-1681.2109619640978,105873.44670153176
-1681.2400630560005,105873.41391054494
-1681.2689834006596,105873.39220510377
-1681.2980844929116,105873.35941411834
-1681.336524449638,105873.33786389604
-1681.3656255422975,105873.30507290969
-1681.394545885094,105873.2833674699
-1681.432985844789,105873.2618172476
-1681.4620869379141,105873.22902626265
-1681.4910072835628,105873.20732082287
-1681.520108376979,105873.17452983744
-1681.5585483348696,105873.15297961561
-1681.587649428693,105873.12018863065
-1681.6165697749238,105873.0984831918
-1681.6551904834923,105873.06584742432
-1681.6841108276276,105873.04414198408
-1681.7132119220914,105873.01135099959
-1681.7516518834746,105872.98980077775
-1681.7807529782876,105872.9570097928
-1681.8096733229468,105872.93530435488
-1681.8387744205538,105872.90251337038
-1681.8773951305775,105872.86987760337
-1681.9063154757023,105872.84817216452
-1681.9354165713885,105872.81538118003
-1681.9738565315492,105872.79383096052
-1682.0029576300294,105872.76103997603
-1682.031877975678,105872.73933453718
-1682.0704986893106,105872.70669877157
-1682.0994190352503,105872.68499333318
-1682.1285201320425,105872.65220234869
-1682.1669600956375,105872.63065212965
-1682.1960611927207,105872.59786114655
-1682.2249815391842,105872.57615570864
-1682.2636022517108,105872.54351994162
-1682.2925225984654,105872.5218145051
-1682.3216236986918,105872.48902352154
-1682.3600636608317,105872.46747330204
-1682.3891647590208,105872.43468231848
-1682.418085108744,105872.41297688149
-1682.456705822493,105872.38034111774
-1682.4856261701207,105872.35863568028
-1682.5147272713948,105872.32584469812
-1682.5533479857258,105872.29320893297
-1682.582268333761,105872.27150349552
-1682.6113694331725,105872.23871251335
-1682.6498093992705,105872.21716229524
-1682.678910498973,105872.18437131261
-1682.7078308476484,105872.16266587703
-1682.7464515655884,105872.13003011234
-1682.7753719144966,105872.10832467582
-1682.8044730149559,105872.07553369366
-1682.8429129796568,105872.05398347648
-1682.8720140805235,105872.02119249431
-1682.9009344323422,105871.99948705826
-1682.9395551490597,105871.9668512959
-1682.9684755012859,105871.94514586031
-1682.9975766027346,105871.91235487815
-1683.0266777044162,105871.87956389645
-1683.0651176703395,105871.85801367927
-1683.094218774815,105871.8252226985
-1683.123139125295,105871.80351726385
-1683.1617598434095,105871.77088150103
-1683.1906801941805,105871.74917606544
-1683.2293009151472,105871.71654030355
-1683.2584020181093,105871.68374932278
-1683.287322369346,105871.66204388626
-1683.3259430908947,105871.62940812437
-1683.3548634423641,105871.60770269111
-1683.3839645460248,105871.57491171034
-1683.4224045138108,105871.55336149503
-1683.4515056177625,105871.52057051426
-1683.4804259723169,105871.4988650796
-1683.5190466926433,105871.46622931864
-1683.5481477995636,105871.4334383388
-1683.577068152139,105871.41173290322
-1683.6156888731057,105871.37909714226
-1683.6446092259139,105871.357391709
-1683.6737103335327,105871.32460072916
-1683.712150302832,105871.30305051478
-1683.7412514083553,105871.27025953494
-1683.7701717617456,105871.24855410028
-1683.8087924863794,105871.21591834119
-1683.8378935924266,105871.18312736135
-1683.8668139462825,105871.16142192762
-1683.9054346714984,105871.12878616946
-1683.9343550256453,105871.10708073573
-1683.9634561324492,105871.07428975543
-1684.001896103262,105871.05273954244
-1684.030997210415,105871.01994856307
-1684.0599175674724,105870.99824313074
-1684.0985382915242,105870.96560737165
-1684.1276394015877,105870.93281639367
-1684.1565597567242,105870.91111095948
-1684.195180481358,105870.87847520038
-1684.2241008392302,105870.85676976852
-1684.2532019476057,105870.82397879055
-1684.2916419198737,105870.80242857849
-1684.3207430286566,105870.76963759959
-1684.349663384608,105870.74793216772
-1684.3787644961267,105870.71514118928
-1684.4172044692095,105870.6935909777
-1684.4463055785745,105870.66079999832
-1684.475406690617,105870.62800902035
-1684.5138466641656,105870.60645880969
-1684.542947774171,105870.57366783172
-1684.5718681335566,105870.55196240079
-1684.6104888607515,105870.51932664309
-1684.6394092180417,105870.49762121029
-1684.6685103286873,105870.46483023418
-1684.7069503056118,105870.44328002352
-1684.7360514166648,105870.41048904648
-1684.7651525278343,105870.37769806804
-1684.794072885823,105870.3559926385
-1684.8326936169178,105870.3233568808
-1684.8616139752558,105870.30165144941
-1684.8907150870655,105870.26886047237
-1684.9291550628259,105870.24731026357
-1684.9582561774878,105870.214519287
-1684.9871765363496,105870.1928138556
-1685.0257972686086,105870.16017809976
-1685.0547176277032,105870.13847266976
-1685.083818740677,105870.10568169365
-1685.1129198537674,105870.07289071754
-1685.1513598331367,105870.05134050781
-1685.1804609466344,105870.01854953077
-1685.2093813064275,105869.99684410077
-1685.2384824202163,105869.96405312466
-1685.2769223978976,105869.94250291632
-1685.306023514364,105869.90971194068
-1685.3349438748555,105869.88800651021
-1685.3640449893428,105869.85521553457
-1685.4024849700509,105869.83366532577
-1685.4315860848874,105869.80087435152
-1685.4605064458447,105869.77916892152
-1685.489607563417,105869.74637794588
-1685.5280475423206,105869.72482773848
-1685.5571486578556,105869.69203676423
-1685.586069019395,105869.67033133423
-1685.615170137724,105869.63754035858
-1685.6536101172678,105869.61599015165
-1685.6827112335013,105869.58319917694
-1685.7116315956227,105869.5614937488
-1685.7407327122055,105869.52870277315
-1685.7791726948926,105869.50715256622
-1685.8082738117664,105869.47436159104
-1685.8371941768564,105869.45265616244
-1685.8662952940795,105869.41986518959
-1685.9047352750786,105869.39831498219
-1685.9338363925926,105869.36552400747
-1685.962756758323,105869.34381857933
-1685.9918578761863,105869.31102760602
-1686.0302978577674,105869.28947739955
-1686.0593989760964,105869.25668642484
-1686.0883193399059,105869.2349809981
-1686.1174204609124,105869.20219002431
-1686.1463408248965,105869.1804845971
-1686.1849615645478,105869.14784884546
-1686.2138819289394,105869.12614341686
-1686.2429830481997,105869.09335244354
-1686.271903412824,105869.0716470168
-1686.3010045348783,105869.03885604301
-1686.3394445180893,105869.01730583841
-1686.3685456381645,105868.98451486463
-1686.3974660057575,105868.96280943789
-1686.4265671260655,105868.93001846457
-1686.4650071099168,105868.90846826043
-1686.4939274755307,105868.88676283415
-1686.5230285964208,105868.85397186084
-1686.5519489647122,105868.83226643363
-1686.5810500858352,105868.79947546218
-1686.6194900705596,105868.7779252585
-1686.6485911945347,105868.74513428519
-1686.6775115609053,105868.72342885891
-1686.706612682785,105868.69063788699
-1686.7355330494465,105868.66893246025
-1686.774153792765,105868.63629671047
-1686.8030741597759,105868.61459128559
-1686.8321752822958,105868.58180031367
-1686.8610956519842,105868.56009488693
-1686.8901967748534,105868.5273039164
-1686.9191171423881,105868.50559849013
-1686.9577378844842,105868.47296274081
-1686.98665825231,105868.4512573164
-1687.015578622697,105868.42955189059
-1687.044679746381,105868.3967609196
-1687.073600114556,105868.37505549379
-1687.1122208600864,105868.34241974447
-1687.1411412284942,105868.32071432052
-1687.1702423528768,105868.28792334953
-1687.1991627240786,105868.26621792372
-1687.2282638488105,105868.23342695367
-1687.266703836969,105868.21187675092
-1687.2958049620502,105868.1790857804
-1687.324725333834,105868.15738035645
-1687.3538264592644,105868.1245893864
-1687.3827468288946,105868.10288396105
-1687.411667198583,105868.08117853664
-1687.4502879437641,105868.04854278918
-1687.4792083161883,105868.02683736617
-1687.5083094424335,105867.99404639611
-1687.537229812704,105867.97234097123
-1687.5758505611448,105867.93970522378
-1687.6047709317645,105867.9179998003
-1687.63387205865,105867.88520882977
-1687.662792431889,105867.86350340676
-1687.691893559182,105867.8307124381
-1687.7303335498436,105867.80916223722
-1687.7594346774858,105867.77637126716
-1687.788355051307,105867.75466584414
-1687.8174561792403,105867.72187487409
-1687.8463765509077,105867.70016945153
-1687.8849972988828,105867.66753370501
-1687.9139176708413,105867.645828282
-1687.943018801976,105867.61303731287
-1687.9719391741091,105867.59133189032
-1688.0008595465333,105867.5696264673
-1688.0394802978262,105867.53699072171
-1688.0684006705415,105867.51528529916
-1688.0975018000463,105867.4824943305
-1688.1264221753227,105867.46078890795
-1688.165042925044,105867.42815316375
-1688.1941440550145,105867.39536219556
-1688.2230644284282,105867.37365677208
-1688.2521655611927,105867.34086580481
-1688.2906055548228,105867.3193156058
-1688.3197066854918,105867.2865246376
-1688.3486270594876,105867.26481921645
-1688.3777281905059,105867.23202824825
-1688.4161681871628,105867.21047804924
-1688.4452693186468,105867.17768708197
-1688.474189695553,105867.15598166035
-1688.5032908272697,105867.12319069216
-1688.532211201964,105867.10148527147
-1688.570831956691,105867.06884952867
-1688.5997523317346,105867.04714410612
-1688.6288534641499,105867.01435313979
-1688.6577738395426,105866.99264771724
-1688.69639459264,105866.96001197444
-1688.725314970594,105866.93830655422
-1688.7544161037076,105866.90551558835
-1688.7833364796825,105866.8838101672
-1688.821957235923,105866.85117442347
-1688.8508776121307,105866.82946900418
-1688.8799787458265,105866.79667803599
-1688.9184187452774,105866.77512784023
-1688.947519879439,105866.74233687297
-1688.9764402561705,105866.72063145321
-1689.005541390623,105866.68784048688
-1689.0439813882113,105866.66629029065
-1689.073082525516,105866.63349932572
-1689.1021836604923,105866.60070835846
-1689.1406236586627,105866.5791581627
-1689.169724796433,105866.54636719683
-1689.1986451742123,105866.52466177894
-1689.2277463099454,105866.49187081214
-1689.2661863112007,105866.47032061685
-1689.2952874472248,105866.43752965098
-1689.3242078255862,105866.41582423216
-1689.362828582758,105866.38318849029
-1689.3917489614105,105866.36148307147
-1689.4208501005778,105866.328692107
-1689.4594708584482,105866.29605636653
-1689.4883912398946,105866.27435094677
-1689.5174923772574,105866.2415599823
-1689.5559323775815,105866.22000978794
-1689.5850335152354,105866.18721882254
-1689.6139538972639,105866.16551340465
-1689.6430550352088,105866.13272244018
-1689.6816757945344,105866.10008669924
-1689.7105961745838,105866.07838128135
-1689.7396973130526,105866.04559031781
-1689.7781373170437,105866.02404012298
-1689.80723845592,105865.99124915898
-1689.8361588389962,105865.96954374062
-1689.874779599486,105865.93690800248
-1689.903880738886,105865.90411703801
-1689.9328011199832,105865.88241162105
-1689.9714218811132,105865.84977588104
-1690.0003422648879,105865.82807046361
-1690.0389630263671,105865.795434725
-1690.067883410491,105865.77372930897
-1690.0969845508807,105865.74093834404
-1690.1356053130585,105865.70830260636
-1690.1645256951451,105865.68659718847
-1690.1936268385616,105865.6538062254
-1690.2322476013796,105865.62117048865
-1690.2611679838737,105865.59946506983
-1690.2902691254276,105865.56667410722
-1690.328709132271,105865.54512391658
-1690.357810274174,105865.51233295491
-1690.3962502790382,105865.49078276195
-1690.425351423677,105865.45799179887
-1690.454452566104,105865.42520083673
-1690.492892571434,105865.40365064563
-1690.52199371421,105865.37085968349
-1690.550914098043,105865.349154267
-1690.5895348654594,105865.31651852978
-1690.6186360088177,105865.28372756857
-1690.6475563955028,105865.26202215208
-1690.686177161173,105865.22938641533
-1690.7150975457043,105865.20768099977
-1690.753718311782,105865.17504526349
-1690.7828194559552,105865.14225430228
-1690.8212594655342,105865.12070411164
-1690.8503606100567,105865.0879131495
-1690.8792809977895,105865.0662077344
-1690.9179017648567,105865.03357199952
-1690.9470029099612,105865.00078103831
-1690.9759232981596,105864.97907562321
-1691.0145440658089,105864.9464398874
-1691.0434644518537,105864.92473447323
-1691.0820852200268,105864.89209873741
-1691.111186368391,105864.85930777574
-1691.1401067548431,105864.83760236204
-1691.1787275236566,105864.80496662669
-1691.2076479127863,105864.78326121299
-1691.246268681949,105864.7506254781
-1691.2753698289162,105864.71783451829
-1691.3042902160669,105864.69612910319
-1691.3429109881981,105864.6634933697
-1691.3720121356891,105864.63070240943
-1691.4104521458503,105864.60915221972
-1691.4395532961353,105864.57636126038
-1691.4781740667531,105864.54372552736
-1691.5070944548352,105864.52202011412
-1691.5457152283052,105864.4893843811
-1691.5746356167365,105864.46767896647
-1691.6037367654499,105864.43488800712
-1691.6423575371155,105864.40225227317
-1691.671277928399,105864.38054686133
-1691.709898700472,105864.34791112784
-1691.7389998498838,105864.31512016803
-1691.7774398644688,105864.29356998159
-1691.806541014288,105864.26077902177
-1691.8449810267775,105864.23922883626
-1691.874082176946,105864.20643787831
-1691.903183329734,105864.17364691896
-1691.9416233428055,105864.15209673345
-1691.9707244934398,105864.11930577364
-1692.0093452698784,105864.08667004155
-1692.0382656604052,105864.06496462924
-1692.07688643469,105864.03232889669
-1692.1059875861974,105863.9995379392
-1692.1444276002585,105863.97798775462
-1692.1735287545016,105863.94519679667
-1692.2026299065328,105863.91240583826
-1692.2410699235625,105863.89085565275
-1692.270171075943,105863.85806469526
-1692.3087918517413,105863.8254289641
-1692.3377122436068,105863.80372355226
-1692.3763330198708,105863.77108782204
-1692.405253414414,105863.7493824116
-1692.4343545676675,105863.71659145318
-1692.4729753469583,105863.68395572342
-1692.5018957395805,105863.66225031205
-1692.540516516834,105863.62961458182
-1692.569617673289,105863.59682362434
-1692.6080576874083,105863.57527344022
-1692.6371588441543,105863.54248248367
-1692.6757796223974,105863.50984675437
-1692.7047000182793,105863.48814134393
-1692.7433207967551,105863.45550561417
-1692.7819415756385,105863.42286988534
-1692.8108619695995,105863.4011644749
-1692.839963125065,105863.36837351881
-1692.878583906917,105863.33573778952
-1692.9075043012854,105863.3140323786
-1692.9461250834865,105863.28139665024
-1692.975226239767,105863.24860569509
-1693.0136662584264,105863.22705551283
-1693.042767415056,105863.19426455675
-1693.0813881981885,105863.16162882838
-1693.11030859343,105863.13992341794
-1693.14892937697,105863.10728769097
-1693.1780305342982,105863.07449673442
-1693.2164705540636,105863.05294655357
-1693.2455717117991,105863.02015559748
-1693.2841924962122,105862.98751987005
-1693.313112892327,105862.9658144624
-1693.351733674761,105862.93317873357
-1693.3808348355815,105862.90038777888
-1693.419455618423,105862.86775205238
-1693.4483760152943,105862.84604664287
-1693.4869967985433,105862.8134109159
-1693.5160979600623,105862.78061996074
-1693.5545379816904,105862.75906978175
-1693.5836391411722,105862.7262788266
-1693.6222599253524,105862.69364309963
-1693.6511803254252,105862.67193769151
-1693.689801110013,105862.63930196594
-1693.7189022701932,105862.60651101265
-1693.7573422953137,105862.58496083133
-1693.7864434559597,105862.55216987804
-1693.8250642414205,105862.51953415154
-1693.85398463998,105862.49782874435
-1693.8830858035944,105862.4650377906
-1693.9215258270851,105862.44348761113
-1693.9506269911071,105862.41069665784
-1693.9892477774993,105862.3780609332
-1694.0181681768154,105862.35635552602
-1694.0567889636732,105862.32371979998
-1694.085890125949,105862.29092884669
-1694.1245109156007,105862.25829312252
-1694.1534313156153,105862.23658771673
-1694.1920521056745,105862.20395199116
-1694.2211532687652,105862.17116103927
-1694.2595932940603,105862.1496108612
-1694.288694457442,105862.11681990838
-1694.3273152484326,105862.08418418281
-1694.3562356493203,105862.06247877842
-1694.3948564382736,105862.02984305425
-1694.4239576047985,105861.99705210188
-1694.4623976311996,105861.97550192475
-1694.4914987956872,105861.94271097239
-1694.5205999604077,105861.9099200205
-1694.5590399897192,105861.88836984336
-1694.5881411547307,105861.855578891
-1694.6265811844496,105861.83402871434
-1694.6556823498104,105861.80123776244
-1694.6943031406845,105861.76860204013
-1694.723223543202,105861.74689663388
-1694.7618443368701,105861.71426091157
-1694.7909455030458,105861.68146996014
-1694.819865906029,105861.65976455621
-1694.858486700221,105861.6271288339
-1694.8875878669787,105861.59433788247
-1694.9260278958827,105861.57278770581
-1694.9551290628733,105861.53999675531
-1694.9842302300967,105861.50720580481
-1695.0226702619111,105861.48565562908
-1695.0517714294838,105861.45286467811
-1695.0902114616474,105861.43131450377
-1695.1193126295111,105861.39852355327
-1695.1484137976076,105861.36573260231
-1695.1868538279086,105861.34418242797
-1695.2159549964126,105861.31139147701
-1695.2543950293912,105861.28984130314
-1695.2834961982444,105861.2570503517
-1695.312597367214,105861.2242594026
-1695.3510374007747,105861.20270922827
-1695.38013857021,105861.16991827823
-1695.418759365566,105861.13728255872
-1695.4476797713432,105861.1155771548
-1695.476780943689,105861.0827862043
-1695.5154017398017,105861.05015048478
-1695.5443221459864,105861.02844508132
-1695.5829429448931,105860.9958093618
-1695.6118633513106,105860.97410395974
-1695.640964522143,105860.94131300971
-1695.6795853192452,105860.90867729066
-1695.7085057286313,105860.88697188767
-1695.7376068999292,105860.85418093903
-1695.7760469333152,105860.83263076562
-1695.8051481074654,105860.79983981652
-1695.8342492793454,105860.76704886835
-1695.872689313197,105860.74549869634
-1695.9017904879292,105860.71270774817
-1695.930710895802,105860.69100234378
-1695.9693316947669,105860.65836662613
-1695.9984328675782,105860.62557567749
-1696.0273532759165,105860.60387027683
-1696.0659740779083,105860.57123455824
-1696.0950752511853,105860.53844361007
-1696.133515288937,105860.51689343853
-1696.1626164625632,105860.48410249082
-1696.1915368717164,105860.46239708876
-1696.2301576723112,105860.42976137111
-1696.2590780816972,105860.40805596998
-1696.2881792584667,105860.37526502274
-1696.3172804330243,105860.34247407503
-1696.35572047194,105860.32092390396
-1696.3848216468468,105860.28813295765
-1696.4137420569314,105860.26642755605
-1696.4523628589814,105860.23379183887
-1696.4812832717435,105860.21208643913
-1696.510384447407,105860.17929549096
-1696.5394856231287,105860.14650454465
-1696.577925660822,105860.1249543745
-1696.6070268369513,105860.09216342866
-1696.63594725047,105860.07045802614
-1696.6650484269485,105860.0376670803
-1696.7034884677269,105860.01611691201
-1696.7325896444963,105859.9833259657
-1696.7616908214986,105859.95053501846
-1696.8001308627427,105859.92898484925
-1696.8292320402106,105859.89619390294
-1696.8581524522742,105859.87448850274
-1696.887253629975,105859.8416975569
-1696.9256936694728,105859.82014738768
-1696.9547948475229,105859.7873564423
-1696.9838960281922,105859.75456549693
-1697.0223360683303,105859.73301532818
-1697.0514372492908,105859.7002243828
-1697.080357662402,105859.6785189826
-1697.1094588413835,105859.64572803723
-1697.1383792547276,105859.62402263936
-1697.1770000637043,105859.59138692543
-1697.2059204773977,105859.5696815257
-1697.2350216569612,105859.53689057985
-1697.2641228392604,105859.50409963541
-1697.3025628783507,105859.48254946712
-1697.331664060941,105859.44975852268
-1697.3605844753329,105859.42805312388
-1697.3992052857648,105859.39541741088
-1697.4281257004477,105859.37371201301
-1697.4572268812917,105859.34092106856
-1697.4861472962075,105859.31921566883
-1697.5152484799037,105859.28642472439
-1697.5538692888804,105859.25378901092
-1697.5827897042036,105859.23208361445
-1697.6118908884237,105859.19929267
-1697.640811304038,105859.17758727167
-1697.6699124861043,105859.14479632815
-1697.7083525298513,105859.1232461622
-1697.7374537122669,105859.09045521775
-1697.7663741308497,105859.06874982035
-1697.7954753135564,105859.03595887637
-1697.8243957300438,105859.01425347943
-1697.8630165435025,105858.98161776783
-1697.8919369602809,105858.95991237136
-1697.921038143686,105858.92712142738
-1697.9499585607555,105858.90541602997
-1697.9885793749709,105858.87278031884
-1698.0174997922732,105858.85107492143
-1698.0466009763768,105858.81828397838
-1698.0757021630998,105858.7854930344
-1698.104622580926,105858.76378763886
-1698.1337237654952,105858.73099669628
-1698.1721638117451,105858.70944653125
-1698.2012649966637,105858.6766555882
-1698.2301854174002,105858.65495019313
-1698.2592866027262,105858.62215925101
-1698.288207021309,105858.6004538536
-1698.3268278376781,105858.5678181448
-1698.3557482566684,105858.54611274693
-1698.3848494425765,105858.51332180481
-1698.4137698641862,105858.4916164102
-1698.4428710505017,105858.45882546762
-1698.4813110984396,105858.43727530492
-1698.5104122851044,105858.40448436141
-1698.5393327071797,105858.38277896773
-1698.5684338941937,105858.34998802515
-1698.6070547099807,105858.31735231588
-1698.6359751301352,105858.29564692033
-1698.665076317673,105858.26285597915
-1698.693996740505,105858.24115058221
-1698.7230979284504,105858.20835964242
-1698.7520183491288,105858.18665424781
-1698.7906391684664,105858.15401853854
-1698.819559589494,105858.1323131444
-1698.8486607780214,105858.09952220367
-1698.8775812017266,105858.0778168086
-1698.9066823906032,105858.04502586648
-1698.935602812213,105858.02332047326
-1698.9742236326565,105857.99068476493
-1699.0031440544408,105857.96897937031
-1699.0322452441324,105857.93618843006
-1699.061346433824,105857.9033974898
-1699.0902668584604,105857.8816920952
-1699.1193680486176,105857.8489011554
-1699.1578081001644,105857.8273509941
-1699.1869092906127,105857.79456005385
-1699.2158297133865,105857.77285465924
-1699.2449309042422,105857.74006372085
-1699.2833709588158,105857.71851355955
-1699.3124721499626,105857.68572261883
-1699.3413925757632,105857.66401722608
-1699.370493767201,105857.63122628676
-1699.399414190906,105857.60952089261
-1699.4285153826931,105857.57672995329
-1699.4574358090176,105857.55502456008
-1699.4960566303926,105857.52238885313
-1699.5251578227617,105857.48959791381
-1699.55407824961,105857.46789252292
-1699.583179442212,105857.4351015836
-1699.6120998668484,105857.41339618945
-1699.6412010598578,105857.38060525106
-1699.6701214871719,105857.35889985878
-1699.708742310002,105857.3262641523
-1699.7376627351623,105857.30455876142
-1699.7667639288702,105857.27176782163
-1699.7956843543216,105857.25006242935
-1699.8247855507652,105857.21727149049
-1699.8632256061537,105857.19572133245
-1699.892326800502,105857.16293039359
-1699.9212472289219,105857.14122500224
-1699.9503484236775,105857.10843406431
-1699.9792688499438,105857.0867286725
-1700.0083700449904,105857.05393773457
-1700.0372904739343,105857.03223234229
-1700.0663916693302,105856.99944140436
-1700.104831725941,105856.97789124725
-1700.1339329240145,105856.94510030933
-1700.1630341199925,105856.91230937
-1700.1919545473065,105856.89060398052
-1700.2210557435174,105856.85781304259
-1700.2499761734507,105856.83610765124
-1700.2790773699526,105856.80331671331
-1700.317517427844,105856.78176655667
-1700.3466186247533,105856.74897561967
-1700.3755390528822,105856.72727022879
-1700.404640252469,105856.6944792918
-1700.4335606809473,105856.67277390184
-1700.4626618784387,105856.63998296391
-1700.5011019397061,105856.6184328082
-1700.5302031376632,105856.5856418712
-1700.559123566607,105856.56393648172
-1700.5882247672416,105856.53114554426
-1700.6171451965347,105856.5094401543
-1700.6462463950738,105856.47664921777
-1700.6751668245997,105856.45494382782
-1700.7042680259328,105856.42215289082
-1700.7331884556916,105856.40044750134
-1700.7718092852738,105856.36781179998
-1700.8007297153817,105856.34610640956
-1700.8298309174133,105856.31331547443
-1700.8587513477542,105856.29161008354
-1700.8878525476903,105856.25881914794
-1700.9167729806504,105856.23711375939
-1700.9458741808776,105856.20432282425
-1700.9747946118005,105856.1826174343
-1701.0038958123187,105856.1498264987
-1701.04233587411,105856.12827634392
-1701.0714370750356,105856.09548540879
-1701.100357508869,105856.07378002023
-1701.129458710202,105856.04098908557
-1701.1583791419398,105856.01928369561
-1701.1874803435057,105855.98649276001
-1701.216400777921,105855.96478737285
-1701.2453212100081,105855.9430819843
-1701.2744224120397,105855.91029104823
-1701.3033428444178,105855.88858565968
-1701.3324440493016,105855.85579472454
-1701.3613644819125,105855.83408933692
-1701.3904656845843,105855.80129840365
-1701.4193861174863,105855.77959301416
-1701.4484873230103,105855.74680208042
-1701.477407756145,105855.7250966928
-1701.5065089595737,105855.69230575813
-1701.5354293929995,105855.67060037144
-1701.5643498289865,105855.64889498148
-1701.6029706640402,105855.61625928339
-1701.6318911003182,105855.59455389623
-1701.6609923045617,105855.56176296296
-1701.6899127386278,105855.5400575758
-1701.7190139432205,105855.50726664113
-1701.7479343800223,105855.48556125443
-1701.7770355849061,105855.45277032116
-1701.8059560195543,105855.43106493307
-1701.8350572247873,105855.3982739998
-1701.8639776621712,105855.37656861264
-1701.8928980971687,105855.35486322641
-1701.9219993029255,105855.32207229361
-1701.9509197382722,105855.30036690598
-1701.9800209467066,105855.26757597178
-1702.0089413822861,105855.24587058742
-1702.038042588625,105855.21307965461
-1702.0669630244956,105855.19137426745
-1702.0958834629273,105855.16966888122
-1702.124984669732,105855.13687794795
-1702.15390510601,105855.11517256312
-1702.1830063131638,105855.08238163032
-1702.2119267521193,105855.06067624362
-1702.2408471887466,105855.03897085879
-1702.2699483964825,105855.00617992552
-1702.2988688333426,105854.98447453976
-1702.327970043756,105854.95168360742
-1702.3568904809654,105854.92997822212
-1702.385810918291,105854.90827283636
-1702.4149121267255,105854.87548190402
-1702.4438325667288,105854.85377651872
-1702.4729337755125,105854.82098558685
-1702.501854213362,105854.79928020202
-1702.5307746537728,105854.77757481625
-1702.5598758630222,105854.74478388485
-1702.5792766693048,105854.72292326391
-1702.6081971076783,105854.70121787908
-1702.6372983173933,105854.6684269486
-1702.6662187559996,105854.64672156284
-1702.6951391971088,105854.62501617754
-1702.7242404072895,105854.5922252466
-1702.7531608463032,105854.5705198627
-1702.7820812854916,105854.5488144774
-1702.8111824985244,105854.51602354599
-1702.8401029379456,105854.49431816302
-1702.8690233774832,105854.47261277912
-1702.8981245885952,105854.43982184725
-1702.9270450308686,105854.41811646288
-1702.9559654707555,105854.39641107898
-1702.9850666823913,105854.36362014804
-1703.004467492632,105854.34175952803
-1703.0333879329264,105854.32005414413
-1703.0624891449697,105854.28726321412
-1703.0914095879998,105854.26555782976
-1703.1203300286434,105854.24385244679
-1703.1494312412106,105854.21106151678
-1703.1783516821451,105854.18935613427
-1703.2072721256409,105854.16765074944
-1703.22667293431,105854.14579012943
-1703.2557741474593,105854.11299920036
-1703.2846945888596,105854.09129381739
-1703.3136150304927,105854.06958843395
-1703.342716246494,105854.0367975044
-1703.3716366883018,105854.01509212144
-1703.4005571302841,105853.99338673847
-1703.4296583443647,105853.96059580892
-1703.449059153907,105853.93873518938
-1703.4779795961804,105853.91702980734
-1703.506900041073,105853.89532442344
-1703.5360012557358,105853.86253349483
-1703.5649216984166,105853.8408281114
-1703.5938421413302,105853.81912273029
-1703.6132429538993,105853.79726211075
-1703.6423441690858,105853.76447118167
-1703.6712646147935,105853.74276579963
-1703.7001850581146,105853.72106041713
-1703.729105501552,105853.69935503462
-1703.7582067174371,105853.66656410648
-1703.7776075281436,105853.64470348787
-1703.8065279744333,105853.62299810583
-1703.8354484183947,105853.60129272379
-1703.86454963492,105853.56850179471
-1703.8934700791724,105853.54679641454
-1703.9128708903445,105853.52493579639
-1703.9417913372163,105853.50323041296
-1703.9707117817597,105853.48152503185
-1703.9998129990418,105853.44873410463
-1704.0192138130078,105853.42687348602
-1704.0481342579587,105853.40516810445
-1704.077054703026,105853.38346272288
-1704.1059751482098,105853.3617573413
-1704.1255567328772,105853.32881117659
-1704.1544771807967,105853.30710579595
-1704.1833976262715,105853.2854004153
-1704.212318071979,105853.26369503327
-1704.2317188843153,105853.24183441559
-1704.2608201030525,105853.20904348884
-1704.289740551496,105853.18733810913
-1704.3091413641814,105853.16547749145
-1704.3380618104711,105853.14377211034
-1704.3669822592055,105853.12206672924
-1704.3959027057863,105853.10036134953
-1704.4154842917924,105853.0674151848
-1704.4444047385477,105853.04570980463
-1704.4733251854777,105853.02400442446
-1704.5022456348524,105853.00229904382
-1704.5216464482946,105852.98043842567
-1704.5505668955157,105852.95873304736
-1704.579668115999,105852.92594211968
-1704.6085885635111,105852.9042367409
-1704.6279893798055,105852.88237612182
-1704.656909827434,105852.86067074351
-1704.6858302752953,105852.83896536287
-1704.7052310918807,105852.81710474519
-1704.7341515399166,105852.79539936688
-1704.7632527614478,105852.76260844106
-1704.7826535758795,105852.74074782338
-1704.8115740242647,105852.7190424432
-1704.8404944727663,105852.69733706489
-1704.8598952899338,105852.67547644768
-1704.8888157387264,105852.6537710689
-1704.9177361875772,105852.63206568873
-1704.9466566389892,105852.61036030995
-1704.9662382275565,105852.57741414709
-1704.995158676873,105852.55570876878
-1705.0240791262477,105852.53400339
-1705.043479941669,105852.51214277325
-1705.0724003912183,105852.49043739354
-1705.0918012092588,105852.46857677773
-1705.120721659041,105852.44687139988
-1705.1496421113843,105852.42516602064
-1705.169042927213,105852.40330540435
-1705.198144151189,105852.37051447853
-1705.227064601495,105852.34880910069
-1705.2464654176729,105852.32694848347
-1705.2753858681535,105852.30524310563
-1705.3043063188088,105852.28353772778
-1705.323707137606,105852.26167711196
-1705.3526275884942,105852.23997173365
-1705.3720284050796,105852.21811111784
-1705.4009488586453,105852.19640573952
-1705.4298693098826,105852.17470036214
-1705.449270126759,105852.15283974633
-1705.478190578171,105852.13113436708
-1705.4975913976668,105852.10927375266
-1705.5265118492534,105852.08756837528
-1705.5554323010729,105852.06586299697
-1705.574833118415,105852.04400238208
-1705.6037535703508,105852.02229700424
-1705.6231543879258,105852.00043638749
-1705.6520748401526,105851.97873101104
-1705.6811760691926,105851.94594008755
-1705.7005768870004,105851.9240794722
-1705.7294973420212,105851.90237409621
-1705.7488981600036,105851.8805134804
-1705.7778186128708,105851.85880810255
-1705.7972194310278,105851.83694748767
-1705.8261398840696,105851.81524211029
-1705.8550603371696,105851.7935367343
-1705.8744611580623,105851.77167611895
-1705.9033816113952,105851.74997074157
-1705.9227824300178,105851.72811012669
-1705.9517028835835,105851.70640475024
-1705.971103702439,105851.68454413489
-1706.0000241587404,105851.66283875937
-1706.0194249777123,105851.64097814402
-1706.0483454318019,105851.6192727671
-1706.0677462508902,105851.59741215361
-1706.096666707599,105851.5757067767
-1706.1160675269202,105851.55384616135
-1706.1449879814172,105851.53214078676
-1706.1739084359724,105851.51043540984
-1706.1933092580875,105851.4885747945
-1706.2222297128756,105851.46686942084
-1706.2416305326624,105851.44500880549
-1706.2705509876832,105851.42330342904
-1706.2897710328689,105851.4125283612
-1706.3186914881226,105851.39082298614
-1706.3380923107034,105851.36896237126
-1706.3670127661317,105851.34725699527
-1706.3864135864424,105851.32539638132
-1706.4153340421035,105851.30369100627
-1706.434734862647,105851.28183039138
-1706.4636553209275,105851.26012501726
-1706.4830561416456,105851.23826440237
-1706.5119765977142,105851.21655902779
-1706.531377418607,105851.19469841337
-1706.5602978774114,105851.17299303878
-1706.5796986984205,105851.1511324239
-1706.608619155013,105851.12942704977
-1706.628019976255,105851.10756643582
-1706.6569404354086,105851.08586106077
-1706.6763412568253,105851.06400044682
-1706.7052617138252,105851.04229507176
-1706.7246625354164,105851.02043445827
-1706.744063357124,105850.99857384479
-1706.7729838168598,105850.97686846973
-1706.7922038633842,105850.96609340329
-1706.8211243208498,105850.9443880287
-1706.8405251428485,105850.92252741475
-1706.869445600547,105850.90082204156
-1706.8888464252232,105850.87896142853
-1706.9177668831544,105850.85725605348
-1706.9371677055024,105850.83539543953
-1706.9565685279667,105850.8135348265
-1706.9854889862472,105850.79182945285
-1707.0048898112727,105850.7699688389
-1707.033810269786,105850.74826346664
-1707.0530303169508,105850.73748839833
-1707.0819507756387,105850.71578302514
-1707.101351598627,105850.69392241165
-1707.1207524240017,105850.67206179956
-1707.149672883097,105850.6503564259
-1707.16907370626,105850.62849581242
-1707.19799416553,105850.60679043923
-1707.2173949889257,105850.58492982574
-1707.2463154484285,105850.56322445255
-1707.2657162743853,105850.54136384092
-1707.2851170981303,105850.51950322837
-1707.313856781926,105850.50888340175
-1707.3332576057292,105850.48702278733
-1707.3621780656977,105850.46531741507
-1707.3815788921202,105850.44345680298
-1707.4104993523797,105850.42175143026
-1707.429900176474,105850.39989081724
-1707.4493010007427,105850.37803020561
-1707.4782214612933,105850.35632483196
-1707.4976222881814,105850.3344642194
-1707.5263619727339,105850.32384439372
-1707.5457627974101,105850.3019837807
-1707.5746832606383,105850.2802784089
-1707.5940840830444,105850.25841779727
-1707.61348491034,105850.23655718472
-1707.642405371531,105850.21485181246
-1707.6618061966146,105850.1929911999
-1707.690726660483,105850.17128582858
-1707.7101274832385,105850.14942521602
-1707.7293475347105,105850.13865015097
-1707.7582679964835,105850.11694477918
-1707.7776688219164,105850.09508416662
-1707.8065892863087,105850.07337879436
-1707.8259901119163,105850.05151818274
-1707.8453909376403,105850.02965757111
-1707.8743113999953,105850.00795219978
-1707.893531449372,105849.99717713427
-1707.922451914288,105849.97547176201
-1707.9418527403031,105849.95361115085
-1707.9612535664928,105849.93175053969
-1707.9901740292553,105849.9100451679
-1708.0095748555614,105849.8881845558
-1708.0384953210596,105849.86647918541
-1708.0578961475985,105849.84461857239
-1708.077116197499,105849.83384350874
-1708.1060366607853,105849.81213813694
-1708.1254374874989,105849.79027752671
-1708.1543579534627,105849.76857215539
-1708.173758780351,105849.74671154516
-1708.1931596073555,105849.72485093353
-1708.2218992944108,105849.71423110785
-1708.24130012159,105849.69237049716
-1708.2607009488274,105849.670509886
-1708.2896214154316,105849.64880451653
-1708.3090222427854,105849.62694390537
-1708.3284230703139,105849.60508329328
-1708.3571627578349,105849.59446346993
-1708.3765635854797,105849.57260285877
-1708.4054840525496,105849.5508974893
-1708.4248848804273,105849.52903687814
-1708.4442857083632,105849.50717626698
-1708.4730253962334,105849.4965564441
-1708.492426224344,105849.47469583247
-1708.5118270548992,105849.45283522177
-1708.5407475201646,105849.43112985184
-1708.5601483485661,105849.40926924068
-1708.5793683998054,105849.39849417657
-1708.6082888653036,105849.37678880757
-1708.6276896963827,105849.35492819641
-1708.6470905250171,105849.33306758525
-1708.666491353768,105849.31120697642
-1708.695231042453,105849.3005871526
-1708.7146318737068,105849.27872654237
-1708.7340327027487,105849.2568659326
-1708.7629531689454,105849.23516056314
-1708.7823539981619,105849.21329995245
-1708.8015740499832,105849.2025248874
-1708.8304945189739,105849.18081952073
-1708.8498953484232,105849.15895890957
-1708.8692961778725,105849.13709829887
-1708.8885162299266,105849.12632323522
-1708.91743669688,105849.10461786576
-1708.9368375266204,105849.08275725646
-1708.956238356419,105849.06089664623
-1708.985158826108,105849.03919127816
-1709.0043788785115,105849.02841621451
-1709.0237797085429,105849.00655560475
-1709.0527001761366,105848.98485023668
-1709.0721010063426,105848.96298962552
-1709.0913210613653,105848.95221456327
-1709.1107218916295,105848.93035395304
-1709.1396423596889,105848.90864858497
-1709.159043190186,105848.88678797567
-1709.1782632454997,105848.87601291249
-1709.1976640761131,105848.85415230226
-1709.2265845444635,105848.83244693372
-1709.2459853753098,105848.81058632396
-1709.2652054308564,105848.7998112617
-1709.2941258994979,105848.77810589364
-1709.313526730577,105848.7562452848
-1709.3329275617143,105848.73438467504
-1709.352147615049,105848.72360961232
-1709.3810680864844,105848.70190424426
-1709.4004689179128,105848.68004363496
-1709.4196889690356,105848.66926857317
-1709.439089802967,105848.6474079634
-1709.4680102724233,105848.62570259534
-1709.4874111041427,105848.6038419865
-1709.5066311578266,105848.59306692332
-1709.5260319921072,105848.57120631449
-1709.554952461971,105848.54950094735
-1709.5741725158296,105848.53872588556
-1709.5935733480146,105848.51686527627
-1709.6129741825862,105848.4950046679
-1709.6418946527992,105848.47329929983
-1709.6611147068907,105848.46252423804
-1709.6805155393668,105848.44066362875
-1709.6999163718428,105848.41880302038
-1709.7286560665816,105848.40818319982
-1709.7480568992323,105848.38632259145
-1709.7674577295547,105848.36446198309
-1709.7868585648248,105848.34260137333
-1709.8060786193237,105848.33182631154
-1709.8349990903516,105848.31012094487
-1709.854399923468,105848.28826033697
-1709.873619980528,105848.27748527424
-1709.8930208137608,105848.25562466728
-1709.9124216470518,105848.23376405844
-1709.9411613401026,105848.22314423928
-1709.9605621759547,105848.20128362998
-1709.9799630094785,105848.17942302162
-1709.9991830645013,105848.16864795983
-1710.0281035364023,105848.14694259362
-1710.0475043702172,105848.12508198619
-1710.0667244253564,105848.1143069244
-1710.0861252592294,105848.0924463165
-1710.1055260956637,105848.07058570767
-1710.134265789413,105848.0599658899
-1710.1536666235188,105848.0381052806
-1710.1730674577411,105848.0162446727
-1710.1922875157325,105848.00546961185
-1710.2116883500712,105847.98360900441
-1710.2406088229036,105847.9619036382
-1710.2598288785666,105847.95112857781
-1710.2792297132546,105847.92926796945
-1710.298449769034,105847.91849290812
-1710.3178506037802,105847.89663230022
-1710.3372514409712,105847.87477169279
-1710.365991135477,105847.86415187502
-1710.385391970456,105847.84229126573
-1710.4047928055516,105847.82043065922
-1710.4240128640668,105847.8096555979
-1710.4434136992786,105847.78779499047
-1710.4628145345487,105847.76593438257
-1710.4915542295203,105847.75531456526
-1710.5109550649067,105847.73345395783
-1710.5301751213265,105847.7226788965
-1710.5495759569458,105847.70081828954
-1710.5689767949516,105847.6789576821
-1710.5977164902724,105847.66833786387
-1710.6171173261246,105847.64647725737
-1710.6365181619767,105847.62461664993
-1710.6557382211904,105847.61384158861
-1710.675139057159,105847.59198098164
-1710.6943591140443,105847.58120592078
-1710.7232795890304,105847.55950055597
-1710.7426804253482,105847.53763994994
-1710.76190048235,105847.52686488908
-1710.781301318726,105847.50500428258
-1710.800521378289,105847.49422922172
-1710.8199222148396,105847.47236861615
-1710.8393230515067,105847.45050800871
-1710.8680627477006,105847.43988819234
-1710.8874635868706,105847.41802758444
-1710.9066836442798,105847.40725252498
-1710.9260844811797,105847.38539191801
-1710.945485318196,105847.36353131104
-1710.964705375838,105847.35275625065
-1710.9936258520465,105847.33105088677
-1711.0128459095722,105847.32027582731
-1711.0322467493825,105847.29841522034
-1711.051647586748,105847.27655461477
-1711.070867644623,105847.26577955438
-1711.0902684821049,105847.24391894834
-1711.1094885400962,105847.23314388841
-1711.1384090193314,105847.21143852547
-1711.1576290773228,105847.20066346508
-1711.177029915154,105847.1788028595
-1711.1962499732617,105847.16802779911
-1711.2156508112093,105847.14616719354
-1711.2350516517763,105847.1243065875
-1711.2542717100587,105847.1135315285
-1711.2831921875477,105847.0918261651
-1711.3024122458883,105847.08105110563
-1711.321813086688,105847.05919049913
-1711.3410331452033,105847.04841543967
-1711.3604339812882,105847.02655483363
-1711.3796540423064,105847.01577977417
-1711.3990548809525,105846.99391916813
-1711.4184557196568,105846.97205856303
-1711.4471954178298,105846.96143874666
-1711.4665962591534,105846.93957814109
-1711.4858163179597,105846.92880308302
-1711.5052171570715,105846.90694247652
-1711.524437215994,105846.89616741752
-1711.5438380551059,105846.87430681242
-1711.5630581142614,105846.86353175342
-1711.591978593031,105846.84182639048
-1711.6111986546312,105846.83105133241
-1711.6305994940922,105846.80919072591
-1711.649819553364,105846.79841566784
-1711.6692203953862,105846.77655506227
-1711.6884404547745,105846.76578000328
-1711.70784129214,105846.74391939817
-1711.727242134395,105846.72205879213
-1711.7559818335576,105846.7114389767
-1711.7753826734843,105846.68957837205
-1711.7946027332218,105846.67880331306
-1711.8140035757096,105846.65694270888
-1711.8332236355636,105846.64616764989
-1711.8526244757231,105846.62430704525
-1711.8813641753513,105846.61368722981
-1711.9007650181884,105846.59182662517
-1711.9199850781588,105846.58105156617
-1711.9393859163392,105846.55919096153
-1711.9586059788126,105846.548415903
-1711.978006819496,105846.52655529836
-1712.0067465194734,105846.51593548479
-1712.0261473603314,105846.49407487968
-1712.0453674230375,105846.48329982162
-1712.0647682640702,105846.46143921558
-1712.0839883245062,105846.45066415798
-1712.103389165597,105846.42880355334
-1712.1226092260913,105846.41802849574
-1712.151529709692,105846.39632313559
-1712.170749770361,105846.38554807752
-1712.190150611801,105846.36368747335
-1712.20937067247,105846.35291241482
-1712.2287715140264,105846.33105181018
-1712.257511214877,105846.3204319966
-1712.2769120589946,105846.2985713915
-1712.2961321199546,105846.28779633483
-1712.315532961802,105846.26593573019
-1712.3347530228202,105846.25516067259
-1712.3636735073524,105846.23345531244
-1712.382893568487,105846.22268025577
-1712.4022944106255,105846.20081964973
-1712.4215144719346,105846.1900445926
-1712.4409153142478,105846.16818398843
-1712.4696550157387,105846.15756417578
-1712.4890558582265,105846.13570357207
-1712.5082759220386,105846.12492851447
-1712.5276767646428,105846.10306791076
-1712.546896826243,105846.09229285317
-1712.5758173092036,105846.07058749348
-1712.5950373733067,105846.05981243588
-1712.614438216202,105846.0379518331
-1712.6336582779768,105846.02717677504
-1712.6530591210467,105846.00531617226
-1712.6817988231778,105845.99469635915
-1712.7011996663641,105845.97283575544
-1712.7204197283718,105845.96206069831
-1712.7396397928242,105845.95128564164
-1712.7685602765996,105845.92958028195
-1712.7877803387819,105845.91880522575
-1712.8071811823174,105845.89694462111
-1712.8264012470027,105845.88616956584
-1712.8553217310691,105845.86446420662
-1712.8745417934842,105845.85368915088
-1712.893942637369,105845.83182854624
-1712.9131626997842,105845.82105348958
-1712.9420831867028,105845.79934813175
-1712.9613032492925,105845.78857307555
-1712.9807040934684,105845.76671247138
-1712.9999241561163,105845.75593741518
-1713.0286638593534,105845.74531760393
-1713.048064703762,105845.72345700115
-1713.0672847665846,105845.71268194495
-1713.0962052541436,105845.69097658526
-1713.1154253170826,105845.68020153046
-1713.1348261617823,105845.65834092675
-1713.1635658653686,105845.64772111643
-1713.1827859284822,105845.63694606023
-1713.2021867758012,105845.61508545699
-1713.221406838973,105845.60431040172
-1713.2503273247276,105845.58260504389
-1713.269547388074,105845.57182998769
-1713.2887674537487,105845.56105493056
-1713.3176879398525,105845.5393495732
-1713.3369080032571,105845.52857451793
-1713.3563088486553,105845.50671391468
-1713.3850485529983,105845.49609410483
-1713.4042686190223,105845.48531904956
-1713.4236694646534,105845.46345844585
-1713.442889528349,105845.45268339105
-1713.4718100150349,105845.43097803323
-1713.4910300812917,105845.42020297842
-1713.5102501451038,105845.40942792222
-1713.5391706320224,105845.38772256579
-1713.558390695951,105845.37694750959
-1713.5873111830442,105845.35524215363
-1713.606531249592,105845.3444670979
-1713.625751313637,105845.33369204262
-1713.6546718010213,105845.31198668573
-1713.6738918652409,105845.30121163046
-1713.7026315705152,105845.29059182154
-1713.7220324196387,105845.26873121923
-1713.7412524839165,105845.25795616396
-1713.7699921893654,105845.2473363541
-1713.789393036277,105845.2254757518
-1713.8181327418424,105845.21485594288
-1713.837533591257,105845.1929953401
-1713.8567536559422,105845.18222028529
-1713.8854933617404,105845.1716004773
-1713.904894208943,105845.14973987453
-1713.9336339148576,105845.13912006607
-1713.952853982104,105845.12834501127
-1713.9722548294812,105845.10648440942
-1714.0009945357451,105845.09586460097
-1714.0202146006632,105845.08508954616
-1714.0491350895609,105845.06338419067
-1714.0683551571565,105845.05260913447
-1714.0970948634786,105845.04198932694
-1714.1163149286294,105845.0312142726
-1714.1452354179346,105845.00950891757
-1714.164455483202,105844.99873386277
-1714.1931951898732,105844.98811405385
-1714.21259604051,105844.9662534534
-1714.2413357472979,105844.95563364448
-1714.260555812798,105844.94485859014
-1714.2894763025688,105844.92315323511
-1714.3086963682435,105844.91237818124
-1714.3374360776506,105844.90175837278
-1714.3566561433254,105844.89098331798
-1714.3855766335037,105844.86927796481
-1714.4047966994112,105844.85850291047
-1714.4335364090512,105844.84788310248
-1714.4529372580582,105844.82602250157
-1714.4816769654863,105844.81540269405
-1714.5008970315102,105844.80462764017
-1714.5296367414412,105844.79400783218
-1714.5488568075816,105844.78323277878
-1714.5777772984584,105844.76152742514
-1714.6065170062357,105844.75090761762
-1714.6257370724925,105844.74013256375
-1714.654476780328,105844.72951275669
-1714.6738776323618,105844.7076521567
-1714.7026173404884,105844.69703234825
-1714.7218374069198,105844.68625729531
-1714.7505771151045,105844.67563748779
-1714.7793168256758,105844.6650176812
-1714.7987176757306,105844.64315708168
-1714.8274573840317,105844.63253727462
-1714.8466774507542,105844.62176222075
-1714.8754171616165,105844.61114241462
-1714.8948180120206,105844.58928181557
-1714.9235577205545,105844.57866200805
-1714.952297429205,105844.56804220146
-1714.9715174962766,105844.55726714898
-1715.0002572049852,105844.54664734192
-1715.0289969161968,105844.5360275358
-1715.0482169833267,105844.52525248379
-1715.077137476008,105844.50354713062
-1715.1058771874523,105844.49292732496
-1715.1250972547568,105844.48215227155
-1715.153836963873,105844.47153246542
-1715.1730570312357,105844.46075741388
-1715.2017967405263,105844.45013760682
-1715.230536449817,105844.43951780023
-1715.2497565197991,105844.42874274915
-1715.2786770131206,105844.40703739598
-1715.3074167226441,105844.39641759079
-1715.3266367903561,105844.38564253831
-1715.3553765023826,105844.37502273312
-1715.3841162120807,105844.36440292792
-1715.4033362799091,105844.35362787591
-1715.4320759897819,105844.34300806979
-1715.4608156996546,105844.3323882646
-1715.4800357700442,105844.32161321212
-1715.5087754799752,105844.31099340692
-1715.5375151925255,105844.30037360312
-1715.566254902631,105844.28975379793
-1715.5854749707505,105844.27897874545
-1715.6143954652362,105844.25727339461
-1715.6431351755746,105844.24665358942
-1715.6718748883577,105844.23603378562
-1715.6910949542653,105844.22525873408
-1715.7198346672812,105844.21463892935
-1715.7485743777943,105844.20401912462
-1715.7773140884237,105844.19339931989
-1715.7965341594536,105844.18262426881
-1715.8252738701412,105844.17200446501
-1715.8540135809453,105844.16138466075
-1715.8827532941941,105844.15076485695
-1715.9019733629539,105844.13998980494
-1715.9307130739326,105844.12937000114
-1715.9594527849695,105844.11875019735
-1715.9881924960646,105844.10813039402
-1716.0169322096044,105844.09751059022
-1716.0359714914812,105844.09782108571
-1716.0647112051956,105844.08720128192
-1716.0934509164654,105844.07658147812
-1716.1221906278515,105844.06596167432
-1716.1509303416824,105844.05534187239
-1716.179670053185,105844.04472206719
-1716.1988901224686,105844.03394701751
-1716.227629836474,105844.02332721557
-1716.256369548093,105844.01270741131
-1716.2851092598285,105844.00208760891
-1716.313848971622,105843.99146780604
-1716.34240790084,105843.99193354975
-1716.3711476128083,105843.98131374642
-1716.390367682383,105843.97053869627
-1716.4191073944094,105843.95991889387
-1716.4478471064358,105843.94929909101
-1716.4765868210234,105843.9386792886
-1716.505326533108,105843.92805948714
-1716.5338854601723,105843.92852523131
-1716.5626251724316,105843.91790542752
-1716.5818452424137,105843.90713037783
-1716.610584957176,105843.89651057636
-1716.639324669668,105843.88589077396
-1716.6678835968487,105843.88635651907
-1716.6966233092826,105843.87573671713
-1716.725363024394,105843.86511691567
-1716.7541027370025,105843.85449711373
-1716.7828424497275,105843.84387731273
-1716.8114013770828,105843.84434305737
-1716.8401410923107,105843.83372325543
-1716.868880805152,105843.8231034549
-1716.8974397325073,105843.8235692
-1716.9261794455233,105843.81294939853
-1716.9549191609258,105843.80232959753
-1716.9741392316064,105843.79155454785
-1717.0026981589617,105843.79202029342
-1717.0314378746552,105843.78140049241
-1717.060177587904,105843.77078069141
-1717.0887365153758,105843.77124643745
-1717.117476228741,105843.76062663691
-1717.146215944551,105843.75000683684
-1717.174774872139,105843.75047258334
-1717.2035145856207,105843.73985278141
-1717.2322542992188,105843.7292329818
-1717.2608132292517,105843.72969872784
-1717.289552942908,105843.71907892684
-1717.3181118706125,105843.71954467334
-1717.3468515843851,105843.70892487373
-1717.3755913005443,105843.6983050732
-1717.4041502283653,105843.69877082016
-1717.4328899422544,105843.68815102009
-1717.461448872462,105843.68861676706
-1717.499708226649,105843.6781522166
-1717.5282671569148,105843.67861796403
-1717.5474872284103,105843.66784291482
-1717.576226944977,105843.65722311568
-1717.6047858728562,105843.65768886311
-1717.6335255870945,105843.6470690635
-1717.6716041576583,105843.64769006008
-1717.7001630855957,105843.64815580752
-1717.7289028000087,105843.63753600884
-1717.7574617303908,105843.63800175674
-1717.786201444862,105843.62738195714
-1717.8147603728576,105843.62784770504
-1717.8435000874451,105843.61722790636
-1717.8720590178855,105843.61769365473
-1717.9006179459393,105843.61815940216
-1717.9293576606433,105843.60753960535
-1717.9579165886971,105843.60800535372
-1717.9866563059622,105843.59738555364
-1718.0247348767589,105843.59800655162
-1718.0532938073156,105843.59847229999
-1718.0820335221943,105843.58785250178
-1718.1105924503645,105843.58831825014
-1718.1393321653595,105843.57769845286
-1718.1678910959745,105843.5781642017
-1718.1964500241447,105843.57862995006
-1718.2251897393144,105843.56801015278
-1718.2537486675428,105843.56847590208
-1718.2823075981578,105843.56894165138
-1718.320386169129,105843.56956265029
-1718.3491258844733,105843.55894285114
-1718.3776848150883,105843.55940860091
-1718.406243743375,105843.5598743502
-1718.4348026716616,105843.56034009997
-1718.4633615999483,105843.56080584927
-1718.4921013178537,105843.55018605338
-1718.5301798889413,105843.55080705322
-1718.558738817228,105843.55127280252
-1718.5872977455147,105843.55173855275
-1718.6158566738013,105843.55220430298
-1718.6444156045327,105843.5526700532
-1718.6731553202844,105843.54205025686
-1718.711233891372,105843.54267125716
-1718.730273176916,105843.54298175732
-1718.7588321077637,105843.54344750801
-1718.7969106788514,105843.54406850832
-1718.8254696071963,105843.54453425901
-1718.8540285379859,105843.5450000097
-1718.8827682540286,105843.53438021289
-1718.9113271824317,105843.53484596359
-1718.9494057560223,105843.53546696482
-1718.9779646843672,105843.53593271598
-1719.0065236127703,105843.53639846714
-1719.0350825411733,105843.53686421784
-1719.0636414720211,105843.53732996946
-1719.1017200432252,105843.5379509707
-1719.1302789716283,105843.53841672232
-1719.1588379000314,105843.53888247395
-1719.1872160404455,105843.55043377308
-1719.215774971235,105843.55089952471
-1719.253853542381,105843.55152052734
-1719.282412470784,105843.55198627897
-1719.3109714016318,105843.55245203106
-1719.339530330035,105843.55291778268
-1719.368089258438,105843.55338353524
-1719.3966481867828,105843.55384928687
-1719.4252071175724,105843.55431503942
-1719.4632856887765,105843.55493604252
-1719.4918446196243,105843.55540179461
-1719.5202227596892,105843.56695309374
-1719.5487816880923,105843.5674188463
-1719.5773406164371,105843.5678845984
-1719.6154191876412,105843.56850560242
-1719.643978115986,105843.56897135498
-1719.672356258321,105843.58052265365
-1719.700915186666,105843.58098840667
-1719.729474115069,105843.58145415969
-1719.7675526886014,105843.58207516419
-1719.795930828317,105843.59362646518
-1719.824489756662,105843.59409221867
-1719.8530486850068,105843.59455797216
-1719.8814268270507,105843.60610927129
-1719.9195053981384,105843.60673027672
-1719.9385446837405,105843.60704077873
-1719.9766232572147,105843.6076617837
-1720.0050013966393,105843.61921308376
-1720.033560324926,105843.61967883771
-1720.061938466737,105843.63123013871
-1720.0904973950237,105843.63169589313
-1720.1190563233104,105843.63216164708
-1720.1569541053032,105843.64386820095
-1720.1855130335316,105843.64433395537
-1720.213891175168,105843.65588525496
-1720.2424501033965,105843.65635100938
-1720.2708282424137,105843.66790231038
-1720.3089068157715,105843.66852331674
-1720.3372849547304,105843.68007461866
-1720.3658438829007,105843.68054037355
-1720.3942220218014,105843.69209167454
-1720.4227809524164,105843.69255742943
-1720.4511590912007,105843.70410873182
-1720.4892376620555,105843.70472973865
-1720.5176158031682,105843.7162810401
-1720.5461747312802,105843.71674679546
-1720.5745528698899,105843.72829809785
-1720.6031117979437,105843.7287638532
-1720.63148993894,105843.74031515513
-1720.659868077375,105843.75186645752
-1720.6884270054288,105843.75233221333
-1720.726324786432,105843.76403876813
-1720.7547029247507,105843.77559007006
-1720.783261855191,105843.77605582587
-1720.8116399934515,105843.78760713013
-1720.8400181315956,105843.79915843159
-1720.868577059533,105843.79962418787
-1720.9064748426317,105843.81133074453
-1720.9348529807176,105843.82288204739
-1720.9632311186288,105843.83443334978
-1720.9917900488945,105843.83489910653
-1721.0201681867475,105843.84645040985
-1721.0485463246005,105843.85800171364
-1721.08644410735,105843.86970826937
-1721.1150030351127,105843.87017402612
-1721.1433811727911,105843.8817253299
-1721.1717593104113,105843.89327663416
-1721.2001374503598,105843.90482793748
-1721.2285155878635,105843.91637924174
-1721.2568937252508,105843.92793054506
-1721.2854526528972,105843.92839630274
-1721.3233504327945,105843.9401028594
-1721.351728572452,105843.95165416365
-1721.380106709723,105843.96320546791
-1721.4084848468774,105843.9747567731
-1721.4368629839737,105843.98630807688
-1721.4652411234565,105843.99785938114
-1721.4936192604364,105844.00941068726
-1721.5219973974163,105844.02096199105
-1721.5503755342797,105844.03251329577
-1721.5882733159233,105844.04421985382
-1721.6166514526703,105844.05577115854
-1721.6450295894174,105844.0673224642
-1721.6734077284345,105844.07887376938
-1721.7017858648906,105844.09042507503
-1721.730164001463,105844.10197637929
-1721.758542137919,105844.11352768587
-1721.7869202767615,105844.12507899059
-1721.8152984131593,105844.13663029531
-1721.8436765493825,105844.14818160282
-1721.8720546855475,105844.15973290754
-1721.9004328241572,105844.17128421413
-1721.928810960264,105844.18283552025
-1721.9571890962543,105844.19438682636
-1721.9855672322446,105844.20593813201
-1722.0139453706215,105844.21748943813
-1722.0423235064954,105844.22904074425
-1722.0707016421948,105844.24059205037
-1722.0988989869365,105844.26322890399
-1722.1272771250224,105844.27478021057
-1722.1651749028242,105844.28648677049
-1722.1840333960718,105844.29788282327
-1722.2124115340412,105844.30943412986
-1722.2407896694494,105844.32098543737
-1722.2689870134927,105844.343622291
-1722.2973651487846,105844.35517359711
-1722.3257432864048,105844.36672490509
-1722.3541214215802,105844.37827621214
-1722.3824995566392,105844.38982751872
-1722.410696900275,105844.41246437375
-1722.4390750376042,105844.42401567986
-1722.4674531725468,105844.43556698784
-1722.495831307373,105844.44711829536
-1722.5240286506014,105844.46975515038
-1722.5524067876395,105844.48130645789
-1722.5807849223493,105844.4928577654
-1722.6089822651702,105844.51549462043
-1722.6373603996472,105844.52704592748
-1722.6657385365106,105844.53859723546
-1722.6941166709294,105844.55014854437
-1722.722314013401,105844.57278539892
-1722.750692147587,105844.58433670783
-1722.7790702841594,105844.59588801535
-1722.7977479844121,105844.6183696175
-1722.8261261184234,105844.62992092548
-1722.8543234604876,105844.6525577819
-1722.8827015943243,105844.66410908941
-1722.9110797306057,105844.67566039739
-1722.9392770723207,105844.69829725334
-1722.9676552059827,105844.70984856226
-1722.9960333395284,105844.72139987256
-1723.024230683397,105844.74403672758
-1723.0526088168263,105844.7555880365
-1723.0808061580174,105844.77822489245
-1723.0996646520216,105844.78962094802
-1723.127861993038,105844.81225780305
-1723.156240126118,105844.82380911335
-1723.18443746696,105844.84644597024
-1723.2128156024264,105844.85799727961
-1723.2410129430355,105844.88063413557
-1723.2693910759408,105844.89218544541
-1723.2880687745055,105844.91466704756
-1723.3164469072362,105844.92621835787
-1723.3446442499408,105844.94885521475
-1723.3730223824969,105844.96040652366
-1723.4012197224656,105844.98304338194
-1723.4295978549053,105844.99459469132
-1723.4482755530626,105845.0170762944
-1723.4764728951268,105845.03971315036
-1723.5048510273919,105845.0512644616
-1723.533048366895,105845.07390131801
-1723.561426498869,105845.08545262972
-1723.5896238406422,105845.1080894866
-1723.608482330921,105845.11948554358
-1723.6366796724615,105845.14212240046
-1723.6648770114407,105845.1647592592
-1723.6932551431237,105845.17631056905
-1723.7214524818119,105845.19894742686
-1723.7403109719744,105845.21034348244
-1723.768508310488,105845.23298034165
-1723.7967056513298,105845.2556172004
-1723.8250837825472,105845.2671685107
-1723.8437614794238,105845.28965011425
-1723.8719588175882,105845.31228697207
-1723.9003369485727,105845.32383828424
-1723.9285342889489,105845.34647514205
-1723.94721198536,105845.36895674607
-1723.9755901186727,105845.38050805824
-1724.0037874563131,105845.40314491792
-1724.0224651524331,105845.425626521
-1724.0506624898408,105845.44826337881
-1724.0790406203596,105845.45981469192
-1724.1072379575344,105845.4824515502
-1724.1259156533633,105845.50493315468
-1724.15411299275,105845.52757001389
-1724.1824911229196,105845.53912132606
-1724.2011688209022,105845.56160293007
-1724.2293661575532,105845.58423978882
-1724.2575634940295,105845.60687664803
-1724.2859416239662,105845.61842796113
-1724.3046193191549,105845.64090956515
-1724.3328166577849,105845.66354642576
-1724.3610139938537,105845.68618328404
-1724.3796916888095,105845.70866488898
-1724.4078890245873,105845.73130174959
-1724.4267475154484,105845.7426978061
-1724.4549448511098,105845.76533466764
-1724.4831421866547,105845.78797152778
-1724.501819881145,105845.81045313133
-1724.530017216457,105845.8330899924
-1724.5582145540975,105845.85572685208
-1724.5770730421063,105845.86712291045
-1724.6052703771275,105845.88975977013
-1724.623948071152,105845.91224137554
-1724.652145408385,105845.93487823615
-1724.6803427430568,105845.95751509629
-1724.6990204367903,105845.97999670217
-1724.7272177712293,105846.00263356278
-1724.7458954647882,105846.02511516726
-1724.7740927989362,105846.04775202926
-1724.802290135529,105846.07038889034
-1724.8209678287967,105846.09287049435
-1724.8491651626537,105846.11550735589
-1724.8678428557469,105846.1379889613
-1724.896040191874,105846.16062582238
-1724.9148986789514,105846.17202188168
-1724.9430960124591,105846.19465874275
-1724.9712933457922,105846.21729560476
-1724.9899710408645,105846.23977721063
-1725.0181683739647,105846.26241407124
-1725.0368460664176,105846.28489567759
-1725.0648626049515,105846.31861808663
-1725.0835402972298,105846.34109969251
-1725.1117376298644,105846.36373655451
-1725.1304153243545,105846.38621815853
-1725.1586126568145,105846.40885502147
-1725.1772903486853,105846.43133662874
-1725.2054876809707,105846.45397349074
-1725.224165372667,105846.47645509662
-1725.2523627070477,105846.49909195956
-1725.2710403985693,105846.52157356497
-1725.2992377303308,105846.54421042744
-1725.3179154216778,105846.56669203425
-1725.3461127556511,105846.58932889625
-1725.3647904468235,105846.61181050353
-1725.3929877781775,105846.634447366
-1725.4114846743178,105846.66801451845
-1725.4396820078255,105846.69065138232
-1725.4583596986486,105846.71313298866
-1725.477037389297,105846.73561459593
-1725.505234720069,105846.7582514584
-1725.523912410601,105846.78073306475
-1725.5521097434685,105846.80336992769
-1725.5707874337677,105846.82585153589
-1725.5988039691583,105846.85957394587
-1725.617481659283,105846.88205555268
-1725.6361593516776,105846.90453715948
-1725.6643566816347,105846.92717402289
-1725.6830343715847,105846.94965563016
-1725.7110509062186,105846.98337804014
-1725.7297285958193,105847.00585964788
-1725.7484062877484,105847.02834125515
-1725.7766036171815,105847.05097811762
-1725.7952813066076,105847.07345972583
-1725.8137782006525,105847.10702688107
-1725.8419755296782,105847.12966374494
-1725.8606532211998,105847.15214535128
-1725.879330907832,105847.17462695856
-1725.90734744363,105847.20834937086
-1725.9260251324158,105847.23083097767
-1725.9447028211434,105847.25331258494
-1725.9729001519736,105847.27594945021
-1725.9913970426423,105847.30951660452
-1726.010074731079,105847.33199821226
-1726.0382720615016,105847.35463507846
-1726.0569497497636,105847.37711668573
-1726.0754466424696,105847.41068383958
-1726.1036439700983,105847.43332070392
-1726.1223216580693,105847.45580231259
-1726.1408185527544,105847.4893694683
-1726.169015880092,105847.51200633217
-1726.187693567772,105847.5344879413
-1726.206190459663,105847.56805509562
-1726.224868149613,105847.59053670429
-1726.2530654764269,105847.61317356909
-1726.271562368027,105847.6467407248
-1726.2902400552994,105847.66922233254
-1726.318437381764,105847.69185919873
-1726.3369342754013,105847.72542635445
-1726.3556119623827,105847.74790796172
-1726.3742896491894,105847.77038957039
-1726.4023061792832,105847.80411198316
-1726.4209838684183,105847.82659359137
-1726.439661554934,105847.84907520004
-1726.4581584455445,105847.88264235575
-1726.4768361318856,105847.90512396488
-1726.504852661339,105847.93884637766
-1726.5235303475056,105847.96132798633
-1726.5422080336139,105847.983809595
-1726.5607049260288,105848.01737675071
-1726.58890225098,105848.0400136169
-1726.607579936739,105848.06249522604
-1726.62607682636,105848.09606238175
-1726.6447545144474,105848.11854399089
-1726.6632514038356,105848.1521111466
-1726.6914487280883,105848.17474801326
-1726.7099456172436,105848.20831516851
-1726.7286233024788,105848.23079677811
-1726.747300987714,105848.25327838818
-1726.7657978764619,105848.28684554342
-1726.7939952026354,105848.30948241055
-1726.8124920911505,105848.34304956626
-1726.83116977592,105848.3655311768
-1726.8496666642604,105848.39909833344
-1726.8683443512418,105848.4215799421
-1726.8868412392912,105848.45514709875
-1726.9150385623798,105848.47778396588
-1726.9337162466254,105848.50026557595
-1726.9522131343838,105848.53383273259
-1726.970890818513,105848.55631434126
-1726.9893877059803,105848.58988149837
-1727.0175850308733,105848.61251836596
-1727.0360819180496,105848.64608552307
-1727.0547596018296,105848.66856713314
-1727.073256488773,105848.70213428978
-1727.091934174765,105848.72461589891
-1727.10109221749,105848.74694225192
-1727.119769903249,105848.76942386152
-1727.1384475865634,105848.79190547159
-1727.1476056315005,105848.81423182366
-1727.1662833146984,105848.83671343373
-1727.1849609977216,105848.85919504333
-1727.194119042484,105848.88152139541
-1727.2127967254492,105848.90400300594
-1727.2314744107425,105848.92648461601
-1727.2499712966965,105848.96005177451
-1727.278168617515,105848.98268864118
-1727.2966655031778,105849.01625579922
-1727.3151623912272,105849.04982295725
-1727.3338400736102,105849.07230456732
-1727.3523369588656,105849.10587172396
-1727.3710146410158,105849.1283533345
-1727.389511526213,105849.16192049207
-1727.4177088462166,105849.184557362
-1727.4362057311228,105849.21812451957
-1727.4453637773404,105849.24045087071
-1727.4640414591413,105849.26293248171
-1727.4827191407094,105849.28541409364
-1727.491877184424,105849.30774044571
-1727.510554865934,105849.33022205578
-1727.5195321124047,105849.3636339549
-1727.5382097961265,105849.38611556636
-1727.5568874774035,105849.40859717643
-1727.5753843613784,105849.442164334
-1727.5940620424226,105849.46464594593
-1727.6220785663463,105849.49836836196
-1727.6407562448294,105849.52084997343
-1727.6592531282804,105849.55441713147
-1727.6777500140597,105849.58798428997
-1727.6964276946383,105849.61046590004
-1727.7149245777982,105849.64403305808
-1727.7334214632865,105849.67760021659
-1727.7616187811363,105849.70023708744
-1727.7801156638307,105849.73380424501
-1727.7987933439435,105849.75628585648
-1727.8077705890173,105849.78969775606
-1727.8264482689556,105849.81217936845
-1727.8451259512221,105849.83466097945
-1727.8542839911534,105849.856987332
-1727.8729616733035,105849.87946894299
-1727.881938915525,105849.91288084304
-1727.9101362348301,105849.93551771343
-1727.9286331166513,105849.9690848724
-1727.9473107960075,105849.99156648386
-1727.965807677654,105850.02513364237
-1727.9843045615125,105850.05870080134
-1728.002982240636,105850.08118241373
-1728.0214791218168,105850.11474957224
-1728.0399760029395,105850.14831673168
-1728.0681733213132,105850.17095360067
-1728.0866701997584,105850.20452076104
-1728.1051670804154,105850.23808791908
-1728.1236639635172,105850.27165507805
-1728.1423416418256,105850.29413669044
-1728.1608385222498,105850.32770384988
-1728.179335404886,105850.36127100931
-1728.1980130805168,105850.38375262078
-1728.207171124057,105850.40607897379
-1728.225848801958,105850.42856058665
-1728.2443456818582,105850.46212774562
-1728.2535037227208,105850.48445409909
-1728.27200060233,105850.51802125806
-1728.3000171186868,105850.55174367689
-1728.318514000508,105850.58531083679
-1728.3371916778851,105850.60779244918
-1728.3556885570288,105850.64135960769
-1728.374185436056,105850.67492676759
-1728.3926823149668,105850.70849392703
-1728.4113599918783,105850.73097554035
-1728.429856873001,105850.76454269933
-1728.4578733881935,105850.79826511862
-1728.4763702665223,105850.83183227759
-1728.494867144851,105850.86539943935
-1728.5133640253916,105850.89896659832
-1728.5320416993345,105850.92144821212
-1728.5505385796423,105850.95501537109
-1728.559696619399,105850.97734172456
-1728.5783742954955,105850.99982333789
-1728.5968711731257,105851.03339049732
-1728.6058484142413,105851.06680239784
-1728.6338649279787,105851.10052481852
-1728.6523618076462,105851.13409197889
-1728.6710394832771,105851.15657359175
-1728.6895363603253,105851.19014075119
-1728.7080332371988,105851.2237079111
-1728.726530113956,105851.25727507286
-1728.7450269905385,105851.29084223276
-1728.7635238695657,105851.32440939313
-1728.7915403820225,105851.35813181289
-1728.8100372582558,105851.39169897372
-1728.8287149330718,105851.41418058611
-1728.847211811575,105851.44774774741
-1728.8657086874591,105851.48131490732
-1728.8842055631685,105851.51488206908
-1728.902702438878,105851.54844922991
-1728.9211993142962,105851.58201639075
-1728.9303573525976,105851.60434274422
-1728.9490350267733,105851.62682435894
-1728.9580122685875,105851.66023625992
-1728.986028779531,105851.69395867968
-1729.0045256544836,105851.72752584051
-1729.0230225293199,105851.76109300274
-1729.0415194040397,105851.79466016218
-1729.0600162786432,105851.82822732301
-1729.0785131531302,105851.86179448338
-1729.0970100298873,105851.89536164654
-1729.1155069040833,105851.92892880645
-1729.134003778221,105851.96249596775
-1729.1620202877093,105851.9962183889
-1729.1805171639426,105852.02978555113
-1729.1990140376147,105852.06335271196
-1729.2175109112286,105852.09691987326
-1729.2360077846097,105852.13048703503
-1729.2545046579908,105852.16405419633
-1729.2730015311972,105852.19762135763
-1729.2916792058386,105852.22010297235
-1729.3006564411335,105852.2535148738
-1729.3193341156002,105852.27599648805
-1729.3378309883992,105852.30956364982
-1729.3561470618006,105852.35421635862
-1729.3746439342503,105852.38778351899
-1729.3931408067,105852.42135068262
-1729.4116376788588,105852.45491784345
-1729.4301345534623,105852.48848500568
-1729.4486314254464,105852.52205216652
-1729.4766479323152,105852.55577459047
-1729.4951448040665,105852.5893417513
-1729.513641678146,105852.62290891306
-1729.5321385496063,105852.65647607623
-1729.5506354209501,105852.69004323846
-1729.5691322921775,105852.72361039976
-1729.5876291632885,105852.75717756199
-1729.6156456690514,105852.790899985
-1729.6341425399296,105852.82446714723
-1729.6526394130196,105852.858034309
-1729.6616166488384,105852.89144621091
-1729.680113519309,105852.92501337407
-1729.6986103896052,105852.9585805363
-1729.707587627694,105852.99199243775
-1729.7356041324092,105853.0257148603
-1729.7541010024142,105853.05928202346
-1729.7725978723029,105853.09284918616
-1729.7910947420169,105853.12641634792
-1729.8094108118094,105853.17106905952
-1729.8279076812323,105853.20463622129
-1729.8464045530418,105853.23820338538
-1729.8649014221737,105853.27177054668
-1729.8929179256083,105853.30549297109
-1729.9114147946239,105853.33906013332
-1729.9299116658513,105853.37262729649
-1729.9482277321513,105853.41728000576
-1729.966724600643,105853.45084716938
-1729.985221471521,105853.48441433208
-1730.003718339838,105853.51798149571
-1730.0222152079223,105853.55154865747
-1730.0407120784512,105853.58511582203
-1730.0592089439742,105853.61868298426
-1730.0777058117092,105853.65225014789
-1730.0866830477607,105853.68566204887
-1730.105179915321,105853.71922921296
-1730.133015616564,105853.76403718442
-1730.151512486278,105853.79760434851
-1730.170009350928,105853.8311715112
-1730.1885062180227,105853.86473867483
-1730.2070030873292,105853.898305838
-1730.2253191537457,105853.94295854867
-1730.2438160204329,105853.97652571369
-1730.271832520666,105854.0102481381
-1730.2903293893905,105854.0438153008
-1730.308645455283,105854.08846801287
-1730.3271423213882,105854.12203517603
-1730.3456391872605,105854.15560233966
-1730.3639552526292,105854.20025505079
-1730.3919717518147,105854.23397747567
-1730.4104686197825,105854.26754463976
-1730.4194458517013,105854.30095654214
-1730.4379427169915,105854.33452370623
-1730.4564395822235,105854.36809087079
-1730.474755646661,105854.41274358146
-1730.493252511602,105854.44631074462
-1730.511749378813,105854.47987791058
-1730.5300654427847,105854.52453062078
-1730.5580819405732,105854.55825304706
-1730.5765788049903,105854.59182021022
-1730.5948948708829,105854.63647292368
-1730.6133917325642,105854.67004008731
-1730.6318885989022,105854.70360725187
-1730.6502046620008,105854.74825996347
-1730.6782211586833,105854.78198238881
-1730.6967180222855,105854.8155495529
-1730.715034084802,105854.86020226544
-1730.7335309504997,105854.89376942953
-1730.7520278136362,105854.92733659549
-1730.779863508651,105854.97214456741
-1730.7983603714965,105855.00571173243
-1730.8168572366121,105855.03927889746
-1730.8258344639326,105855.0726908003
-1730.844150527846,105855.1173435133
-1730.862647390226,105855.15091067785
-1730.8811442524893,105855.18447784241
-1730.8994603134925,105855.22913055541
-1730.9179571754066,105855.26269771997
-1730.9457928711781,105855.30750569422
-1730.9642897328595,105855.34107285878
-1730.9827865944244,105855.3746400238
-1731.0011026544962,105855.4192927368
-1731.0195995158283,105855.45285990182
-1731.037915578112,105855.49751261389
-1731.065932071535,105855.5312350411
-1731.0844289324014,105855.56480220659
-1731.1027449917747,105855.60945491865
-1731.1212418522919,105855.64302208507
-1731.1395579113741,105855.68767479807
-1731.1675744063105,105855.72139722528
-1731.1858904650435,105855.76604993828
-1731.1948676928878,105855.79946184158
-1731.2133645527647,105855.83302900754
-1731.2318614125252,105855.86659617256
-1731.2501774706761,105855.91124888556
-1731.268674330262,105855.94481605152
-1731.2965100224828,105855.9896240267
-1731.3150068817195,105856.02319119312
-1731.3333229391137,105856.06784390612
-1731.3518197980593,105856.10141107114
-1731.3701358576072,105856.14606378414
-1731.3886327163782,105856.17963095149
-1731.416468404932,105856.2244389262
-1731.4349652633537,105856.25800609263
-1731.4532813198166,105856.30265880655
-1731.471778177889,105856.33622597298
-1731.490094234061,105856.38087868458
-1731.5181107259123,105856.41460111365
-1731.5364267817931,105856.4592538285
-1731.5549236393417,105856.49282099446
-1731.5732396948151,105856.53747370886
-1731.5917365544592,105856.57104087481
-1731.6102334116586,105856.60460804123
-1731.628549466608,105856.6492607547
-1731.6468655215576,105856.69391346863
-1731.665362378233,105856.72748063505
-1731.6836784328334,105856.77213334898
-1731.7021752916626,105856.8057005168
-1731.7300109771313,105856.85050849244
-1731.748507833283,105856.8840756598
-1731.7668238871847,105856.92872837279
-1731.78532074549,105856.96229554061
-1731.803636796656,105857.0069482536
-1731.8221336522838,105857.04051542142
-1731.849969338975,105857.085323398
-1731.8682853920036,105857.12997611286
-1731.8867822471657,105857.16354327835
-1731.9050982999033,105857.20819599414
-1731.923595157219,105857.24176316103
-1731.951430840476,105857.28657113807
-1731.9699276951142,105857.32013830543
-1731.9882437471533,105857.36479101982
-1731.9972209706903,105857.39820292452
-1732.0155370224966,105857.44285563985
-1732.0338530765148,105857.48750835378
-1732.0523499305127,105857.5210755216
-1732.0801856123144,105857.56588349817
-1732.0986824660213,105857.59945066739
-1732.1169985193992,105857.64410338132
-1732.1353145677713,105857.68875609618
-1732.1538114210125,105857.72232326493
-1732.1721274738666,105857.76697597979
-1732.2001439572196,105857.80069840979
-1732.2184600073379,105857.84535112511
-1732.2367760572815,105857.8900038409
-1732.2552729122108,105857.92357100826
-1732.2735889618052,105857.96822372405
-1732.3014246415114,105858.01303170156
-1732.3199214935303,105858.04659886938
-1732.3382375451038,105858.0912515847
-1732.3565535916132,105858.13590430096
-1732.3750504456693,105858.16947146878
-1732.383846864279,105858.21396892099
-1732.4118633456528,105858.24769135239
-1732.4301793939667,105858.29234406771
-1732.4484954445506,105858.33699678397
-1732.4668114901287,105858.3816494993
-1732.4853083433118,105858.41521666851
-1732.5036243909854,105858.4598693829
-1732.531460068305,105858.50467736274
-1732.5499569185777,105858.53824453102
-1732.5682729657274,105858.58289724588
-1732.5865890152054,105858.62754996307
-1732.6049050618894,105858.6722026784
-1732.6234019116964,105858.70576984715
-1732.6512375877355,105858.75057782745
-1732.6695536364568,105858.79523054184
-1732.6880504834116,105858.8287977106
-1732.7063665317837,105858.87345042871
-1732.7246825775946,105858.91810314497
-1732.752518252586,105858.96291112341
-1732.7614954720484,105858.99632303044
-1732.7798115197802,105859.04097574577
-1732.7981275648926,105859.08562846296
-1732.8164436098305,105859.13028117968
-1732.8349404580658,105859.16384834843
-1732.862776131893,105859.2086563278
-1732.881092176307,105859.25330904499
-1732.8994082206045,105859.29796176171
-1732.9179050707025,105859.33152893046
-1732.9362211146508,105859.37618164718
-1732.9545371584827,105859.42083436437
-1732.9823728309711,105859.46564234467
-1733.0006888768403,105859.51029506093
-1733.0191857237369,105859.54386223061
-1733.0375017668703,105859.58851494826
-1733.0558178097708,105859.63316766499
-1733.0741338526132,105859.67782038171
-1733.1019695238792,105859.72262836294
-1733.1204663700191,105859.75619553262
-1733.1387824147241,105859.80084824935
-1733.1475788282114,105859.84534570249
-1733.1658948701806,105859.88999842107
-1733.1842109119752,105859.93465113733
-1733.202526953537,105859.97930385498
-1733.230543427344,105860.01302628824
-1733.2488594710594,105860.0576790073
-1733.2671755120973,105860.10233172402
-1733.2854915530188,105860.1469844412
-1733.3038075937657,105860.19163715886
-1733.33164326509,105860.23644514056
-1733.3499593054294,105860.28109785821
-1733.3684561496484,105860.31466502929
-1733.386772189755,105860.35931774648
-1733.405088229687,105860.4039704632
-1733.423404269386,105860.44862318318
-1733.4417203114135,105860.49327589944
-1733.4695559787215,105860.53808388067
-1733.4878720178967,105860.58273660066
-1733.5061880569556,105860.62738931738
-1733.5245040957816,105860.67204203503
-1733.5430009387783,105860.70560920564
-1733.561316977255,105860.75026192423
-1733.5796330181183,105860.79491464281
-1733.597949056304,105860.83956736047
-1733.6162650943152,105860.88422007859
-1733.6345811345964,105860.9288727967
-1733.6528971698717,105860.97352551622
-1733.680732837296,105861.01833349839
-1733.699048874667,105861.06298621697
-1733.717364911805,105861.10763893602
-1733.7356809488265,105861.15229165368
-1733.7539969856152,105861.1969443732
-1733.772313024674,105861.24159709038
-1733.7906290611718,105861.28624980943
-1733.8184647246962,105861.33105779393
-1733.8367807608447,105861.37571051158
-1733.855096799205,105861.4203632297
-1733.8734128325596,105861.46501595015
-1733.891728868126,105861.50966866873
-1733.9100449059624,105861.55432138639
-1733.9285417459323,105861.58788855933
-1733.946857781033,105861.63254127838
-1733.9651738184039,105861.6771939965
-1733.9834898507688,105861.72184671555
-1734.0018058853457,105861.76649943553
-1734.0201219221926,105861.81115215365
-1734.0384379564784,105861.85580487316
-1734.0662736173254,105861.9006128572
-1734.0844088463346,105861.95635112375
-1734.1027248824248,105862.0010038428
-1734.1210409160121,105862.04565656232
-1734.1393569493666,105862.09030928183
-1734.1576729825465,105862.13496200228
-1734.17598901561,105862.17961472087
-1734.2038246749435,105862.22442270536
-1734.2221407075413,105862.26907542534
-1734.2404567424674,105862.31372814439
-1734.2587727748323,105862.35838086391
-1734.2770888069645,105862.40303358436
-1734.2954048413667,105862.44768630387
-1734.313720870763,105862.49233902385
-1734.332036904816,105862.53699174384
-1734.350352936308,105862.58164446242
-1734.3684881623485,105862.63738273084
-1734.3868041934911,105862.68203545082
-1734.4051202267874,105862.72668817127
-1734.4234362551942,105862.77134089172
-1734.4417522882577,105862.81599360984
-1734.4695879445644,105862.8608015962
-1734.487903974834,105862.90545431618
-1734.5062200048706,105862.95010703616
-1734.5245360347908,105862.99475975707
-1734.5426712614717,105863.05049802503
-1734.5609872910427,105863.09515074501
-1734.5793033203809,105863.13980346639
-1734.5976193496026,105863.18445618544
-1734.6254550065496,105863.2292641718
-1734.6437710329192,105863.27391689317
-1734.6620870640618,105863.31856961269
-1734.6802222869592,105863.37430788018
-1734.6985383151914,105863.41896060202
-1734.7073347180267,105863.4634580575
-1734.7351703737513,105863.50826604431
-1734.7534863990732,105863.5529187643
-1734.7718024291098,105863.59757148521
-1734.7901184565853,105863.64222420705
-1734.808253678144,105863.69796247454
-1734.826569705212,105863.74261519499
-1734.8448857346084,105863.78726791637
-1734.8632017613272,105863.83192063728
-1734.8815177879296,105863.8765733596
-1734.8996530084405,105863.93231162755
-1734.9179690346355,105863.97696434893
-1734.945804685587,105864.02177233528
-1734.9641207114328,105864.06642505713
-1734.9822559335735,105864.12216332601
-1735.00057195907,105864.16681604693
-1735.01888798445,105864.2114687683
-1735.0372040095972,105864.25612149015
-1735.0553392284783,105864.31185975904
-1735.0736552532762,105864.35651248042
-1735.0919712803443,105864.4011652004
-1735.1102873048512,105864.4458179241
-1735.1286033291253,105864.49047064548
-1735.1467385470169,105864.54620891437
-1735.165054571,105864.59086163575
-1735.1833705947502,105864.63551435713
-1735.2016866207705,105864.68016707944
-1735.2198218379053,105864.73590534832
-1735.2381378611317,105864.7805580711
-1735.2564538841834,105864.82521079201
-1735.2745891007944,105864.88094906276
-1735.2929051234387,105864.92560178414
-1735.3112211484695,105864.97025450598
-1735.3295371708227,105865.01490722876
-1735.3476723866188,105865.07064549811
-1735.365988408681,105865.11529821996
-1735.3938240567222,105865.1601062091
-1735.411959271878,105865.21584447846
-1735.4302752933,105865.26049720077
-1735.4390716908965,105865.3049946581
-1735.4573877120274,105865.34964737995
-1735.4755229264265,105865.40538565023
-1735.4938389472663,105865.45003837254
-1735.5121549678734,105865.49469109485
-1735.5302901840769,105865.55042936513
-1735.5486062043929,105865.59508208791
-1735.566922224476,105865.63973480975
-1735.5850574400974,105865.69547308004
-1735.6033734573866,105865.74012580374
-1735.621508670214,105865.7958640731
-1735.6398246919853,105865.84051679634
-1735.6581407112535,105865.88516951911
-1735.6762759234407,105865.94090778986
-1735.694591944688,105865.9855605131
-1735.7129079609876,105866.03021323541
-1735.7310431725346,105866.08595150663
-1735.7493591933744,105866.13060422987
-1735.767494404572,105866.18634250062
-1735.7858104225015,105866.23099522339
-1735.804126442701,105866.27564794617
-1735.8222616509302,105866.33138621785
-1735.8405776683358,105866.37603894062
-1735.8587128809886,105866.43177721137
-1735.8770288981032,105866.47642993461
-1735.895344914985,105866.52108266018
-1735.9134801270557,105866.57682092953
-1735.9317961411434,105866.62147365324
-1735.9499313504202,105866.67721192446
-1735.9682473689318,105866.72186464723
-1735.9865633849986,105866.7665173714
-1736.004698593635,105866.82225564262
-1736.023014611681,105866.86690836633
-1736.0411498174653,105866.92264663847
-1736.0499462129665,105866.96714409441
-1736.0680814208463,105867.02288236655
-1736.0863974358654,105867.06753508933
-1736.1045326432795,105867.12327336147
-1736.1228486578912,105867.16792608565
-1736.1411646723864,105867.21257880889
-1736.1592998816632,105867.26831708103
-1736.1774350883206,105867.32405535271
-1736.195751102292,105867.36870807642
-1736.2140671160305,105867.41336080153
-1736.2226827002014,105867.4689438059
-1736.240817908547,105867.52468207711
-1736.259133919375,105867.56933480129
-1736.2772691272548,105867.62507307343
-1736.2955851401202,105867.66972579807
-1736.3137203452643,105867.72546407022
-1736.3320363577222,105867.77011679346
-1736.3501715648454,105867.82585506607
-1736.3684875746258,105867.8705077907
-1736.3866227812832,105867.92624606378
-1736.4049387930427,105867.97089878796
-1736.4230739969062,105868.0266370601
-1736.4413900083164,105868.07128978474
-1736.4595252142753,105868.12702805782
-1736.4778412228916,105868.17168078106
-1736.4864568072953,105868.2272637873
-1736.5045920101693,105868.28300205944
-1736.5229080207646,105868.32765478408
-1736.541043223231,105868.38339305669
-1736.5593592334772,105868.42804578133
-1736.567974817066,105868.48362878757
-1736.586110016564,105868.53936705971
-1736.6044260286726,105868.58401978575
-1736.6225612302078,105868.63975805789
-1736.640877239639,105868.68441078207
-1736.6590124407085,105868.74014905561
-1736.6771476439899,105868.79588732915
-1736.6954636503942,105868.84054005472
-1736.7135988533264,105868.8962783278
-1736.7223952412605,105868.94077578466
-1736.7405304413987,105868.99651405727
-1736.7586656413623,105869.05225233035
-1736.77698164928,105869.09690505685
-1736.7951168488362,105869.152643329
-1736.813252050546,105869.20838160394
-1736.8315680578817,105869.25303432858
-1736.8401836366975,105869.30861733295
-1736.8583188354387,105869.36435560789
-1736.876634842367,105869.409008333
-1736.8947700430872,105869.464746607
-1736.903385618818,105869.52032961138
-1736.921701627667,105869.56498233788
-1736.9398368254188,105869.62072061142
-1736.9579720229376,105869.6764588845
-1736.9762880287599,105869.721111611
-1736.9944232259295,105869.776849885
-1737.0030388056766,105869.83243288985
-1737.0213548109168,105869.87708561728
-1737.0394900075044,105869.93282389035
-1737.057625203859,105869.9885621639
-1737.0759412086336,105870.03321489086
-1737.0940764045808,105870.08895316394
-1737.1026919810101,105870.14453617064
-1737.1208271766081,105870.20027444419
-1737.1391431830707,105870.24492717069
-1737.1572783782613,105870.3006654447
-1737.165893953992,105870.35624845093
-1737.1842099576024,105870.4009011779
-1737.2023451521527,105870.4566394519
-1737.2204803490313,105870.51237772545
-1737.2290959217935,105870.56796073215
-1737.2474119270337,105870.61261345819
-1737.2655471208273,105870.66835173313
-1737.2836823144462,105870.72409000713
-1737.2924786979565,105870.76858746633
-1737.3106138912262,105870.8243257408
-1737.3287490867078,105870.88006401481
-1737.3468842795119,105870.93580228928
-1737.3652002811432,105870.98045501625
-1737.3738158550113,105871.03603802295
-1737.3919510472915,105871.09177629696
-1737.4100862393389,105871.1475145719
-1737.4284022402717,105871.19216729887
-1737.4370178159443,105871.24775030557
-1737.4551530074095,105871.30348858098
-1737.4732881987002,105871.35922685405
-1737.4819037715206,105871.41480986262
-1737.5002197716385,105871.45946258912
-1737.518354962347,105871.51520086406
-1737.5269705347018,105871.5707838703
-1737.5451057275059,105871.62652214477
-1737.5634217268089,105871.6711748736
-1737.5720372987562,105871.72675787983
-1737.5901724885916,105871.78249615384
-1737.608307678136,105871.83823443018
-1737.6264428698923,105871.89397270419
-1737.6352392481058,105871.93847016478
-1737.6533744395128,105871.99420843879
-1737.6715096283006,105872.04994671466
-1737.6801251992583,105872.10552972183
-1737.6982603876386,105872.1612679963
-1737.7163955758442,105872.21700627264
-1737.725191955804,105872.2615037309
-1737.743327143602,105872.3172420077
-1737.7614623336121,105872.37298028218
-1737.7700779013103,105872.42856328934
-1737.788213090971,105872.48430156568
-1737.7970094702905,105872.52879902348
-1737.8151446571574,105872.58453729982
-1737.8332798438496,105872.64027557615
-1737.8418954156223,105872.69585858425
-1737.8600305995205,105872.75159685872
-1737.8686461710022,105872.80717986636
-1737.8869621665217,105872.85183259519
-1737.9050973523408,105872.9075708706
-1737.9137129209703,105872.96315387776
-1737.9318481063237,105873.01889215363
-1737.949983293889,105873.07463042904
-1737.9585988597246,105873.13021343714
-1737.976914856641,105873.17486616503
-1737.9855304221273,105873.23044917313
-1738.0036656089942,105873.286187449
-1738.0218007931835,105873.34192572441
-1738.030416360707,105873.39750873251
-1738.048551544547,105873.45324700791
-1738.057167114166,105873.50883001648
-1738.0753022952122,105873.56456829188
-1738.0839178645983,105873.62015130045
-1738.102233857615,105873.66480402788
-1738.1203690404072,105873.72054230608
-1738.1289846069412,105873.77612531325
-1738.1471197895007,105873.83186358865
-1738.1557353558019,105873.88744659675
-1738.1738705378375,105873.94318487309
-1738.1824861038476,105873.99876788072
-1738.200621288037,105874.05450615752
-1738.2092368536978,105874.11008916562
-1738.2275528451428,105874.15474189445
-1738.2456880263053,105874.21048017032
-1738.2543035915587,105874.26606317889
-1738.2724387748167,105874.32180145523
-1738.2810543373926,105874.37738446379
-1738.2991895203013,105874.43312274013
-1738.3078050849726,105874.48870574823
-1738.3259402650292,105874.54444402596
-1738.334555829526,105874.60002703266
-1738.3433522040723,105874.64452449419
-1738.361487383605,105874.70026277006
-1738.370102947636,105874.75584577816
-1738.3882381267613,105874.81158405496
-1738.3968536906177,105874.86716706259
-1738.4149888717802,105874.92290533986
-1738.4236044352874,105874.97848834796
-1738.441739613656,105875.03422662523
-1738.4505359873292,105875.07872408582
-1738.4686711653485,105875.13446236216
-1738.4772867282736,105875.19004537072
-1738.4859022935852,105875.24562837929
-1738.5040374686942,105875.30136665702
-1738.5126530336565,105875.35694966512
-1738.5307882108027,105875.41268794285
-1738.5394037731458,105875.46827095142
-1738.5575389498845,105875.52400922915
-1738.5661545118783,105875.57959223632
-1738.5749508843292,105875.62408969691
-1738.5930860629887,105875.67982797511
-1738.6017016222468,105875.73541098321
-1738.610317183775,105875.79099399177
-1738.6284523619106,105875.84673226904
-1738.6370679230895,105875.90231527714
-1738.6552030984312,105875.95805355534
-1738.6638186594355,105876.01363656297
-1738.6724342203233,105876.06921957154
-1738.690569395083,105876.12495784974
-1738.6993657688145,105876.16945531033
-1738.7079813268501,105876.2250383189
-1738.7261165034724,105876.28077659756
-1738.73473206372,105876.33635960612
-1738.7433476238512,105876.39194261469
-1738.761482797563,105876.44768089242
-1738.770098357345,105876.50326390099
-1738.7787139171269,105876.55884690909
-1738.7968490902567,105876.61458518729
-1738.8056454629404,105876.65908264788
-1738.8142610198702,105876.71466565691
-1738.8323961949209,105876.77040393511
-1738.8410117540043,105876.82598694414
-1738.8496273129713,105876.8815699527
-1738.8582428718219,105876.93715296034
-1738.8763780437876,105876.99289123993
-1738.884993602289,105877.04847424757
-1738.893609160732,105877.10405725706
-1738.9117443346186,105877.15979553573
-1738.920540701307,105877.20429299725
-1738.9291562594008,105877.25987600535
-1738.9377718197647,105877.31545901345
-1738.9559069904499,105877.37119729212
-1738.9645225481363,105877.42678030115
-1738.9731381057063,105877.48236331064
-1738.98175366316,105877.53794631828
-1738.9998888331465,105877.59368459787
-1739.0086852014065,105877.6381820594
-1739.0173007609555,105877.69376506796
-1739.0259163154988,105877.74934807699
-1739.0345318746986,105877.80493108556
-1739.0526670438703,105877.86066936515
-1739.061282600509,105877.91625237418
-1739.0698981569149,105877.97183538368
-1739.0785137132625,105878.02741839178
-1739.0873100806493,105878.0719158533
-1739.0959256368224,105878.1274988628
-1739.1140608050046,105878.183237141
-1739.122676363273,105878.23882015096
-1739.131291916594,105878.29440315953
-1739.1399074746296,105878.34998616856
-1739.1485230301041,105878.40556917759
-1739.1571385854622,105878.46115218755
-1739.175273752655,105878.51689046668
-1739.1840701191686,105878.56138792774
-1739.1926856741193,105878.6169709377
-1739.2013012290117,105878.67255394533
-1739.2099167837878,105878.72813695483
-1739.2185323385056,105878.78371996479
-1739.2271478954935,105878.83930297429
-1739.2452830614056,105878.89504125435
-1739.2540794271627,105878.93953871448
-1739.2626949812984,105878.9951217235
-1739.271310535376,105879.0507047344
-1739.279926089337,105879.10628774343
-1739.2885416431818,105879.161870752
-1739.2971571969683,105879.21745376242
-1739.305772750522,105879.27303677052
-1739.3145691155805,105879.31753423391
-1739.3231846690178,105879.37311724154
-1739.331800224667,105879.4287002515
-1739.349935388891,105879.4844385311
-1739.3585509419208,105879.5400215406
-1739.3671664947178,105879.59560455102
-1739.375962859136,105879.64010201162
-1739.384578411933,105879.69568502158
-1739.3931939643808,105879.75126803061
-1739.4018095168867,105879.8068510415
-1739.410425069218,105879.8624340496
-1739.4190406214911,105879.9180170605
-1739.427836985211,105879.96251452109
-1739.4364525396377,105880.01809753105
-1739.445068089175,105880.07368054008
-1739.453683643369,105880.12926355004
-1739.46229919506,105880.18484656047
-1739.4710955583723,105880.22934402153
-1739.4797111098305,105880.28492703103
-1739.4883266611723,105880.34051004192
-1739.496942212456,105880.39609305141
-1739.5055577635067,105880.45167606091
-1739.5141733144992,105880.50725907134
-1739.5229696772294,105880.55175653286
-1739.5315852280473,105880.60733954329
-1739.5402007811354,105880.66292255232
-1739.548816329334,105880.71850556228
-1739.557431882131,105880.77408857178
-1739.5662282443955,105880.8185860347
-1739.5748437946313,105880.87416904466
-1739.5834593446925,105880.9297520537
-1739.592074894812,105880.98533506319
-1739.6006904446403,105881.04091807408
-1739.6093059944687,105881.09650108404
-1739.6181023584795,105881.14099854603
-1739.6267179056304,105881.196581556
-1739.6353334550513,105881.25216456596
-1739.6439490068587,105881.30774757545
-1739.6525645536603,105881.36333058542
-1739.6613609172637,105881.40782804787
-1739.669976466219,105881.46341105876
-1739.6785920151742,105881.51899406826
-1739.6872075639549,105881.57457707729
-1739.6863035035785,105881.63000481762
-1739.6950998642715,105881.67450227868
-1739.703715412761,105881.73008529004
-1739.7123309611343,105881.78566829907
-1739.7209465118358,105881.84125130996
-1739.7295620576479,105881.89683431992
-1739.7381776056718,105881.95241733082
-1739.7469739681692,105881.9969147928
-1739.7555895135738,105882.05249780277
-1739.7642050637514,105882.1080808132
-1739.772820611368,105882.16366382316
-1739.7719165503513,105882.21909156302
-1739.7807129099965,105882.26358902454
-1739.789328457322,105882.31917203497
-1739.797944004531,105882.3747550454
-1739.8065595516236,105882.43033805629
-1739.8151750985999,105882.48592106719
-1739.8239714602241,105882.53041852824
-1739.8325870046392,105882.58600153867
-1739.8316829430987,105882.64142927853
-1739.8402984896675,105882.69701228943
-1739.8489140386228,105882.75259529939
-1739.8575295825722,105882.80817830935
-1739.8663259436144,105882.8526757718
-1739.8749414897757,105882.90825878363
-1739.8835570358206,105882.9638417936
-1739.882652973989,105883.01926953252
-1739.891268519801,105883.07485254295
-1739.8998840656132,105883.13043555431
-1739.9086804236285,105883.1749330163
-1739.9172959690914,105883.2305160272
-1739.916391907027,105883.28594376612
-1739.9250074548181,105883.34152677609
-1739.9336229977198,105883.39710978791
-1739.9424193552695,105883.4416072499
-1739.9510349027114,105883.4971902608
-1739.9596504452638,105883.55277327076
-1739.9587463827338,105883.60820101062
-1739.9673619299429,105883.66378402105
-1739.9759774745908,105883.71936703147
-1739.9847738316166,105883.76386449486
-1739.983869768912,105883.81929223472
-1739.992485313327,105883.87487524468
-1740.0011008575093,105883.93045825651
-1740.0097164016915,105883.9860412674
-1740.008812338754,105884.04146900587
-1740.0176086953143,105884.08596646972
-1740.026224241592,105884.14154947875
-1740.034839782922,105884.19713249011
-1740.0339357198682,105884.2525602295
-1740.0425512634683,105884.3081432404
-1740.0511668092804,105884.3637262513
-1740.0597823526477,105884.41930926219
-1740.05905910203,105884.46365145361
-1740.0676746452227,105884.51923446497
-1740.0762901882408,105884.57481747586
-1740.0753861248959,105884.63024521526
-1740.0840016676812,105884.68582822662
-1740.0926172105246,105884.74141123565
-1740.1014135658625,105884.78590869997
-1740.1005095022847,105884.8413364389
-1740.109125044779,105884.89691944979
-1740.1177405870985,105884.95250246162
-1740.1168365234043,105885.00793020055
-1740.125452067994,105885.06351321144
-1740.1340676076943,105885.11909622326
-1740.1333443565527,105885.16343841469
-1740.141959898523,105885.21902142512
-1740.1505754427053,105885.27460443601
-1740.1496713786619,105885.3300321768
-1740.158286920283,105885.38561518723
-1740.1573828561814,105885.44104292896
-1740.1659983976278,105885.49662593892
-1740.1746139390161,105885.55220894981
-1740.1738906875835,105885.59655114263
-1740.1825062287971,105885.65213415213
-1740.1911217698362,105885.70771716395
-1740.1902177054435,105885.76314490382
-1740.1988332463661,105885.81872791331
-1740.197929181857,105885.87415565364
-1740.206544722605,105885.92973866547
-1740.2151602632366,105885.9853216759
-1740.214256198553,105886.04074941622
-1740.2230525543564,105886.08524687961
-1740.2221484896727,105886.140674619
-1740.2307640275685,105886.19625762943
-1740.2393795676762,105886.25184064126
-1740.238475502818,105886.30726838158
-1740.247091045254,105886.36285139387
-1740.2461869803374,105886.41827913327
-1740.254802520154,105886.4738621437
-1740.2538984551793,105886.52928988356
-1740.2625139948213,105886.58487289492
-1740.2617907427484,105886.62921508681
-1740.2704062821576,105886.68479809817
-1740.2695022170665,105886.74022583803
-1740.2781177563593,105886.79580884892
-1740.2867332955357,105886.85139186075
-1740.2858292302117,105886.90681960061
-1740.2944447692716,105886.96240261104
-1740.2935407038894,105887.01783035183
-1740.3021562427166,105887.07341336319
-1740.3012521773344,105887.12884110305
-1740.3005289249122,105887.17318329355
-1740.3091444635065,105887.22876630584
-1740.3082403980661,105887.28419404663
-1740.3168559388723,105887.33977705706
-1740.3159518733155,105887.39520479739
-1740.3245674089994,105887.45078780781
-1740.3236633434426,105887.50621554861
-1740.3322788814548,105887.56179855997
-1740.3313748157234,105887.61722629936
-1740.3401711691404,105887.66172376322
-1740.3392671033507,105887.71715150308
-1740.338363037561,105887.7725792434
-1740.346978575224,105887.82816225477
-1740.346074509318,105887.8835899951
-1740.3546900467481,105887.93917300599
-1740.353785980842,105887.99460074678
-1740.3624015180976,105888.0501837586
-1740.361497452017,105888.10561149754
-1740.3605933859944,105888.1610392388
-1740.3692089230753,105888.21662224829
-1740.3683048568782,105888.27204999002
-1740.3674007907975,105888.32747772988
-1740.3761971407803,105888.3719751928
-1740.375293074525,105888.42740293453
-1740.374389008386,105888.48283067299
-1740.383004544943,105888.53841368482
-1740.3821004786296,105888.59384142421
-1740.390716015012,105888.64942443604
-1740.3898119486403,105888.70485217636
-1740.3889078822685,105888.76027991623
-1740.3880038157804,105888.81570765749
-1740.39661935193,105888.87129066745
-1740.3957152854418,105888.92671840871
-1740.3948112189537,105888.98214614904
-1740.4034267571988,105889.0377291604
-1740.4027035039617,105889.08207135228
-1740.401799437357,105889.13749909168
-1740.4104149705963,105889.19308210444
-1740.4095109038753,105889.24850984383
-1740.4086068372126,105889.30393758416
-1740.4077027705498,105889.3593653231
-1740.4163183058845,105889.41494833492
-1740.415414239047,105889.47037607571
-1740.4145101723261,105889.52580381604
-1740.4136061054887,105889.5812315573
-1740.4222216429189,105889.6368145668
-1740.4213175760815,105889.69224230852
-1740.420413509186,105889.74767004838
-1740.4195094422903,105889.80309778731
-1740.4186053753947,105889.8585255281
-1740.4272209100309,105889.914108539
-1740.4263168430189,105889.9695362798
-1740.425412776065,105890.02496402152
-1740.4245087089948,105890.08039176092
-1740.423604642041,105890.13581950031
-1740.432220176328,105890.19140251307
-1740.4313161091995,105890.24683025293
-1740.430412042071,105890.3022579928
-1740.4295079749427,105890.35768573359
-1740.4286039078142,105890.41311347298
-1740.4278806541115,105890.4574556658
-1740.4269765869249,105890.51288340613
-1740.4355921207462,105890.56846641703
-1740.4346880535595,105890.62389415782
-1740.4337839861983,105890.67932189722
-1740.4328799189534,105890.73474963801
-1740.4319758516503,105890.7901773788
-1740.4310717844055,105890.84560511913
-1740.4301677171024,105890.901032859
-1740.4387832503999,105890.95661586989
-1740.4378791829804,105891.01204361068
-1740.4369751156191,105891.06747135101
-1740.4360710482579,105891.12289909134
-1740.4351669807802,105891.17832683073
-1740.4342629133025,105891.23375457153
-1740.433358845883,105891.28918231186
-1740.4324547784636,105891.34461005265
-1740.4315507109277,105891.40003779251
-1740.43064664345,105891.45546553284
-1740.4297425759723,105891.5108932727
-1740.4288385084365,105891.56632101303
-1740.4279344409006,105891.62174875382
-1740.4270303733647,105891.67717649369
-1740.4261263058288,105891.73260423401
-1740.425222238293,105891.78803197341
-1740.4243181706406,105891.84345971467
-1740.4234141031047,105891.89888745546
-1740.4225100354524,105891.95431519533
-1740.4217867814004,105891.99865738628
-1740.4208827137481,105892.05408512754
-1740.4199786460958,105892.10951286834
-1740.4190745784435,105892.1649406082
-1740.4181705107912,105892.22036834853
-1740.4172664430807,105892.27579608839
-1740.4163623754866,105892.33122382779
-1740.415458307718,105892.38665156951
-1740.4145542399492,105892.44207930937
-1740.413650172297,105892.49750704924
-1740.4032265053247,105892.55277951853
-1740.4023224376142,105892.60820725933
-1740.4014183698455,105892.66363500012
-1740.4005143020768,105892.71906273952
-1740.3996102343663,105892.77449048031
-1740.3987061666558,105892.82991821971
-1740.3978020988288,105892.88534596004
-1740.396898031002,105892.94077370083
-1740.3864743644372,105892.9960461692
-1740.3855702966684,105893.05147391045
-1740.3846662288997,105893.10690164939
-1740.383762161131,105893.16232939111
-1740.3828580933623,105893.2177571319
-1740.3819540254772,105893.27318487177
-1740.3715303592035,105893.32845734013
-1740.3708071049768,105893.37279953156
-1740.36990303715,105893.42822727328
-1740.368998969323,105893.48365501268
-1740.368094901496,105893.53908275347
-1740.3576712354552,105893.59435522137
-1740.3567671676283,105893.6497829617
-1740.3558630998014,105893.70521070343
-1740.3549590319162,105893.76063844236
-1740.3445353636052,105893.81591091165
-1740.3436312958365,105893.87133865152
-1740.3427272280678,105893.92676639277
-1740.3418231601827,105893.98219413357
-1740.3313994945493,105894.03746660193
-1740.3304954267223,105894.09289434226
-1740.3295913588954,105894.14832208259
-1740.3191676958231,105894.20359455189
-1740.3182636279962,105894.25902229175
-1740.3175403737114,105894.30336448457
-1740.3166363058845,105894.3587922235
-1740.3062126381556,105894.41406469326
-1740.3053085703868,105894.46949243406
-1740.2948849051027,105894.52476490196
-1740.2939808373922,105894.58019264322
-1740.2930767695652,105894.63562038308
-1740.2826531045139,105894.69089285238
-1740.2817490368034,105894.7463205927
-1740.2808449690347,105894.80174833303
-1740.270421304158,105894.85702080186
-1740.2695172363892,105894.91244854266
-1740.259274385171,105894.95663546259
-1740.2583703174605,105895.01206320431
-1740.25746624975,105895.06749094464
-1740.247042585106,105895.12276341254
-1740.2461385173956,105895.17819115287
-1740.2357148529263,105895.23346362216
-1740.234810785274,105895.28889136203
-1740.2339067175053,105895.34431910329
-1740.2236638667528,105895.38850602321
-1740.2227597990423,105895.44393376494
-1740.212336134864,105895.49920623237
-1740.2114320672117,105895.55463397317
-1740.2010084007634,105895.60990644246
-1740.200104333111,105895.66533418233
-1740.1896806691657,105895.72060665255
-1740.1889574150555,105895.76494884351
-1740.178533753613,105895.82022131328
-1740.1776296860771,105895.87564905407
-1740.167206019978,105895.93092152197
-1740.1663019524422,105895.9863492623
-1740.155878288846,105896.04162173206
-1740.1549742213683,105896.09704947285
-1740.1447313713143,105896.14123639418
-1740.1438273038948,105896.19666413311
-1740.1334036404733,105896.2519366024
-1740.1229799772846,105896.3072090717
-1740.122256723349,105896.35155126452
-1740.1213526558713,105896.40697900485
-1740.1109289927408,105896.46225147368
-1740.100505329785,105896.51752394252
-1740.0996012623655,105896.57295168284
-1740.0893584129517,105896.61713860417
-1740.0884543455904,105896.6725663445
-1740.0780306828674,105896.72783881286
-1740.0676070176996,105896.7831112817
-1740.0668837638805,105896.82745347545
-1740.0564601013903,105896.88272594335
-1740.0555560340872,105896.93815368367
-1740.0451323740417,105896.99342615344
-1740.0347087092814,105897.0486986218
-1740.0339854555205,105897.09304081462
-1740.0235617933795,105897.14831328345
-1740.0131381311803,105897.20358575368
-1740.0124148774194,105897.24792794557
-1740.0019912153948,105897.3032004144
-1739.9915675534867,105897.35847288277
-1739.9906634864165,105897.41390062496
-1739.9804206379922,105897.45808754535
-1739.979516570922,105897.51351528522
-1739.9690929092467,105897.56878775498
-1739.9588500610553,105897.61297467444
-1739.9579459941015,105897.66840241663
-1739.9475223325426,105897.72367488546
-1739.9372794821393,105897.76786180679
-1739.9363754151855,105897.82328954572
-1739.9259517539176,105897.87856201548
-1739.9157089085202,105897.92274893634
-1739.9052852450404,105897.9780214061
-1739.904381178203,105898.0334491469
-1739.8941383305937,105898.07763606729
-1739.883714669617,105898.13290853612
-1739.873291008873,105898.18818100495
-1739.8725677554612,105898.23252319777
-1739.8621440947172,105898.28779566754
-1739.8517204341479,105898.3430681359
-1739.841477586946,105898.38725505676
-1739.8405735202832,105898.44268279849
-1739.830330673256,105898.48686971981
-1739.8199070128612,105898.54214218911
-1739.8191837596241,105898.58648438053
-1739.8087600970175,105898.64175684983
-1739.7983364368556,105898.69702932052
-1739.788093592564,105898.74121623999
-1739.7871895261342,105898.79664398171
-1739.7769466770696,105898.8408309021
-1739.7665230171988,105898.89610337093
-1739.7560993575025,105898.95137584116
-1739.7458565110574,105898.99556276249
-1739.7354328514775,105899.05083523178
-1739.7347095984733,105899.09517742414
-1739.7242859390099,105899.1504498939
-1739.7140430928557,105899.1946368143
-1739.7036194311222,105899.24990928452
-1739.6931957743946,105899.30518175336
-1739.6829529260285,105899.34936867421
-1739.682048860006,105899.40479641361
-1739.671806014143,105899.44898333633
-1739.66138235759,105899.50425580516
-1739.6511395096313,105899.54844272695
-1739.6502354436088,105899.60387046728
-1739.639992598095,105899.64805738907
-1739.6295689395047,105899.7033298579
-1739.619326094049,105899.74751677923
-1739.6089024356334,105899.80278924946
-1739.5986595903523,105899.84697616985
-1739.5882359321113,105899.90224863915
-1739.5779930846184,105899.9464355614
-1739.5675694289384,105900.00170803024
-1739.5668461763416,105900.04605022306
-1739.5564225158887,105900.10132269235
-1739.5461796710733,105900.14550961414
-1739.5357560156845,105900.20078208344
-1739.5255131686572,105900.24496900383
-1739.51508951094,105900.3002414736
-1739.504846666474,105900.34442839492
-1739.4944230089895,105900.39970086515
-1739.4936997565674,105900.44404305704
-1739.4832760991994,105900.49931552773
-1739.4730332549661,105900.54350244813
-1739.4626095977146,105900.59877491882
-1739.4523667512694,105900.64296183921
-1739.4419430966373,105900.69823430898
-1739.4317002502503,105900.7424212303
-1739.4212765934062,105900.7976936996
-1739.411033752025,105900.84188062139
-1739.400610092911,105900.89715309115
-1739.3903672492597,105900.94134001201
-1739.3799435927067,105900.99661248224
-1739.3697007492883,105901.0407994031
-1739.3592770928517,105901.09607187333
-1739.3490342495497,105901.14025879372
-1739.3387914062478,105901.18444571598
-1739.3283677477739,105901.23971818527
-1739.3181249070913,105901.28390510706
-1739.3077012487338,105901.33917757683
-1739.297458405781,105901.38336449862
-1739.2870347524295,105901.43863696791
-1739.2767919072066,105901.4828238897
-1739.2663682515267,105901.53809635993
-1739.2561254089233,105901.58228328079
-1739.2458825664362,105901.62647020211
-1739.235458910989,105901.68174267234
-1739.2252160685603,105901.72592959367
-1739.2147924134042,105901.78120206343
-1739.2045495687053,105901.82538898475
-1739.1941259161104,105901.88066145545
-1739.183883071586,105901.92484837631
-1739.1736402295064,105901.96903529763
-1739.1632165747578,105902.02430776833
-1739.1434541423805,105902.06833941955
-1739.1330304878065,105902.12361188885
-1739.1227876461344,105902.16779881017
-1739.1123639916768,105902.22307128087
-1739.102121150121,105902.26725820219
-1739.0918783086818,105902.31144512445
-1739.0814546521287,105902.36671759468
-1739.0712118132506,105902.41090451647
-1739.060788156814,105902.46617698576
-1739.0505453157239,105902.51036390755
-1739.0403024746338,105902.55455082934
-1739.0298788208747,105902.6098232991
-1739.0196359799593,105902.6540102209
-1738.9996927364264,105902.70912742056
-1738.9894498956855,105902.75331434188
-1738.979026242334,105902.80858681211
-1738.9687834017677,105902.85277373297
-1738.9585405588732,105902.89696065523
-1738.9481169081992,105902.95223312499
-1738.937874065421,105902.99642004631
-1738.927450412477,105903.05169251747
-1738.9076879826607,105903.09572416777
-1738.8972643299494,105903.150996638
-1738.8870214899653,105903.19518355979
-1738.8767786500393,105903.23937048158
-1738.866354997619,105903.29464295134
-1738.8561121578095,105903.33882987453
-1738.8458693181165,105903.38301679492
-1738.8259260765626,105903.43813399505
-1738.8156832345994,105903.48232091684
-1738.8052595826448,105903.53759338753
-1738.7950167432427,105903.58178030886
-1738.7845930914627,105903.63705277815
-1738.7743502522353,105903.68123970134
-1738.7545878241071,105903.7252713521
-1738.74416417256,105903.78054382373
-1738.7339213335654,105903.82473074505
-1738.723497682251,105903.88000321388
-1738.7037352546467,105903.92403486744
-1738.6934924135567,105903.9682217883
-1738.6830687624752,105904.02349425852
-1738.672825923888,105904.06768118124
-1738.6624022730393,105904.12295365147
-1738.6426398460753,105904.1669853027
-1738.6323970077792,105904.21117222402
-1738.6219733572216,105904.26644469472
-1738.6117305191,105904.31063161744
-1738.601306868717,105904.36590408767
-1738.5815444423351,105904.40993573889
-1738.57130160206,105904.45412266068
-1738.560877951968,105904.50939513091
-1738.5506351143122,105904.5535820541
-1738.5306918761344,105904.60869925376
-1738.5204490386532,105904.65288617555
-1738.5102062012302,105904.6970730978
-1738.4997825515456,105904.75234556897
-1738.480020123825,105904.79637722019
-1738.4695964744315,105904.85164969042
-1738.4593536397442,105904.89583661314
-1738.449110800284,105904.94002353586
-1738.4291675632703,105904.99514073553
-1738.4189247264876,105905.03932765685
-1738.4085010775016,105905.09460012894
-1738.388738653157,105905.13863177923
-1738.3783150044037,105905.19390425133
-1738.368072167912,105905.23809117265
-1738.3578293291503,105905.2822780949
-1738.3378860955127,105905.3373952955
-1738.3276432568673,105905.38158221683
-1738.3172196085798,105905.43685468892
-1738.3069767724955,105905.48104161024
-1738.2872143492568,105905.5250732624
-1738.2767907012021,105905.58034573309
-1738.266547865409,105905.62453265581
-1738.2466046303743,105905.67964985594
-1738.2363617924275,105905.7238367782
-1738.2259381447802,105905.77910924843
-1738.2061757222982,105905.82314090151
-1738.195932887029,105905.86732782377
-1738.1855092396145,105905.92260029493
-1738.1657468175981,105905.96663194709
-1738.1553231704747,105906.02190441731
-1738.1450803354383,105906.0660913391
-1738.1251371018006,105906.12120854016
-1738.1148942645523,105906.16539546242
-1738.1046514298068,105906.20958238514
-1738.0847081965767,105906.26469958574
-1738.0744653620059,105906.30888650892
-1738.0640417156974,105906.36415897915
-1738.053798881243,105906.40834590187
-1738.034036460449,105906.45237755403
-1738.0236128143733,105906.50765002612
-1738.0133699802682,105906.55183694744
-1737.9934267455246,105906.6069541485
-1737.9831839117105,105906.65114107169
-1737.9632406797027,105906.70625827136
-1737.952997846005,105906.75044519454
-1737.9425742005697,105906.80571766524
-1737.9228117808234,105906.84974931786
-1737.9125689473585,105906.89393624151
-1737.902145302156,105906.94920871081
-1737.8823828828754,105906.9932403653
-1737.871959235461,105907.04851283459
-1737.8521968189161,105907.09254448675
-1737.8417731716763,105907.14781696023
-1737.8315303387353,105907.19200388202
-1737.8115871084156,105907.24712108355
-1737.8013442757074,105907.2913080058
-1737.7911014431156,105907.33549492853
-1737.771158213145,105907.39061213005
-1737.760915380728,105907.43479905138
-1737.740972148662,105907.48991625477
-1737.730729318806,105907.53410317609
-1737.7203056725557,105907.58937564725
-1737.7005432550795,105907.6334073008
-1737.6901196114486,105907.6886797715
-1737.6703571942635,105907.73271142412
-1737.659933550749,105907.78798389668
-1737.6496907190885,105907.8321708194
-1737.629928299808,105907.87620247249
-1737.619504656759,105907.93147494271
-1737.599742240156,105907.97550659627
-1737.5893185972236,105908.03077906789
-1737.5695561809698,105908.07481072051
-1737.5591325382702,105908.13008319167
-1737.5393701223657,105908.17411484616
-1737.5289464774542,105908.22938731592
-1737.5187036490534,105908.27357424004
-1737.4987604195485,105908.32869144017
-1737.488517591264,105908.37287836429
-1737.4685743621085,105908.42799556581
-1737.4583315316122,105908.472182489
-1737.4479078897275,105908.5274549597
-1737.4281454748707,105908.57148661371
-1737.417721833277,105908.62675908487
-1737.397959418653,105908.67079073889
-1737.3875357748475,105908.72606320912
-1737.367773362901,105908.7700948636
-1737.3573497192701,105908.82536733523
-1737.3375873052282,105908.86939898832
-1737.3271636642748,105908.92467145994
-1737.316920834768,105908.9688583836
-1737.2971584211336,105909.01289003668
-1737.2867347780848,105909.06816250784
-1737.2669723647414,105909.11219416093
-1737.2565487242537,105909.16746663395
-1737.2367863112013,105909.21149828704
-1737.2263626708882,105909.2667707582
-1737.2066002581269,105909.31080241362
-1737.1961766181048,105909.36607488338
-1737.1764142056927,105909.41010653833
-1737.1659905634006,105909.46537900902
-1737.1462281512213,105909.50941066258
-1737.1358045116067,105909.56468313467
-1737.1160420996603,105909.60871478915
-1737.1056184603367,105909.66398726124
-1737.0858560487395,105909.7080189148
-1737.0754324095324,105909.76329138689
-1737.0556699982262,105909.80732304137
-1737.0452463568654,105909.86259551207
-1737.0254839457339,105909.90662716562
-1737.0150603070506,105909.96189963818
-1736.9952978963265,105910.00593129173
-1736.9848742578179,105910.06120376335
-1736.9651118473266,105910.1052354183
-1736.9546882090508,105910.160507889
-1736.9349257987924,105910.20453954441
-1736.9245021583047,105910.25981201604
-1736.9047397483955,105910.30384367006
-1736.8943161105854,105910.35911614122
-1736.874553700909,105910.4031477957
-1736.8641300633317,105910.45842026826
-1736.8443676539464,105910.50245192181
-1736.833944016602,105910.55772439437
-1736.8141816075076,105910.60175604885
-1736.803757967893,105910.65702852048
-1736.7839955590898,105910.70106017496
-1736.7735719221528,105910.75633264752
-1736.7538095136406,105910.80036430154
-1736.7433858768782,105910.8556367727
-1736.723623468657,105910.89966842765
-1736.7131998321856,105910.95494089974
-1736.6934374241973,105910.99897255423
-1736.683013785514,105911.05424502632
-1736.663251377875,105911.0982766808
-1736.6528277417528,105911.15354915289
-1736.6330653344048,105911.19758080691
-1736.613122116425,105911.2526980103
-1736.6028792914585,105911.29688493349
-1736.5829360737698,105911.35200213734
-1736.572693249036,105911.396189061
-1736.5527500316966,105911.45130626531
-1736.5425072046346,105911.49549318897
-1736.5225639876444,105911.55061039189
-1736.5121403525118,105911.60588286445
-1736.4923779465025,105911.649914518
-1736.4819543116027,105911.70518699149
-1736.4621919058263,105911.7492186455
-1736.4517682712758,105911.8044911176
-1736.4320058657322,105911.84852277255
-1736.4120626474032,105911.90363997594
-1736.4018198237172,105911.94782690052
-1736.381876608124,105912.00294410437
-1736.3716337846126,105912.04713102756
-1736.3516905693104,105912.10224823141
-1736.341447746032,105912.14643515553
-1736.321504528576,105912.20155235799
-1736.3017421242548,105912.24558401434
-1736.2913184908102,105912.30085648596
-1736.2713752763811,105912.35597369028
-1736.26113245351,105912.40016061347
-1736.241189239372,105912.45527781732
-1736.2309464167338,105912.49946474191
-1736.2110032028868,105912.5545819453
-1736.2007603780366,105912.59876886941
-1736.1808171644807,105912.65388607327
-1736.1610547614982,105912.69791772822
-1736.1506311290432,105912.75319020078
-1736.1308687262936,105912.79722185666
-1736.1204450940713,105912.85249432921
-1736.1005018813303,105912.90761153353
-1736.0807394766598,105912.95164318848
-1736.0703158471151,105913.0069156615
-1736.050553442794,105913.05094731646
-1736.0401298110373,105913.10621979041
-1736.0203674093354,105913.15025144443
-1736.0099437779281,105913.20552391699
-1735.9901813765173,105913.2495555738
-1735.9702381626703,105913.30467277719
-1735.959814531554,105913.35994525021
-1735.9400521306088,105913.40397690563
-1735.9296284997254,105913.45924937772
-1735.909866099013,105913.503281035
-1735.8899228884256,105913.55839823885
-1735.8796800679993,105913.6025851625
-1735.859736857703,105913.65770236822
-1735.8494940350647,105913.70188929187
-1735.8295508275041,105913.7570064948
-1735.8096076152287,105913.81212370005
-1735.7993647953263,105913.85631062463
-1735.7794215857866,105913.91142782895
-1735.7691787660588,105913.95561475353
-1735.7492355569266,105914.01073195878
-1735.7294731554575,105914.05476361467
-1735.7190495260293,105914.11003608769
-1735.6991063173627,105914.16515329201
-1735.6888634981588,105914.20934021706
-1735.6689202898415,105914.26445742091
-1735.6491578915156,105914.30848907726
-1735.6387342626695,105914.36376154935
-1735.6189718646929,105914.4077932071
-1735.599028654513,105914.46291041095
-1735.5886050284607,105914.5181828835
-1735.568842628505,105914.56221454078
-1735.5584190003574,105914.61748701241
-1735.538656603021,105914.66151867062
-1735.518713396159,105914.71663587494
-1735.5082897682441,105914.77190834796
-1735.4885273690452,105914.81594000477
-1735.4685841650353,105914.8710572091
-1735.4583413448418,105914.91524413368
-1735.4383981387364,105914.97036133893
-1735.4184549328638,105915.02547854418
-1735.408212115406,105915.0696654683
-1735.3882689073216,105915.12478267308
-1735.3780260925414,105915.1689695986
-1735.3580828848062,105915.22408680385
-1735.3383204893908,105915.26811846066
-1735.3278968627565,105915.32339093415
-1735.3079536579899,105915.37850813754
-1735.2881912629819,105915.42253979668
-1735.2777676368132,105915.4778122683
-1735.258005242038,105915.52184392558
-1735.2380620355252,105915.57696113037
-1735.2276384120341,105915.63223360479
-1735.2078760153963,105915.67626526114
-1735.1879328117357,105915.73138246685
-1735.177689995733,105915.7755693905
-1735.1577467924217,105915.83068659669
-1735.1378035892849,105915.8858038024
-1735.118041193462,105915.92983546015
-1735.1076175707858,105915.98510793317
-1735.0878551751957,105916.02913958998
-1735.0679119727574,105916.08425679617
-1735.057488348044,105916.13952926826
-1735.0377259553643,105916.183560926
-1735.0177827533917,105916.23867813172
-1735.007539935992,105916.28286505723
-1734.9875967367552,105916.33798226295
-1734.96765353292,105916.3930994682
-1734.9478911409387,105916.43713112595
-1734.9374675170984,105916.49240360036
-1734.9177051254082,105916.53643525671
-1734.897761924658,105916.59155246336
-1734.8873382988386,105916.64682493638
-1734.8675759100006,105916.69085659459
-1734.8476327073295,105916.74597379984
-1734.8278703164542,105916.79000545619
-1734.8174466934288,105916.84527793154
-1734.797503493668,105916.90039513679
-1734.7777411032002,105916.94442679454
-1734.7577979014022,105916.99954400025
-1734.7475550904637,105917.04373092577
-1734.7276118888985,105917.09884813195
-1734.707668690011,105917.1539653386
-1734.6879063004162,105917.19799699634
-1734.6774826783221,105917.2532694703
-1734.6577202889603,105917.29730112804
-1734.6377770883264,105917.35241833469
-1734.6178338902537,105917.4075355404
-1734.5980715013575,105917.45156719908
-1734.58764788002,105917.50683967257
-1734.567885491415,105917.55087132938
-1734.547942291596,105917.60598853696
-1734.5279990944546,105917.66110574268
-1734.5177562824683,105917.70529266912
-1734.4978130855598,105917.76040987484
-1734.4780506978277,105917.80444153398
-1734.4581075012684,105917.8595587397
-1734.438164304942,105917.91467594635
-1734.427921491093,105917.95886287233
-1734.4079782950575,105918.01398007898
-1734.3880350991967,105918.0690972847
-1734.3682727123378,105918.11312894477
-1734.3483295168844,105918.16824615095
-1734.3380867061205,105918.21243307553
-1734.3181435109,105918.26755028358
-1734.2982003159123,105918.32266749023
-1734.2784379274235,105918.3666991489
-1734.258494732785,105918.42181635462
-1734.2385515383794,105918.47693356173
-1734.2283087281976,105918.52112048725
-1734.208365534083,105918.57623769483
-1734.188603146351,105918.62026935397
-1734.1686599525856,105918.67538656015
-1734.148716759053,105918.73050376726
-1734.1289543742314,105918.77453542734
-1734.1185307561536,105918.82980790036
-1734.0985875630868,105918.8849251084
-1734.0788251787308,105918.92895676615
-1734.0588819860131,105918.98407397466
-1734.0391195996199,105919.0281056324
-1734.0191764072515,105919.08322283998
-1733.999233215116,105919.13834004803
-1733.9889904063893,105919.18252697401
-1733.9690472144866,105919.23764418019
-1733.9491040204302,105919.2927613873
-1733.929341637413,105919.33679304691
-1733.9093984460924,105919.39191025496
-1733.8896360633662,105919.43594191456
-1733.8696928723948,105919.49105912214
-1733.8497496816562,105919.54617632879
-1733.8299872970674,105919.59020798793
-1733.8195636834134,105919.64548046282
-1733.799620490754,105919.7005976704
-1733.7798581089592,105919.74462933
-1733.7599149190937,105919.79974653712
-1733.7399717293447,105919.85486374516
-1733.7202093456872,105919.8988954043
-1733.7002661587903,105919.95401261281
-1733.6805037754239,105919.99804427149
-1733.670080160373,105920.05331674684
-1733.6501369715552,105920.10843395302
-1733.630374591041,105920.15246561449
-1733.6104314025724,105920.2075828216
-1733.5904882118339,105920.26270003011
-1733.5707258319017,105920.30673168926
-1733.550782643957,105920.36184889777
-1733.5310202642577,105920.40588055644
-1733.5110770766623,105920.46099776542
-1733.4911338892998,105920.51611497346
-1733.4808910812717,105920.56030189991
-1733.4609478965867,105920.61541910749
-1733.4410047072452,105920.67053631647
-1733.4212423285935,105920.7145679756
-1733.401299142046,105920.76968518412
-1733.3813559557311,105920.82480239216
-1733.3615935750422,105920.86883405084
-1733.3416503915796,105920.92395126121
-1733.32188801124,105920.96798292082
-1733.3019448256237,105921.02310013026
-1733.282001640182,105921.0782173383
-1733.2622392603662,105921.12224899791
-1733.242296075332,105921.17736620689
-1733.222352892859,105921.23248341493
-1733.2121100864024,105921.27667034231
-1733.192166901892,105921.33178755129
-1733.162704144721,105921.38674949296
-1733.1524613410002,105921.43093642034
-1733.1325181570137,105921.48605362885
-1733.1125749707571,105921.54117083736
-1733.0928125948412,105921.58520249696
-1733.0728694113204,105921.64031970548
-1733.0531070357538,105921.68435136741
-1733.0331638526404,105921.73946857592
-1733.0132206697017,105921.7945857849
-1732.9934582922142,105921.83861744544
-1732.9735151096247,105921.89373465395
-1732.953571927268,105921.94885186385
-1732.933809552691,105921.99288352393
-1732.9138663706253,105922.04800073383
-1732.893923188909,105922.10311794188
-1732.8741608123528,105922.14714960381
-1732.854217630811,105922.20226681279
-1732.8342744495603,105922.25738402177
-1732.8145120759727,105922.3014156837
-1732.794568895013,105922.35653289175
-1732.7748065217165,105922.40056455322
-1732.7548633387778,105922.45568176173
-1732.7349201584002,105922.51079897117
-1732.7151577856275,105922.55483063217
-1732.6952146056574,105922.60994784161
-1732.6752714258619,105922.66506505199
-1732.6555090534966,105922.70909671299
-1732.6355658716639,105922.76421392197
-1732.6156226924504,105922.81933113141
-1732.595860320609,105922.86336279288
-1732.5663975704229,105922.91832473688
-1732.5466351965442,105922.96235639881
-1732.5266920180293,105923.01747360732
-1732.5067488397472,105923.07259081723
-1732.486986468779,105923.11662247917
-1732.4670432909043,105923.17173968861
-1732.447100113146,105923.22685689945
-1732.4273377403151,105923.27088855952
-1732.4073945629061,105923.32600577082
-1732.3876321927528,105923.37003743136
-1732.3676890157512,105923.42515464174
-1732.3477458389243,105923.48027185164
-1732.3279834692948,105923.52430351358
-1732.3080402904307,105923.57942072302
-1732.2785775434459,105923.63438266888
-1732.2588151743985,105923.67841432942
-1732.2388719985029,105923.73353154119
-1732.2191096297465,105923.77756320266
-1732.199166454142,105923.8326804135
-1732.1792232789448,105923.88779762248
-1732.1594609082094,105923.93182928441
-1732.1395177332452,105923.98694649478
-1732.119755365362,105924.03097815719
-1732.099812190747,105924.08609536756
-1732.0798690163065,105924.14121257793
-1732.060106648889,105924.18524423987
-1732.0306439023116,105924.24020618526
-1732.0108815352432,105924.2842378472
-1731.9909383616177,105924.3393550585
-1731.9709951881086,105924.39447226934
-1731.9512328191777,105924.43850393081
-1731.931289646076,105924.49362114212
-1731.9115272797644,105924.53765280452
-1731.8915841070702,105924.59277001489
-1731.8718217411079,105924.63680167822
-1731.8423589990707,105924.69176362269
-1731.8224158269586,105924.74688083399
-1731.8026534591336,105924.79091249639
-1731.782710287429,105924.84602970816
-1731.7629479223397,105924.89006137056
-1731.743004750926,105924.9451785814
-1731.723242386186,105924.98921024427
-1731.7032992151799,105925.04432745557
-1731.6835368482862,105925.08835911658
-1731.6540741083445,105925.14332106337
-1731.634311744303,105925.18735272624
-1731.6143685739953,105925.242469938
-1731.5946062079165,105925.28650160134
-1731.574663037958,105925.34161881218
-1731.554900674615,105925.38565047458
-1731.534957505064,105925.44076768681
-1731.5056755730184,105925.48464408424
-1731.4857324014883,105925.53976129647
-1731.465970041114,105925.58379295841
-1731.4460268699331,105925.63891017111
-1731.4262645075796,105925.68294183305
-1731.4063213391928,105925.73805904621
-1731.376858602278,105925.79302099114
-1731.3570962379454,105925.83705265587
-1731.3371530701988,105925.89216986671
-1731.3173907086602,105925.93620153004
-1731.2974475412047,105925.99131874181
-1731.2776851800736,105926.03535040561
-1731.248222442111,105926.09031235147
-1731.2284600837156,105926.1343440162
-1731.2085169146303,105926.18946122797
-1731.1887545540812,105926.2334928913
-1731.16881138779,105926.28861010447
-1731.14904902759,105926.3326417664
-1731.1195862911409,105926.38760371506
-1731.0998239312903,105926.4316353784
-1731.0800615716144,105926.47566704219
-1731.0601184061961,105926.53078425443
-1731.0403560468694,105926.57481591869
-1731.0108933115844,105926.62977786642
-1730.9911309549934,105926.67380952975
-1730.9711877880036,105926.72892674152
-1730.9514254293172,105926.77295840671
-1730.9314822651213,105926.82807561755
-1730.9022003391292,105926.8719520187
-1730.8824379786383,105926.9159836825
-1730.8624948149081,105926.97110089427
-1730.8427324570948,105927.01513255853
-1730.822789293772,105927.07024977077
-1730.7935073664412,105927.11412617145
-1730.773564203584,105927.16924338322
-1730.753801848914,105927.21327504748
-1730.734039489529,105927.25730671268
-1730.7140963271959,105927.31242392492
-1730.6848144032992,105927.3563003256
-1730.6648712414317,105927.41141753783
-1730.645108882687,105927.4554492021
-1730.62534652662,105927.4994808673
-1730.5958837981452,105927.55444281595
-1730.5761214424274,105927.59847447975
-1730.5563590844395,105927.64250614448
-1730.5364159235614,105927.69762335857
-1730.507134001411,105927.74149975786
-1730.4871908409987,105927.7966169715
-1730.4674284860957,105927.84064863669
-1730.4476661313674,105927.88468030095
-1730.418203402427,105927.93964225007
-1730.3984410504345,105927.98367391527
-1730.3786786937853,105928.02770558
-1730.358735534479,105928.08282279316
-1730.3389731806237,105928.12685445743
-1730.309691260336,105928.1707308595
-1730.2897480992833,105928.22584807314
-1730.2699857458938,105928.26987973694
-1730.2502233926207,105928.31391140306
-1730.2209414732642,105928.35778780514
-1730.20099831291,105928.41290501785
-1730.1812359601026,105928.45693668444
-1730.1519540414447,105928.50081308512
-1730.132010884001,105928.55593029922
-1730.1122485318338,105928.59996196348
-1730.0924861798412,105928.64399362914
-1730.0632042594953,105928.68787003169
-1730.0432611028664,105928.74298724486
-1730.0234987513395,105928.78701890958
-1730.0037364000455,105928.83105057525
-1729.9744544830173,105928.87492697779
-1729.9545113271452,105928.93004419189
-1729.934748973872,105928.97407585802
-1729.9149866232183,105929.01810752274
-1729.885704707005,105929.06198392529
-1729.8659423566423,105929.10601559095
-1729.845999199315,105929.16113280505
-1729.8262368493015,105929.20516446978
-1729.7969549339614,105929.24904087326
-1729.7771925843554,105929.29307253892
-1729.7574302347493,105929.33710420504
-1729.728148317663,105929.38098060712
-1729.708205163828,105929.43609782215
-1729.6884428148624,105929.48012948781
-1729.668680466013,105929.52416115347
-1729.6393985521281,105929.56803755648
-1729.619636203628,105929.61206922308
-1729.5998738553026,105929.65610088827
-1729.579930700187,105929.7112181047
-1729.5506487871753,105929.75509450585
-1729.5308864393737,105929.7991261729
-1729.5111240916885,105929.84315783996
-1729.4913617417915,105929.88718950516
-1729.4620798295946,105929.93106590863
-1729.4423174824333,105929.97509757569
-1729.4225551353884,105930.01912924089
-1729.3932732237736,105930.0630056453
-1729.3733300704043,105930.11812285986
-1729.3535677239415,105930.16215452645
-1729.3338053775951,105930.20618619304
-1729.3045234668534,105930.25006259745
-1729.284761120798,105930.29409426451
-1729.264998772589,105930.33812593017
-1729.2357168624876,105930.38200233318
-1729.2159545170143,105930.42603400117
-1729.1961921717157,105930.47006566776
-1729.1764298265334,105930.51409733435
-1729.147147914744,105930.55797373923
-1729.127385572414,105930.60200540628
-1729.1076232253108,105930.64603707287
-1729.0783413166646,105930.68991347635
-1729.0585789722973,105930.73394514434
-1729.0388166281627,105930.77797681047
-1729.0190542816417,105930.82200847799
-1728.9897723738104,105930.86588488333
-1728.9700100301416,105930.90991655039
-1728.9502476866473,105930.95394821744
-1728.92096577934,105930.99782462232
-1728.9012034337502,105931.04185628984
-1728.8814410907216,105931.08588795736
-1728.852159184171,105931.1297643613
-1728.8323968414916,105931.17379602883
-1728.8126344966004,105931.21782769682
-1728.792872154212,105931.26185936388
-1728.763590248418,105931.30573576782
-1728.7438279064372,105931.34976743674
-1728.7240655645146,105931.3937991038
-1728.6947836569743,105931.43767550867
-1728.6750213154592,105931.48170717712
-1728.6552589765051,105931.52573884558
-1728.6259770694887,105931.56961524999
-1728.6062147285556,105931.61364691798
-1728.5864523876808,105931.65767858597
-1728.5666900469223,105931.70171025349
-1728.537408143282,105931.74558665883
-1728.5178266039584,105931.77853277838
-1728.4980642637238,105931.8225644473
-1728.4687823606655,105931.8664408531
-1728.4490200207802,105931.91047252063
-1728.429257678683,105931.95450418908
-1728.3999757760903,105931.99838059442
-1728.380213436787,105932.04241226288
-1728.360451097542,105932.08644393133
-1728.331169195706,105932.13032033667
-1728.311587657663,105932.16326645762
-1728.2918253189418,105932.2072981256
-1728.2625434176298,105932.25117453281
-1728.242781079316,105932.2952062008
-1728.223018738674,105932.33923786879
-1728.1937368380022,105932.38311427552
-1728.173974500096,105932.42714594398
-1728.1543929656036,105932.460092064
-1728.1251110654557,105932.50396847073
-1728.1053487256868,105932.54800013872
-1728.0855863884208,105932.59203180764
-1728.0563044890296,105932.63590821484
-1728.036542152171,105932.6799398833
-1728.0169606183772,105932.71288600331
-1727.9876787171233,105932.75676241005
-1727.9679163807305,105932.8007940799
-1727.948154044454,105932.84482574789
-1727.9188721462851,105932.88870215509
-1727.899290613248,105932.92164827557
-1727.870008713042,105932.9655246837
-1727.8502463774057,105933.00955635356
-1727.8304840420606,105933.05358802062
-1727.801202144823,105933.09746442828
-1727.7816206126008,105933.13041055016
-1727.761858277605,105933.17444222001
-1727.7325763786212,105933.21831862675
-1727.7128140440327,105933.26235029567
-1727.6930517095607,105933.30638196599
-1727.6639506163192,105933.33917282429
-1727.6441882821964,105933.38320449507
-1727.6149063842022,105933.4270809018
-1727.5951440504286,105933.47111257166
-1727.575562519487,105933.50405869354
-1727.5462806244614,105933.54793510074
-1727.5265182912117,105933.59196677012
-1727.5067559580784,105933.63599844044
-1727.4776548638474,105933.6687893006
-1727.4578925310634,105933.71282096952
-1727.4286106370855,105933.75669737719
-1727.4088483046507,105933.8007290489
-1727.3892667747568,105933.83367516939
-1727.3599848790327,105933.87755157845
-1727.3402225470636,105933.92158324737
-1727.3111214565579,105933.95437410707
-1727.291359124938,105933.99840577831
-1727.2715967934346,105934.04243744817
-1727.2423148986418,105934.08631385583
-1727.2227333698538,105934.11925997771
-1727.1934514779132,105934.16313638724
-1727.1736891446635,105934.20716805803
-1727.1445880554384,105934.23995891772
-1727.1248257249244,105934.2839905885
-1727.1050633946434,105934.32802225929
-1727.0757815036923,105934.37189866696
-1727.056199973449,105934.40484479023
-1727.0269180829637,105934.44872119883
-1727.0071557533229,105934.49275286915
-1726.9875742258737,105934.52569899242
-1726.9582923360285,105934.56957540149
-1726.9385300044669,105934.6136070718
-1726.909428916988,105934.64639793243
-1726.889666588162,105934.69042960368
-1726.8603846990736,105934.73430601321
-1726.840803170111,105934.76725213556
-1726.81152128143,105934.81112854648
-1726.7917589532444,105934.8551602168
-1726.762477065029,105934.89903662587
-1726.7428955390933,105934.93198274961
-1726.723133209045,105934.97601442039
-1726.6938513213536,105935.01989082992
-1726.6742697958834,105935.0528369532
-1726.6449879085412,105935.0967133632
-1726.625406383304,105935.12965948554
-1726.5961244964274,105935.1735358974
-1726.5763621673686,105935.21756756678
-1726.5472610826837,105935.25035842927
-1726.5274987563025,105935.29439010052
-1726.4982168702409,105935.33826651191
-1726.478635345935,105935.37121263426
-1726.449353460339,105935.41508904519
-1726.429591132328,105935.4591207169
-1726.4004900485743,105935.49191157939
-1726.3807277232409,105935.53594325064
-1726.3516266375082,105935.56873411359
-1726.3318643149105,105935.6127657853
-1726.3025824281503,105935.6566421967
-1726.2830009049503,105935.68958832044
-1726.2537190185394,105935.73346473044
-1726.2339566942537,105935.77749640262
-1726.2048556120135,105935.81028726604
-1726.1850932880188,105935.85431893868
-1726.155992206186,105935.88710980117
-1726.136229880096,105935.93114147289
-1726.106947997352,105935.97501788381
-1726.0873664753162,105936.00796400756
-1726.0580845929799,105936.05184041942
-1726.038322270033,105936.09587209206
-1726.009221189248,105936.12866295502
-1725.9894588642055,105936.17269462813
-1725.9603577837115,105936.20548549155
-1725.931075902481,105936.2493619034
-1725.911313580349,105936.29339357372
-1725.8822124981089,105936.32618443854
-1725.8624501762679,105936.37021611165
-1725.8331682957942,105936.41409252351
-1725.81358677533,105936.44703864818
-1725.7843048928771,105936.49091506004
-1725.7552038139547,105936.52370592393
-1725.7354414929869,105936.5677375975
-1725.7061596135609,105936.61161400983
-1725.686578093795,105936.6445601345
-1725.6572962148348,105936.68843654636
-1725.6280143335462,105936.73231295869
-1725.608432814246,105936.76525908383
-1725.579150935926,105936.80913549615
-1725.5595694168587,105936.84208162082
-1725.5302875365014,105936.88595803408
-1725.510525217047,105936.92998970672
-1725.4814241401618,105936.96278057201
-1725.4521422628313,105937.0066569848
-1725.432560742076,105937.03960310994
-1725.403278865153,105937.0834795218
-1725.3739969884627,105937.12735593738
-1725.3544154706178,105937.16030206205
-1725.325133594335,105937.20417847484
-1725.3053712762194,105937.24821014889
-1725.276270198403,105937.2810010137
-1725.2469883227022,105937.3248774265
-1725.2274068056722,105937.3578235521
-1725.1981249279343,105937.40169996582
-1725.168843052932,105937.44557638
-1725.1492615362513,105937.47852250515
-1725.1199796616565,105937.52239891933
-1725.1003981452668,105937.555345044
-1725.0711162710795,105937.59922145866
-1725.0418343946221,105937.64309787331
-1725.022252878698,105937.67604399892
-1724.9929710050928,105937.71992041264
-1724.9638699294883,105937.75271127932
-1724.9441076138755,105937.7967429515
-1724.9148257408524,105937.84061936755
-1724.8857246682746,105937.87341023376
-1724.8659623531858,105937.9174419078
-1724.836680480861,105937.96131832339
-1724.8075794063043,105937.99410918867
-1724.7782975344453,105938.03798560333
-1724.75871601759,105938.0709317294
-1724.7294341461384,105938.11480814451
-1724.7001522749197,105938.15868455963
-1724.6805707609165,105938.19163068524
-1724.651288890047,105938.23550710082
-1724.6220070170239,105938.2793835164
-1724.6024255059892,105938.31232964247
-1724.5731436333153,105938.35620605806
-1724.5438617633772,105938.40008247271
-1724.5147606933606,105938.43287333986
-1724.49499837833,105938.47690501576
-1724.4658973086625,105938.50969588244
-1724.4366154395393,105938.5535722971
-1724.416853127419,105938.59760397254
-1724.387752055889,105938.63039484015
-1724.358470187406,105938.67427125713
-1724.32936911867,105938.70706212381
-1724.3096068073064,105938.75109379971
-1724.280324939522,105938.79497021437
-1724.251223871368,105938.82776108151
-1724.221942001488,105938.87163749896
-1724.202179690823,105938.91566917486
-1724.1730786208063,105938.94846004201
-1724.1437967540696,105938.99233645853
-1724.114695686847,105939.0251273266
-1724.0949333768804,105939.06915900204
-1724.0656515107257,105939.11303541856
-1724.0365504416404,105939.14582628664
-1724.0072685760097,105939.18970270315
-1723.9876870659646,105939.22264883108
-1723.9584052006248,105939.26652524807
-1723.9291233356344,105939.31040166412
-1723.9000222674804,105939.34319253359
-1723.8802599589108,105939.38722420903
-1723.8509780945024,105939.43110062648
-1723.8218770269305,105939.46389149595
-1723.7925951629877,105939.50776791247
-1723.7634940983262,105939.54055878194
-1723.7437317905715,105939.58459045691
-1723.714449927269,105939.62846687576
-1723.6853488606866,105939.66125774477
-1723.6560669977916,105939.70513416268
-1723.6267851351295,105939.74901058013
-1723.5976840715157,105939.78180145053
-1723.5779217649251,105939.82583312504
-1723.5486399005167,105939.86970954342
-1723.519538837485,105939.90250041289
-1723.4902569758706,105939.94637683174
-1723.4611559133045,105939.97916770121
-1723.431874049711,105940.02304411959
-1723.4121117442264,105940.06707579596
-1723.3830106821842,105940.09986666543
-1723.353728819231,105940.14374308428
-1723.3244469589554,105940.18761950219
-1723.2953458975535,105940.2204103726
-1723.2660640376853,105940.26428679144
-1723.246482531773,105940.29723292124
-1723.2172006699257,105940.34110933915
-1723.187918810756,105940.38498575753
-1723.158817750169,105940.4177766284
-1723.129535891465,105940.4616530477
-1723.100254030549,105940.50552946702
-1723.0711529706605,105940.53832033742
-1723.051390667446,105940.58235201472
-1723.0221088096732,105940.6262284345
-1722.9930077502504,105940.65901930444
-1722.9637258903822,105940.70289572375
-1722.934624831425,105940.73568659555
-1722.9053429744672,105940.77956301533
-1722.876061117684,105940.82343943417
-1722.846960056806,105940.85623030551
-1722.8271977552213,105940.90026198281
-1722.7979158990784,105940.94413840352
-1722.7688148387824,105940.97692927439
-1722.7395329831634,105941.0208056951
-1722.7104319257196,105941.05359656643
-1722.6811500680633,105941.09747298574
-1722.6518682130263,105941.14134940738
-1722.6227671562228,105941.17414027872
-1722.5934853017097,105941.21801669942
-1722.5642034449847,105941.26189311873
-1722.5446219429723,105941.29483924899
-1722.5153400890413,105941.33871567016
-1722.486239033111,105941.3715065415
-1722.4569571796455,105941.4153829636
-1722.4276753240265,105941.45925938291
-1722.3985742687364,105941.49205025565
-1722.3692924159113,105941.53592667682
-1722.3400105633773,105941.57980309753
-1722.3109095062246,105941.6125939698
-1722.281627654098,105941.65647039143
-1722.2523458022624,105941.70034681354
-1722.2232447481365,105941.73313768534
-1722.1939628942055,105941.77701410698
-1722.1646810430684,105941.82089052722
-1722.1355799895246,105941.85368140088
-1722.1062981387367,105941.89755782345
-1722.0771970832138,105941.93034869619
-1722.0479152328917,105941.97422511829
-1722.028152936371,105942.01825679746
-1721.9990518838167,105942.05104767019
-1721.9697700340766,105942.09492409276
-1721.940488182241,105942.13880051393
-1721.9113871302688,105942.17159138806
-1721.8821052812855,105942.21546781017
-1721.852823432535,105942.25934423227
-1721.8237223787,105942.29213510687
-1721.794440530357,105942.3360115285
-1721.765158682363,105942.3798879506
-1721.7360576314968,105942.41267882613
-1721.7067757814657,105942.45655524824
-1721.677493934054,105942.50043166988
-1721.648392883828,105942.53322254494
-1721.6191110368818,105942.57709896751
-1721.5898291877238,105942.62097539054
-1721.5512085851515,105942.65361100947
-1721.5219267388457,105942.69748743204
-1721.4926448904444,105942.74136385461
-1721.4635438414407,105942.77415472874
-1721.4342619958334,105942.81803115271
-1721.4049801505753,105942.86190757621
-1721.375879099709,105942.89469845174
-1721.3465972548584,105942.9385748757
-1721.3173154101241,105942.98245129827
-1721.2882143623428,105943.01524217334
-1721.258932515746,105943.05911859684
-1721.2296506717685,105943.10299502127
-1721.2005496246275,105943.13578589587
-1721.1712677809992,105943.17966232076
-1721.1419859352754,105943.22353874426
-1721.1128848886583,105943.25632962026
-1721.083603045845,105943.30020604376
-1721.0448016484734,105943.34392721253
-1721.0157006024383,105943.37671808852
-1720.9864187603234,105943.42059451342
-1720.9571369184414,105943.46447093692
-1720.928035870602,105943.49726181291
-1720.8987540291855,105943.54113823734
-1720.8694721879438,105943.58501466224
-1720.8403711430728,105943.6178055387
-1720.8110892999102,105943.66168196313
-1720.7818074593088,105943.70555838943
-1720.7527064151363,105943.73834926449
-1720.7139050231199,105943.78207043512
-1720.684623183275,105943.82594685955
-1720.6553413412767,105943.86982328491
-1720.6262402979191,105943.9026141609
-1720.5969584587147,105943.9464905872
-1720.5676766198594,105943.99036701256
-1720.5385755746393,105944.02315788995
-1720.4997741845436,105944.06687905919
-1720.470492343884,105944.11075548502
-1720.4413913016906,105944.14354636194
-1720.4121094639413,105944.18742278824
-1720.3828276264248,105944.231299215
-1720.353726582427,105944.26409009192
-1720.324444745318,105944.30796651868
-1720.2856433571433,105944.35168768838
-1720.2563615181716,105944.39556411421
-1720.2272604774334,105944.42835499253
-1720.197978641314,105944.47223141883
-1720.1686968054855,105944.51610784465
-1720.1395957628265,105944.54889872298
-1720.100794378668,105944.59261989407
-1720.0715125410352,105944.63649632037
-1720.0422307061963,105944.68037274946
-1720.0131296667969,105944.71316362685
-1719.9838478323072,105944.7570400536
-1719.9450464447145,105944.80076122424
-1719.9159454060718,105944.83355210396
-1719.886663569836,105944.87742853072
-1719.8573817362776,105944.92130495794
-1719.8280999030103,105944.96518138656
-1719.7894793119049,105944.99781700922
-1719.760197479045,105945.04169343598
-1719.7309156465344,105945.08556986554
-1719.7018146092305,105945.11836074293
-1719.663013226469,105945.16208191682
-1719.6337313922122,105945.20595834497
-1719.6046303556068,105945.23874922376
-1719.575348524144,105945.28262565145
-1719.546066692972,105945.326502081
-1719.507265309163,105945.37022325303
-1719.4781642733142,105945.40301413322
-1719.448882442899,105945.44689056138
-1719.4196006102138,105945.49076698907
-1719.3809800246963,105945.52340261545
-1719.3516981949797,105945.56727904361
-1719.3224163630512,105945.61115547223
-1719.2933153284248,105945.64394635288
-1719.2545139492722,105945.6876675263
-1719.225232120487,105945.73154395493
-1719.1959502919344,105945.77542038355
-1719.1668492556782,105945.80821126513
-1719.1280478776316,105945.85193243902
-1719.0987660498358,105945.89580886811
-1719.0696650142781,105945.92859974876
-1719.03086363693,105945.97232092451
-1719.0015818098327,105946.01619735314
-1718.9724807749153,105946.04898823472
-1718.9431989482255,105946.09286466427
-1718.9043975720997,105946.1365858391
-1718.8751157459337,105946.18046226818
-1718.8460147142177,105946.21325315023
-1718.8072133365204,105946.25697432552
-1718.7779315110529,105946.30085075554
-1718.7488304800354,105946.33364163805
-1718.7100291030947,105946.3773628138
-1718.680747278384,105946.42123924382
-1718.651465453906,105946.46511567384
-1718.6223644212587,105946.49790655682
-1718.5835630478105,105946.54162773164
-1718.5542812241474,105946.58550416259
-1718.5251801944687,105946.61829504417
-1718.486378819507,105946.66201622225
-1718.4570969964843,105946.70589265227
-1718.427995967446,105946.73868353525
-1718.3891945933574,105946.78240471147
-1718.3599127710331,105946.82628114242
-1718.3306309488835,105946.8701575743
-1718.292010371748,105946.90279320255
-1718.2627285501221,105946.94666963397
-1718.2334467263427,105946.99054606538
-1718.1948261499638,105947.02318169549
-1718.16554432665,105947.06705812505
-1718.1362625060137,105947.11093455786
-1718.0976419302751,105947.1435701875
-1718.068360107718,105947.18744661938
-1718.0390782877803,105947.2313230508
-1718.0004577127984,105947.26395868044
-1717.9711758933263,105947.30783511279
-1717.9418940741452,105947.3517115456
-1717.9032734975335,105947.38434717525
-1717.8739916788181,105947.4282236076
-1717.8447098603356,105947.47210003994
-1717.805908491253,105947.51582121802
-1717.7768074664054,105947.5486121024
-1717.7475256486214,105947.59248853568
-1717.7087242827984,105947.63620971469
-1717.6796232562046,105947.6690005986
-1717.6503414390609,105947.71287703095
-1717.611540074111,105947.75659821229
-1717.5824390480993,105947.7893890962
-1717.5531572317705,105947.83326552855
-1717.5143558676355,105947.87698670942
-1717.485254842264,105947.90977759333
-1717.4464534785948,105947.95349877421
-1717.4171716632554,105947.99737520842
-1717.388070640969,105948.03016609233
-1717.3492692757281,105948.07388727413
-1717.3199874610873,105948.11776370741
-1717.2908864394994,105948.15055459319
-1717.2520850750734,105948.19427577266
-1717.222803261131,105948.2381522078
-1717.1841826923774,105948.27078783978
-1717.1549008789589,105948.31466427399
-1717.1256190657732,105948.35854070773
-1717.0869984953315,105948.3911763411
-1717.0577166826115,105948.43505277531
-1717.0286156625953,105948.46784366155
-1716.9898143004393,105948.51156484382
-1716.960532488476,105948.55544127803
-1716.9314314690419,105948.58823216427
-1716.8926301101455,105948.63195334654
-1716.8633482964942,105948.67582978075
-1716.8342472777003,105948.70862066653
-1716.7954459195607,105948.75234184973
-1716.766344898846,105948.78513273736
-1716.7275435412885,105948.8288539187
-1716.6982617311878,105948.87273035478
-1716.6691607111134,105948.90552124102
-1716.630359354429,105948.94924242329
-1716.601077545085,105948.9931188603
-1716.571976527921,105949.02590974793
-1716.5331751696067,105949.06963092973
-1716.5040741529083,105949.1024218169
-1716.4747923445539,105949.14629825344
-1716.4359909871127,105949.19001943665
-1716.4068899710546,105949.22281032382
-1716.368088616524,105949.26653150888
-1716.3389876009314,105949.29932239652
-1716.3097057937412,105949.34319883212
-1716.2709044376388,105949.38692001626
-1716.2418034226284,105949.41971090483
-1716.2125216161367,105949.4635873395
-1716.173901052447,105949.49622297753
-1716.1446192465373,105949.54009941407
-1716.1155182298971,105949.57289030217
-1716.0767168801976,105949.61661148677
-1716.0474350725417,105949.66048792377
-1716.0088145125774,105949.6931235604
-1715.979532705387,105949.7369999974
-1715.9504316921812,105949.76979088644
-1715.9116303414921,105949.81351207243
-1715.8825293263653,105949.84630296053
-1715.853247522493,105949.89017939894
-1715.8146269639255,105949.92281503603
-1715.7853451605188,105949.96669147257
-1715.7560633573448,105950.01056791097
-1715.7174427971477,105950.04320354853
-1715.6881609944976,105950.08707998646
-1715.6590599831543,105950.11987087503
-1715.6202586325817,105950.16359206242
-1715.5911576216458,105950.19638295239
-1715.561875819927,105950.2402593894
-1715.5232552635134,105950.27289502835
-1715.4939734598156,105950.31677146628
-1715.4648724496947,105950.34956235671
-1715.4260711031966,105950.39328354411
-1715.3969700910384,105950.42607443407
-1715.3676882907166,105950.46995087294
-1715.3290677357581,105950.5025865119
-1715.2997859334573,105950.54646295123
-1715.2706849245587,105950.57925384119
-1715.2318835796905,105950.62297502812
-1715.2026017805329,105950.66685146745
-1715.1735007722746,105950.69964235788
-1715.1346994257765,105950.74336354621
-1715.1055984179256,105950.77615443803
-1715.0763166196994,105950.8200308769
-1715.0376960644498,105950.85266651632
-1715.0084142667474,105950.89654295752
-1714.9697937144665,105950.9291785974
-1714.9405119172297,105950.9730550358
-1714.9114109082147,105951.00584592717
-1714.872609566315,105951.04956711736
-1714.843508560094,105951.08235800825
-1714.814226761344,105951.12623444898
-1714.7756062105182,105951.15887009026
-1714.7463244146784,105951.20274652913
-1714.7172234068275,105951.23553742189
-1714.6784220665577,105951.27925860975
-1714.649321061559,105951.3120495025
-1714.6105197218712,105951.35577069316
-1714.5814187148353,105951.38856158452
-1714.5521369203925,105951.43243802572
-1714.5135163714876,105951.46507366747
-1714.4842345751822,105951.50895010773
-1714.455133571406,105951.54174100095
-1714.4165130231995,105951.57437664364
-1714.3872312299209,105951.6182530839
-1714.3581302267266,105951.65104397712
-1714.3193288869224,105951.69476516731
-1714.290227884252,105951.72755606053
-1714.25142654503,105951.77127725119
-1714.2223255427089,105951.80406814441
-1714.1930437508272,105951.84794458654
-1714.1544232045999,105951.88058022922
-1714.1251414131839,105951.92445667181
-1714.0960404092912,105951.95724756457
-1714.0572390740854,105952.00096875569
-1714.0281380730448,105952.03375965031
-1713.9893367360346,105952.07748084283
-1713.960235735285,105952.11027173651
-1713.9309539429378,105952.15414817957
-1713.8923334009596,105952.18678382365
-1713.863051609078,105952.23066026485
-1713.8339506092016,105952.263451159
-1713.7951492738212,105952.30717235152
-1713.7660482743522,105952.33996324614
-1713.7272469419404,105952.38368443912
-1713.6981459404342,105952.41647533514
-1713.6688641523942,105952.46035177633
-1713.6302436099504,105952.49298742088
-1713.6009618223761,105952.5368638644
-1713.5623412780697,105952.56949950894
-1713.533059490961,105952.61337595293
-1713.5039584930637,105952.64616684709
-1713.4653379493393,105952.67880249303
-1713.4360561629874,105952.72267893655
-1713.3974356222898,105952.75531458156
-1713.3681538363453,105952.79919102602
-1713.3390528394375,105952.8319819211
-1713.3002515081898,105952.87570311548
-1713.271150511806,105952.90849401057
-1713.232349181082,105952.95221520588
-1713.2032481850474,105952.98500610096
-1713.1739664005581,105953.02888254542
-1713.1353458617232,105953.06151819229
-1713.1060640776996,105953.10539463675
-1713.0674435369438,105953.13803028315
-1713.038161753444,105953.18190672807
-1712.9995412130957,105953.21454237448
-1712.9702594300034,105953.25841881847
-1712.9411584356567,105953.29120971542
-1712.9023571101716,105953.33493091073
-1712.8732561161742,105953.36772180768
-1712.8344547887682,105953.41144300299
-1712.8053537951782,105953.44423390087
-1712.7667332566343,105953.47686954914
-1712.7374514751718,105953.52074599359
-1712.7083504822804,105953.55353689147
-1712.6695491585997,105953.59725808678
-1712.6404481660575,105953.63004898466
-1712.6016468405724,105953.6737701809
-1712.5725458484376,105953.70656107832
-1712.5337445234763,105953.75028227549
-1712.504643531749,105953.78307317151
-1712.4753617523238,105953.82694961876
-1712.436741218553,105953.85958526703
-1712.407459439477,105953.90346171241
-1712.3688389038434,105953.93609736301
-1712.3395571252331,105953.97997380886
-1712.3009365900652,105954.0126094576
-1712.271654812037,105954.05648590485
-1712.2330342797795,105954.08912155405
-1712.2037525021587,105954.13299800083
-1712.174651512527,105954.16578889871
-1712.1358501908253,105954.20951009775
-1712.106749201601,105954.24230099656
-1712.068128668121,105954.27493664622
-1712.0388468917226,105954.31881309347
-1712.000226361095,105954.3514487436
-1711.9709445851622,105954.39532519039
-1711.9323240526137,105954.42796084005
-1711.9030422771466,105954.47183728963
-1711.8644217450637,105954.5044729407
-1711.8351399701205,105954.54834938748
-1711.806038982817,105954.58114028769
-1711.7672376665287,105954.62486148579
-1711.7381366796326,105954.657652386
-1711.6995161487139,105954.69028803846
-1711.6702343749348,105954.73416448524
-1711.63161384454,105954.7668001363
-1711.6023320712848,105954.81067658542
-1711.5637115438003,105954.84331223741
-1711.5344297710108,105954.88718868513
-1711.5053287854535,105954.9199795858
-1711.4665274692816,105954.96370078577
-1711.4279069427284,105954.9963364373
-1711.3986251684837,105955.04021288687
-1711.3695241837995,105955.07300378755
-1711.3309036579449,105955.10563944094
-1711.3016218869016,105955.14951588819
-1711.263001359126,105955.18215154111
-1711.2337195884902,105955.22602799116
-1711.1950990636833,105955.25866364362
-1711.1658172910684,105955.30254009273
-1711.1271967667271,105955.33517574705
-1711.0979149970226,105955.3790521957
-1711.059294473147,105955.41168784862
-1711.0300127015216,105955.45556429913
-1710.99139217817,105955.48819995346
-1710.9621104093967,105955.5320764035
-1710.9330094250618,105955.56486730417
-1710.8943889023503,105955.5975029585
-1710.8651071343338,105955.64137940854
-1710.8264866121463,105955.67401506286
-1710.7972048422089,105955.71789151384
-1710.7585843205452,105955.7505271677
-1710.7197830128716,105955.79424837092
-1710.690682032262,105955.82703927299
-1710.661400263256,105955.87091572396
-1710.6227797425236,105955.90355137782
-1710.593497976428,105955.94742782973
-1710.554877453833,105955.98006348545
-1710.5255956882029,105956.02393993549
-1710.48697516846,105956.05657559028
-1710.457693403354,105956.10045204172
-1710.4190728816902,105956.1330876979
-1710.3899719029432,105956.16587859998
-1710.3511705958517,105956.209599806
-1710.3220696175704,105956.24239070807
-1710.2832683135057,105956.28611191222
-1710.2541673355736,105956.31890281662
-1710.2153660295298,105956.36262401985
-1710.1862650521216,105956.39541492425
-1710.1474637466017,105956.4391361284
-1710.118362769601,105956.47192703327
-1710.079561467166,105956.51564823696
-1710.0504604905145,105956.5484391409
-1710.011839974206,105956.58107479895
-1709.9825582100311,105956.62495125132
-1709.9439376941882,105956.65758690843
-1709.914655930479,105956.7014633608
-1709.8855549548753,105956.73425426567
-1709.846753654303,105956.7779754703
-1709.8176526790485,105956.81076637562
-1709.7788513790583,105956.85448758164
-1709.749750401883,105956.88727848511
-1709.7109491024166,105956.93099969253
-1709.6818481256487,105956.9637905974
-1709.643046829151,105957.00751180435
-1709.6139458528487,105957.04030270968
-1709.575325339567,105957.07293836772
-1709.54604358098,105957.11681482103
-1709.5074230658356,105957.14945048047
-1709.478141307598,105957.19332693331
-1709.4395207954803,105957.22596259275
-1709.4102390353219,105957.26983904699
-1709.3716185236117,105957.3024747055
-1709.3423367663636,105957.3463511602
-1709.3037162526743,105957.37898681965
-1709.2744344959501,105957.42286327295
-1709.2358139851713,105957.45549893286
-1709.2065322289127,105957.49937538803
-1709.1679117162712,105957.53201104747
-1709.1386299604783,105957.57588750077
-1709.1095289896475,105957.60867840797
-1709.0707276930334,105957.65239961632
-1709.0416267225519,105957.68519052351
-1709.0028254289646,105957.72891173186
-1708.9737244589487,105957.76170263859
-1708.9349231633823,105957.80542384693
-1708.9058221938321,105957.83821475366
-1708.867020898906,105957.88193596294
-1708.837919929647,105957.91472687013
-1708.7991186376894,105957.95844808035
-1708.770017668896,105957.99123898661
-1708.7313971593976,105958.02387464792
-1708.702115406748,105958.06775110355
-1708.6634949001018,105958.10038676532
-1708.634213145473,105958.14426322188
-1708.5955926393508,105958.17689888319
-1708.5663108876906,105958.22077533929
-1708.5276903819758,105958.25341100153
-1708.4984086283948,105958.29728745716
-1708.4597881232621,105958.32992311893
-1708.430506372475,105958.37379957736
-1708.401405403507,105958.40659048455
-1708.3626041151583,105958.45031169523
-1708.3335031491006,105958.48310260335
-1708.2947018612176,105958.52682381356
-1708.2656008931808,105958.55961472262
-1708.22679960588,105958.6033359333
-1708.197698640579,105958.63612684328
-1708.15889735386,105958.67984805442
-1708.12979638658,105958.71263896348
-1708.0909951004433,105958.75636017462
-1708.0618941359571,105958.78915108368
-1708.0230928478995,105958.83287229575
-1707.9939918839373,105958.86566320574
-1707.9551905988483,105958.90938441735
-1707.9260896352935,105958.9421753264
-1707.8872883482836,105958.98589653941
-1707.8581873851363,105959.01868744893
-1707.828905638773,105959.06256390689
-1707.7902851360268,105959.09519957146
-1707.761003390071,105959.13907602988
-1707.7223828902934,105959.17171169491
-1707.6931011448614,105959.21558815148
-1707.6544806430466,105959.24822381744
-1707.6251988981385,105959.29210027633
-1707.5865783969057,105959.3247359409
-1707.5572966523468,105959.36861239979
-1707.5281956912368,105959.40140331071
-1707.4893944100477,105959.44512452325
-1707.460293449345,105959.47791543463
-1707.421492166235,105959.52163664764
-1707.39239120594,105959.55442755809
-1707.3535899234703,105959.59814877389
-1707.3244889635826,105959.63093968388
-1707.2856876840233,105959.67466089921
-1707.256586724543,105959.70745181013
-1707.2177854431793,105959.751173025
-1707.188503701298,105959.79504948435
-1707.159402742458,105959.82784039527
-1707.1206014619092,105959.87156160921
-1707.0915005034767,105959.90435252152
-1707.0526992258965,105959.94807373639
-1707.0235982679296,105959.9808646487
-1706.9847969884286,105960.0245858645
-1706.9556960308691,105960.05737677682
-1706.9264142909087,105960.10125323571
-1706.88779379474,105960.13388890354
-1706.8585120553034,105960.17776536336
-1706.8198915621033,105960.21040103165
-1706.7906098230742,105960.25427749334
-1706.7615088643506,105960.28706840472
-1706.7227075895062,105960.33078962052
-1706.6840870947344,105960.36342528928
-1706.654805356753,105960.40730175097
-1706.6160040827235,105960.4510229663
-1706.5869031274924,105960.48381388001
-1706.5576213902095,105960.5276903403
-1706.5190008967184,105960.56032601045
-1706.4897191599593,105960.60420247074
-1706.451098666992,105960.63683814136
-1706.4218169306987,105960.68071460165
-1706.3927159765735,105960.71350551443
-1706.3539147047559,105960.75722673116
-1706.3248137511546,105960.79001764534
-1706.2860124774743,105960.83373886393
-1706.2567307424033,105960.87761532515
-1706.218110251124,105960.91025099577
-1706.1888285164605,105960.954127457
-1706.1597275638487,105960.9869183707
-1706.120926293952,105961.03063958976
-1706.0918253418058,105961.06343050394
-1706.0530240701046,105961.10715172207
-1706.0239231182495,105961.13994263671
-1705.9851218471304,105961.1836638553
-1705.9558401141549,105961.22754031792
-1705.9172196275322,105961.26017598901
-1705.8879378950805,105961.30405245116
-1705.8588369443314,105961.3368433658
-1705.820035674551,105961.3805645858
-1705.7909347242094,105961.4133554995
-1705.752133455011,105961.4570767209
-1705.7228517237236,105961.50095318304
-1705.684231238789,105961.533588856
-1705.6549495080253,105961.57746531721
-1705.6258485587896,105961.61025623279
-1705.58704729093,105961.65397745464
-1705.557765560865,105961.69785391819
-1705.5191450747661,105961.73048959067
-1705.4898633451667,105961.77436605422
-1705.4607623969205,105961.80715696933
-1705.4219611329609,105961.85087819025
-1705.3831598667894,105961.89459941117
-1705.3540589191834,105961.92739032628
-1705.315257653594,105961.97111154813
-1705.286156706512,105962.00390246371
-1705.2568749785423,105962.04777892819
-1705.2180737162707,105962.09150015004
-1705.1889727697126,105962.12429106608
-1705.1501715055201,105962.16801228886
-1705.1210705593694,105962.20080320444
-1705.0917888326803,105962.24467966799
-1705.0529875693028,105962.28840089124
-1705.0238866237924,105962.32119180821
-1704.9850853634416,105962.36491302913
-1704.955803637742,105962.40878949594
-1704.9171831561252,105962.44142516982
-1704.8879014308914,105962.4853016357
-1704.8588004864287,105962.5180925522
-1704.8199992250302,105962.56181377405
-1704.7907175004948,105962.605690239
-1704.7520970224869,105962.63832591427
-1704.7228152985335,105962.68220238201
-1704.6840140381828,105962.72592360387
-1704.6549130950589,105962.75871452177
-1704.6161118353484,105962.80243574549
-1704.5868301123264,105962.84631221136
-1704.5482096358319,105962.87894788664
-1704.5189279133338,105962.92282435298
-1704.4803074348602,105962.95546002872
-1704.4510257128277,105962.99933649553
-1704.4217439909698,105963.04321296234
-1704.3831235133111,105963.07584863855
-1704.3538417920936,105963.11972510349
-1704.3150405372726,105963.16344632907
-1704.2859395963605,105963.1962372479
-1704.2471383397933,105963.23995847208
-1704.2178566194489,105963.28383493889
-1704.1885748993373,105963.3277114057
-1704.1499544234248,105963.3603470833
-1704.120672703837,105963.40422355011
-1704.0818714510533,105963.44794477569
-1704.0432509783423,105963.48058045283
-1704.0139692570665,105963.52445692103
-1703.98468753841,105963.56833338737
-1703.9460670663975,105963.60096906498
-1703.9167853458785,105963.64484553272
-1703.8779840947827,105963.68856675923
-1703.8488831566647,105963.721357679
-1703.810081906151,105963.7650789055
-1703.7808001866215,105963.80895537371
-1703.7516992491437,105963.84174629301
-1703.7128979970585,105963.88546751998
-1703.6836162806721,105963.92934398912
-1703.6448150315555,105963.97306521423
-1703.6157140949508,105964.00585613493
-1703.5769128464162,105964.04957736237
-1703.5476311285747,105964.09345383197
-1703.5185301925521,105964.1262447522
-1703.4797289425042,105964.16996597871
-1703.4504472277476,105964.21384244785
-1703.4118267597514,105964.24647812638
-1703.382545045577,105964.29035459599
-1703.3437437990215,105964.33407582482
-1703.3144620829262,105964.37795229303
-1703.2758416158613,105964.41058797296
-1703.2465599002317,105964.45446444303
-1703.2077586572268,105964.49818567187
-1703.1786577209714,105964.53097659303
-1703.139856476162,105964.57469782187
-1703.1105747639085,105964.61857429054
-1703.0812930495013,105964.66245076014
-1703.0426725842408,105964.69508644147
-1703.0133908702992,105964.73896291154
-1702.9745896268869,105964.78268414037
-1702.9454886945896,105964.81547506247
-1702.916206983733,105964.85935153114
-1702.8774057411356,105964.9030727609
-1702.8481240285328,105964.94694923284
-1702.8095035649603,105964.97958491417
-1702.780221852765,105965.0234613847
-1702.74142061139,105965.06718261354
-1702.7121389020467,105965.11105908453
-1702.6735184395802,105965.1436947668
-1702.6442367283744,105965.18757123733
-1702.605435488047,105965.23129246803
-1702.576334558078,105965.26408339059
-1702.5470528475707,105965.30795986159
-1702.5082516081166,105965.35168109229
-1702.4789699005778,105965.39555756515
-1702.4403494398575,105965.42819324741
-1702.4110677302815,105965.47206971887
-1702.3722664919915,105965.51579094911
-1702.3429847854422,105965.5596674215
-1702.3138838546583,105965.59245834593
-1702.2750826172996,105965.63617957616
-1702.245800911449,105965.68005604809
-1702.2069996745558,105965.72377727972
-1702.1778987447033,105965.75656820368
-1702.148617039551,105965.80044467561
-1702.1098158034729,105965.84416590817
-1702.0807148742024,105965.87695683166
-1702.0419136387063,105965.92067806423
-1702.0126319346018,105965.96455453616
-1701.9738306996878,105966.00827576919
-1701.9447297713486,105966.04106669361
-1701.9059285369003,105966.08478792757
-1701.8766468338436,105966.1286643995
-1701.8378456000937,105966.17238563113
-1701.8087446725694,105966.20517655602
-1701.7794629700948,105966.24905303027
-1701.740661737218,105966.2927742647
-1701.711380032939,105966.33665073616
-1701.6727595779812,105966.36928642215
-1701.6434778741095,105966.41316289548
-1701.6046766447835,105966.45688412944
-1701.5753949413775,105966.50076060323
-1701.5462940180441,105966.53355152858
-1701.5074927870883,105966.57727276115
-1701.478211084439,105966.62114923727
-1701.4394098541234,105966.6648704717
-1701.4103089291602,105966.69766139658
-1701.3715077018132,105966.74138263194
-1701.3422260001535,105966.7852591048
-1701.303424771002,105966.82898033969
-1701.2743238492403,105966.86177126691
-1701.2355226182844,105966.90549250087
-1701.2062409200007,105966.94936897652
-1701.1674396919552,105966.99309021141
-1701.138338771183,105967.02588113723
-1701.1090570712695,105967.06975761196
-1701.070255844039,105967.11347884871
-1701.0409741470357,105967.15735532204
-1701.0023536947556,105967.18999100989
-1700.9730719983345,105967.23386748601
-1700.934270772268,105967.2775887223
-1700.904989073868,105967.32146519702
-1700.8663686249638,105967.3541008858
-1700.8370869295322,105967.39797736052
-1700.807805234217,105967.44185383478
-1700.7690040071611,105967.48557507386
-1700.7399030888919,105967.51836600015
-1700.7011018648045,105967.5620872369
-1700.6623006386217,105967.60580847412
-1700.6330189446453,105967.64968494978
-1700.6039180272492,105967.68247587746
-1700.5651168018812,105967.72619711468
-1700.5358351086034,105967.7700735922
-1700.4970338862622,105967.81379482802
-1700.4677521935664,105967.857671306
-1700.4291317454772,105967.89030699525
-1700.399850053247,105967.93418347184
-1700.3610488296254,105967.97790470859
-1700.331767137919,105968.02178118611
-1700.3026662224438,105968.05457211472
-1700.2638650020817,105968.09829335287
-1700.2345833110157,105968.14216983039
-1700.1957820888492,105968.18589106807
-1700.1665003983653,105968.22976754513
-1700.1278799525462,105968.26240323577
-1700.0985982625862,105968.30627971375
-1700.0597970439703,105968.3500009533
-1700.030515354476,105968.39387742942
-1699.9918949097628,105968.42651312053
-1699.9626132206758,105968.47038959851
-1699.9238120032242,105968.51411083946
-1699.8945303122746,105968.55798731558
-1699.855729095405,105968.60170855513
-1699.8266281829565,105968.63449948514
-1699.7878269666107,105968.67822072608
-1699.758545276709,105968.72209720407
-1699.7197440609452,105968.76581844408
-1699.6906431469833,105968.79860937456
-1699.6613614601083,105968.84248585161
-1699.622560245276,105968.88620709442
-1699.5932785589248,105968.93008357147
-1699.5544773446745,105968.97380481195
-1699.5253764317022,105969.00659574242
-1699.486575218034,105969.0503169843
-1699.4572935302276,105969.09419346275
-1699.418492319528,105969.1379147037
-1699.389391407487,105969.17070563557
-1699.3505901949247,105969.21442687605
-1699.3213085106108,105969.25830335682
-1699.282507296186,105969.30202459777
-1699.2532256123377,105969.34590107715
-1699.21460517589,105969.37853677105
-1699.1853234926239,105969.42241325043
-1699.1465222793631,105969.46613449277
-1699.1172405965044,105969.51001097215
-1699.078439383884,105969.5537322145
-1699.0493384763831,105969.5865231459
-1699.010537266673,105969.63024438825
-1698.981255584862,105969.67412086995
-1698.9424543733476,105969.71784211136
-1698.9131726920605,105969.76171859214
-1698.8840717856074,105969.79450952401
-1698.845270574966,105969.83823076682
-1698.8159888943774,105969.88210724853
-1698.7771876867046,105969.92582849087
-1698.7479060066398,105969.96970497165
-1698.7092855715891,105970.00234066742
-1698.6704843647894,105970.04606191162
-1698.6412026830367,105970.08993839193
-1698.602401476819,105970.1336596352
-1698.573119798093,105970.17753611691
-1698.5344993667677,105970.21017181361
-1698.505217688391,105970.25404829439
-1698.4759360079188,105970.29792477656
-1698.4371348030982,105970.34164601984
-1698.4078531231498,105970.38552250108
-1698.369232693105,105970.41815819917
-1698.3399510160089,105970.46203467995
-1698.3011498124106,105970.50575592509
-1698.2718681334518,105970.54963240726
-1698.2330669303774,105970.59335365146
-1698.203785254329,105970.63723013364
-1698.1651648258558,105970.66986583127
-1698.1358831478283,105970.71374231437
-1698.097081945918,105970.75746355904
-1698.0678002708592,105970.80134004261
-1698.0289990671445,105970.84506128775
-1697.9998981663957,105970.87785222242
-1697.9610969656496,105970.92157346895
-1697.9318152915803,105970.96544995066
-1697.8930140889715,105971.00917119812
-1697.8637324154843,105971.05304768076
-1697.8249312134576,105971.0967689259
-1697.7958303140476,105971.1295598629
-1697.7570291150478,105971.1732811085
-1697.7277474424336,105971.21715759346
-1697.6889462416293,105971.26087883953
-1697.6596645695972,105971.30475532264
-1697.6210441451985,105971.33739102166
-1697.5917624711874,105971.3812675057
-1697.5529612739338,105971.42498875363
-1697.5236796028912,105971.46886523673
-1697.4943979320815,105971.5127417203
-1697.4555967332562,105971.55646296963
-1697.4264958361746,105971.58925390476
-1697.3876946379314,105971.6329751527
-1697.3584129681112,105971.6768516372
-1697.3196117728949,105971.72057288513
-1697.2808105779113,105971.76429413352
-1697.2515289089642,105971.80817061849
-1697.2129084852058,105971.84080631938
-1697.1836268166662,105971.88468280248
-1697.144825622905,105971.92840405228
-1697.1155439548893,105971.97228053678
-1697.0862622846616,105972.01615702128
-1697.0474610917736,105972.05987827107
-1697.0183601973113,105972.09266920807
-1696.9795590025606,105972.13639045833
-1696.950277335709,105972.1802669433
-1696.911476143985,105972.22398819216
-1696.8821944776573,105972.26786467759
-1696.843393284129,105972.31158592785
-1696.8141116183251,105972.35546241375
-1696.7754911979428,105972.3880981151
-1696.7462095326046,105972.43197460193
-1696.7074083426269,105972.4756958508
-1696.6781266778708,105972.51957233716
-1696.6393254859722,105972.56329358928
-1696.6005242969259,105972.60701483767
-1696.57124263054,105972.65089132497
-1696.5324414420174,105972.69461257663
-1696.5033405508148,105972.72740351409
-1696.4645393629326,105972.77112476528
-1696.4352576998645,105972.81500125211
-1696.3964565100614,105972.8587225033
-1696.3671748476336,105972.90259899013
-1696.3283736608573,105972.94632024132
-1696.2990919964504,105972.99019672815
-1696.2699911068194,105973.022987667
-1696.231189920858,105973.06670891959
-1696.2019082572078,105973.11058540596
-1696.1631070718868,105973.15430665808
-1696.1338254110888,105973.19818314584
-1696.0950242263498,105973.24190439843
-1696.0659233356128,105973.27469533868
-1696.0271221514558,105973.31841658987
-1695.9978404917056,105973.3622930781
-1695.959039305686,105973.40601433162
-1695.9202381224604,105973.44973558374
-1695.890956463525,105973.49361207196
-1695.8521552783786,105973.53733332502
-1695.822873619909,105973.58120981324
-1695.7840724378475,105973.62493106676
-1695.7549715490313,105973.65772200655
-1695.716170367552,105973.701443261
-1695.6868887100136,105973.74531974876
-1695.6480875291163,105973.78904100275
-1695.6188058697153,105973.8329174919
-1695.5800046894,105973.87663874589
-1695.5507230329677,105973.92051523412
-1695.5119218532345,105973.96423648903
-1695.482640194823,105974.00811297772
-1695.4440197870135,105974.0407486842
-1695.4147381316288,105974.08462517383
-1695.375936950557,105974.12834642828
-1695.346655295696,105974.17222291837
-1695.307854117651,105974.21594417281
-1695.2690529376268,105974.25966542773
-1695.2397712834063,105974.30354191782
-1695.2009701039642,105974.3472631732
-1695.1716884502675,105974.39113966236
-1695.132887273794,105974.43486091867
-1695.1037863916135,105974.46765186125
-1695.064985215664,105974.5113731157
-1695.026184037677,105974.55509437202
-1694.996902385261,105974.59897086304
-1694.9581012102426,105974.64269211842
-1694.9288195584086,105974.68656860851
-1694.8900183815276,105974.73028986622
-1694.8607367302175,105974.77416635584
-1694.8219355539768,105974.81788761262
-1694.7926539031323,105974.8617641041
-1694.754033500445,105974.89439981245
-1694.7247518501244,105974.93827630254
-1694.685950675048,105974.98199756071
-1694.647149502649,105975.02571881842
-1694.6178678506985,105975.06959530804
-1694.579066678998,105975.11331656622
-1694.5402655075304,105975.15703782486
-1694.5109838587232,105975.20091431448
-1694.4721826854511,105975.24463557312
-1694.4429010371678,105975.28851206554
-1694.4040998669807,105975.33223332325
-1694.3748182192212,105975.3761098152
-1694.336017047055,105975.41983107338
-1694.3067353998194,105975.4637075658
-1694.268114998471,105975.49634327646
-1694.2388333517592,105975.54021976748
-1694.200032183202,105975.58394102706
-1694.170750536956,105975.62781751854
-1694.131949369039,105975.67153877858
-1694.0931481990265,105975.71526003769
-1694.0638665535953,105975.75913652917
-1694.0250653865514,105975.80285778968
-1693.9957837391412,105975.84673428256
-1693.9569825727376,105975.89045554213
-1693.927700928296,105975.93433203455
-1693.888899760088,105975.97805329505
-1693.8500985945575,105976.02177455416
-1693.8208169509307,105976.06565104658
-1693.7820157835376,105976.10937230801
-1693.7527341403766,105976.1532488009
-1693.7139329761267,105976.19697006093
-1693.6751318121096,105976.24069132283
-1693.6460309368558,105976.27348226774
-1693.6072297734208,105976.31720352964
-1693.5779481315985,105976.36108002253
-1693.539146966301,105976.40480128396
-1693.5098653249443,105976.44867777731
-1693.4710641627316,105976.49239903875
-1693.4417825218989,105976.53627553303
-1693.4029813577654,105976.579996794
-1693.3736997174565,105976.62387328874
-1693.3348985539633,105976.66759455111
-1693.3056169141782,105976.711471044
-1693.2668157536536,105976.75519230636
-1693.2375341143925,105976.79906880157
-1693.1987329520634,105976.842790063
-1693.1599317925284,105976.8865113263
-1693.130650151521,105976.93038782058
-1693.0918489950127,105976.97410908295
-1693.0625673545874,105977.01798557816
-1693.0237661962165,105977.06170684146
-1692.9944845587015,105977.10558333667
-1692.9556833985262,105977.1493045995
-1692.926401761535,105977.19318109471
-1692.8876006043283,105977.23690235754
-1692.8583189678611,105977.28077885322
-1692.81951780885,105977.32450011792
-1692.7807166500716,105977.36822138075
-1692.7514350144193,105977.41209787736
-1692.712633858784,105977.45581914112
-1692.6833522235975,105977.4996956368
-1692.6445510684862,105977.5434169001
-1692.615269431495,105977.5872933967
-1692.5764682769077,105977.63101466093
-1692.547186640324,105977.67489115708
-1692.5083854864934,105977.71861242084
-1692.4695843328955,105977.76233368646
-1692.4403026995715,105977.806210184
-1692.4015015440527,105977.84993144777
-1692.3722199113108,105977.89380794531
-1692.333418758877,105977.93752921093
-1692.3041371265426,105977.98140570614
-1692.2653359723045,105978.02512697224
-1692.226534820802,105978.06884823879
-1692.1972531868378,105978.11272473447
-1692.1584520359756,105978.15644600103
-1692.1291704049218,105978.20032249903
-1692.0903692546417,105978.24404376419
-1692.0610876241699,105978.28792026266
-1692.0222864720272,105978.33164152829
-1691.9930048419628,105978.37551802583
-1691.954203692847,105978.41923929285
-1691.9249220609781,105978.4631157904
-1691.8861209124443,105978.50683705695
-1691.8568392834277,105978.55071355589
-1691.8180381330894,105978.59443482151
-1691.779236985487,105978.63815608947
-1691.7499553572852,105978.68203258887
-1691.7111542078783,105978.72575385403
-1691.672353061149,105978.76947512291
-1691.643071433762,105978.81335162045
-1691.604270287673,105978.85707288794
-1691.5749886583071,105978.90094938781
-1691.5361875128,105978.9446706553
-1691.506905886461,105978.9885471533
-1691.4681047390914,105979.03226842266
-1691.438823113218,105979.07614492066
-1691.400021968875,105979.11986618862
-1691.3707403435837,105979.16374268942
-1691.3321199646452,105979.19637840986
-1691.2933188212337,105979.24009967828
-1691.2640371941961,105979.28397617768
-1691.2252360513667,105979.3276974461
-1691.1959544272395,105979.37157394644
-1691.157153284992,105979.41529521532
-1691.127690891968,105979.47025726363
-1691.089070517337,105979.50289298454
-1691.0597888918128,105979.54676948441
-1691.0209877531743,105979.5904907547
-1690.9917061282322,105979.6343672541
-1690.952904987731,105979.67808852484
-1690.9236233656993,105979.72196502518
-1690.884822223452,105979.765686295
-1690.8555406018859,105979.8095627944
-1690.816739462607,105979.85328406654
-1690.787457841565,105979.89716056688
-1690.7486567004817,105979.94088183623
-1690.7098555596313,105979.98460310837
-1690.6805739394622,105980.02847960917
-1690.6417728016386,105980.07220087852
-1690.6124911819352,105980.11607738025
-1690.5736900447519,105980.1597986524
-1690.5444084231276,105980.20367515227
-1690.5151268041227,105980.24755165493
-1690.4765064318199,105980.28018737864
-1690.4375245294068,105980.33499419782
-1690.4082429112168,105980.37887069909
-1690.369441775838,105980.4225919703
-1690.3401601581136,105980.46646847343
-1690.3015397872077,105980.49910419714
-1690.272258169949,105980.54298070027
-1690.2334570357343,105980.58670197241
-1690.204175416613,105980.63057847321
-1690.1653742829803,105980.67429974675
-1690.1360926667694,105980.71817624988
-1690.097291531274,105980.76189752016
-1690.0680099156452,105980.80577402469
-1690.0292087831767,105980.84949529776
-1689.9999271680135,105980.8933717995
-1689.9611260337406,105980.93709307304
-1689.931844419043,105980.98096957523
-1689.8930432853522,105981.02469084924
-1689.8637616712367,105981.0685673519
-1689.8251413063845,105981.10120307747
-1689.7958596927347,105981.14507958153
-1689.7570585626527,105981.18880085554
-1689.727776947082,105981.23267735867
-1689.688975817524,105981.27639863268
-1689.659694202477,105981.32027513674
-1689.620893073501,105981.36399641121
-1689.591611461481,105981.4078729148
-1689.552810333087,105981.45159418881
-1689.523528719088,105981.4954706938
-1689.4847275913344,105981.53919196734
-1689.455445980304,105981.5830684714
-1689.4168256184785,105981.61570419837
-1689.387544005469,105981.6595807029
-1689.3487428788794,105981.70330197923
-1689.3194612687803,105981.74717848236
-1689.2901796565275,105981.79105498735
-1689.2513785307528,105981.83477626415
-1689.2220969214686,105981.87865276774
-1689.183295796276,105981.92237404454
-1689.1541949502425,105981.95516500063
-1689.1153938255738,105981.99888627697
-1689.0861122172792,105982.04276278196
-1689.0473110908642,105982.08648405876
-1689.0180294830352,105982.13036056282
-1688.979228359647,105982.17408183962
-1688.9499467522837,105982.21795834554
-1688.911145627033,105982.26167962234
-1688.8820447851904,105982.29447057936
-1688.8527631785837,105982.33834708435
-1688.813962054206,105982.38206836255
-1688.7846804481233,105982.42594486801
-1688.7458793267142,105982.46966614528
-1688.716597721097,105982.5135426512
-1688.6874968780903,105982.54633360961
-1688.6486957574962,105982.59005488735
-1688.619414152694,105982.63393139327
-1688.5806130302954,105982.67765267054
-1688.5513314259006,105982.72152917739
-1688.5220498194685,105982.76540568378
-1688.4834294648608,105982.79804141494
-1688.4541478612227,105982.84191792132
-1688.415346742724,105982.88563919906
-1688.3860651395516,105982.92951570638
-1688.3472640191903,105982.9732369855
-1688.3181631809566,105983.00602794439
-1688.279362063564,105983.04974922305
-1688.2500804590527,105983.0936257299
-1688.2207988571608,105983.13750223769
-1688.1819977406412,105983.18122351589
-1688.1528969034553,105983.21401447756
-1688.114095785073,105983.25773575576
-1688.084814184229,105983.30161226261
-1688.0555325811729,105983.34548877133
-1688.0169122300576,105983.37812450388
-1687.9876306299702,105983.42200101027
-1687.9583490299992,105983.46587751852
-1687.9195479156915,105983.50959879858
-1687.890447077807,105983.54238975886
-1687.8516459641396,105983.58611103939
-1687.8223643627716,105983.62998754764
-1687.7930827641394,105983.67386405589
-1687.7544624150614,105983.70649978891
-1687.7251808168367,105983.75037629623
-1687.686379704508,105983.79409757815
-1687.6570981044788,105983.83797408687
-1687.6279972706689,105983.87076504715
-1687.5891961567686,105983.91448632814
-1687.5599145598244,105983.95836283872
-1687.5308137265965,105983.99115379993
-1687.492012616014,105984.03487508046
-1687.4627310197102,105984.07875158917
-1687.4334494213108,105984.12262809882
-1687.3948290749686,105984.1552638323
-1687.3655474794796,105984.19914034195
-1687.3362658816623,105984.24301685067
-1687.297645536135,105984.27565258555
-1687.2683639413444,105984.31952909473
-1687.239082344342,105984.36340560485
-1687.2004619995132,105984.3960413388
-1687.1711804054212,105984.43991784938
-1687.141898811562,105984.48379436089
-1687.103278464987,105984.5164300953
-1687.0739968716516,105984.56030660402
-1687.035195764969,105984.60402788734
-1687.0059141696547,105984.64790439885
-1686.976813340094,105984.68069536053
-1686.9475317476317,105984.72457187157
-1686.9087306420552,105984.7682931535
-1686.8796298130183,105984.80108411657
-1686.8503482189262,105984.84496062761
-1686.8115471141646,105984.88868191186
-1686.7824462858262,105984.92147287494
-1686.7531646924326,105984.96534938645
-1686.7143635884277,105985.0090706693
-1686.6852627607295,105985.04186163377
-1686.6559811680927,105985.08573814295
-1686.6173608276877,105985.11837388016
-1686.5880792378448,105985.16225039121
-1686.558797648293,105985.20612690365
-1686.5296968215844,105985.23891786812
-1686.4908957170555,105985.28263915237
-1686.4616141283186,105985.32651566295
-1686.432513302192,105985.35930662835
-1686.3937121986528,105985.4030279126
-1686.364430610498,105985.44690442551
-1686.335329782567,105985.47969538951
-1686.3060481948778,105985.52357190102
-1686.267247094831,105985.56729318667
-1686.2381462699268,105985.60008415114
-1686.2088646830525,105985.64396066405
-1686.1700635813759,105985.68768194923
-1686.1409627571702,105985.7204729137
-1686.1116811709362,105985.76434942661
-1686.0825803470798,105985.79714039201
-1686.0437792464509,105985.84086167719
-1686.0144976609154,105985.88473819103
-1685.9853968353127,105985.91752915643
-1685.9561152502429,105985.96140566748
-1685.9173141531646,105986.00512695545
-1685.8882133305888,105986.03791792132
-1685.8589317462174,105986.08179443423
-1685.8203114095377,105986.1144301733
-1685.791029825632,105986.1583066876
-1685.7617482419591,105986.20218320005
-1685.7326474203728,105986.23497416684
-1685.693846322829,105986.27869545389
-1685.66474550165,105986.31148641836
-1685.6354639164638,105986.35536293313
-1685.6061823340133,105986.3992394479
-1685.567562001641,105986.43187518744
-1685.538280419656,105986.47575170081
-1685.5091795994667,105986.50854266761
-1685.4798980155028,105986.55241918191
-1685.4410969225573,105986.59614047036
-1685.4119961030083,105986.62893143622
-1685.3827145221876,105986.67280795099
-1685.3536137006013,105986.70559891732
-1685.3148126087035,105986.7493202067
-1685.2857117875246,105986.78211117396
-1685.2564302076353,105986.82598768827
-1685.2271486279787,105986.86986420257
-1685.1885282984586,105986.90249994397
-1685.1592467192677,105986.94637645921
-1685.1301458991366,105986.97916742647
-1685.1008643204113,105987.02304394124
-1685.0717635030742,105987.05583490897
-1685.0329624111764,105987.09955619788
-1685.0036808331497,105987.14343271544
-1684.9745800164528,105987.17622368131
-1684.9452984388336,105987.22010019701
-1684.9066781089641,105987.25273593934
-1684.8773965319851,105987.29661245504
-1684.8482957161032,105987.32940342324
-1684.8190141369705,105987.37327993894
-1684.789913321496,105987.40607090713
-1684.7511122344295,105987.44979219697
-1684.722011419246,105987.48258316563
-1684.6927298435476,105987.5264596818
-1684.663629026385,105987.55925065
-1684.6343474511523,105987.60312716663
-1684.595727126114,105987.63576291082
-1684.5664455489023,105987.67963942699
-1684.5373447349411,105987.71243039565
-1684.5080631605815,105987.75630691228
-1684.478781586513,105987.80018342845
-1684.4401612601941,105987.83281917358
-1684.4108796865912,105987.87669569021
-1684.3817788712913,105987.9094866598
-1684.3524972980376,105987.95336317504
-1684.3233964855317,105987.98615414463
-1684.2845954024815,105988.02987543726
-1684.2554945903248,105988.06266640592
-1684.2262130156741,105988.10654292442
-1684.197112203925,105988.13933389448
-1684.1680113924667,105988.17212486314
-1684.1387298207846,105988.2160013807
-1684.1001094970852,105988.24863712583
-1684.0708279259852,105988.29251364386
-1684.0417271152255,105988.32530461345
-1684.012445544533,105988.36918113148
-1683.983344731736,105988.401972102
-1683.954063161509,105988.44584862003
-1683.9154428392649,105988.47848436516
-1683.8861612695036,105988.52236088412
-1683.857060459908,105988.55515185371
-1683.8277788906125,105988.5990283722
-1683.798678079038,105988.6318193432
-1683.7693965100916,105988.67569586076
-1683.730776191689,105988.70833160821
-1683.7014946233248,105988.75220812624
-1683.6723938148934,105988.7849990977
-1683.6431122445501,105988.8288756162
-1683.6140114365844,105988.86166658718
-1683.584729869035,105988.90554310661
-1683.5461095520295,105988.9381788536
-1683.5168279825593,105988.98205537256
-1683.4877271753503,105989.01484634308
-1683.458626368316,105989.047637315
-1683.4293448020471,105989.09151383396
-1683.4002439929754,105989.12430480588
-1683.370962427056,105989.16818132624
-1683.3418616208364,105989.20097229676
-1683.3030605437234,105989.24469359312
-1683.2739597379114,105989.27748456551
-1683.2446781729232,105989.32136108493
-1683.2155773650738,105989.35415205639
-1683.1864765598439,105989.38694302831
-1683.157194995496,105989.43081954913
-1683.1280941906152,105989.46361052059
-1683.0892931177514,105989.50733181788
-1683.0601923109498,105989.5401227898
-1683.030910747475,105989.58399931062
-1683.0018099434092,105989.616790283
-1682.9725283804582,105989.66066680383
-1682.9434275743552,105989.69345777621
-1682.9143267708714,105989.7262487486
-1682.8850452085026,105989.77012526942
-1682.8464248943492,105989.80276101921
-1682.817143332446,105989.84663753957
-1682.7880425298354,105989.87942851288
-1682.758760968456,105989.92330503417
-1682.7296601636917,105989.95609600749
-1682.7005593615468,105989.98888698034
-1682.6712778008077,105990.03276350303
-1682.6421769990702,105990.06555447588
-1682.6033759279526,105990.1092757727
-1682.5742751266807,105990.14206674788
-1682.5449935668148,105990.18594326824
-1682.5158927634475,105990.21873424342
-1682.4867919626995,105990.25152521627
-1682.457510403532,105990.29540173849
-1682.4284096031915,105990.32819271227
-1682.3991280419286,105990.3720692345
-1682.3605077339453,105990.40470498521
-1682.331226175651,105990.4485815079
-1682.3021253760671,105990.48137248168
-1682.2730245767161,105990.51416345639
-1682.2437430166174,105990.55803997815
-1682.2146422176738,105990.59083095333
-1682.1853606604855,105990.63470747508
-1682.1562598594464,105990.66749845026
-1682.1271590610268,105990.70028942544
-1682.0978775045369,105990.74416594813
-1682.0687767064665,105990.7769569233
-1682.0299756402383,105990.82067822292
-1682.0008748426335,105990.85346919764
-1681.9717740452033,105990.88626017328
-1681.9424924898194,105990.93013669644
-1681.913391690352,105990.96292767208
-1681.8842908934457,105990.99571864726
-1681.855009338702,105991.03959516902
-1681.8259085422033,105991.07238614606
-1681.7966269854805,105991.11626266921
-1681.767526189331,105991.14905364532
-1681.7384253934142,105991.18184462143
-1681.6996243300382,105991.22556592245
-1681.670523534529,105991.25835689856
-1681.641241981415,105991.30223342218
-1681.6121411838103,105991.33502439829
-1681.583040388883,105991.36781537486
-1681.5537588363513,105991.41169189755
-1681.5246580417734,105991.44448287506
-1681.4955572449835,105991.47727385117
-1681.4662756931502,105991.52115037525
-1681.4371748990961,105991.55394135276
-1681.4078933476703,105991.59781787638
-1681.3787925516372,105991.63060885249
-1681.3496917582816,105991.6633998286
-1681.3108907005517,105991.70712113334
-1681.2817899076035,105991.73991210992
-1681.2526891147136,105991.77270308603
-1681.22340756224,105991.81657961197
-1681.1943067697575,105991.84937058808
-1681.1652059775079,105991.88216156512
-1681.1359244280611,105991.92603809014
-1681.1068236337742,105991.95882906718
-1681.0777228419902,105991.99162004469
-1681.048441293242,105992.0354965711
-1681.0193405019236,105992.06828754861
-1680.9902397083351,105992.10107852565
-1680.9609581602272,105992.1449550516
-1680.931857369491,105992.17774602864
-1680.9027565788128,105992.21053700661
-1680.8734750289586,105992.25441353349
-1680.8443742387462,105992.28720451007
-1680.8152734487667,105992.3199954899
-1680.7859919019393,105992.36387201585
-1680.7473716036184,105992.39650777122
-1680.7182708141627,105992.42929875059
-1680.6889892680338,105992.47317527747
-1680.659888476599,105992.50596625544
-1680.6307876877254,105992.53875723435
-1680.601506142295,105992.58263376029
-1680.5724053537706,105992.6154247392
-1680.5433045630925,105992.64821571764
-1680.514023018186,105992.69209224451
-1680.48492223036,105992.72488322388
-1680.4558214426506,105992.75767420186
-1680.4265398959396,105992.80155073013
-1680.3974391085794,105992.83434170997
-1680.368338321452,105992.86713268887
-1680.3390567778843,105992.91100921528
-1680.3099559887196,105992.94380019419
-1680.280855202116,105992.97659117449
-1680.2517544156872,105993.00938215433
-1680.2224728730507,105993.05325868027
-1680.1933720845846,105993.08604966057
-1680.1642712986795,105993.11884064041
-1680.1349897566251,105993.16271716775
-1680.1058889711858,105993.19550814806
-1680.0767881835345,105993.22829912882
-1680.0475066421204,105993.2721756557
-1680.0184058571467,105993.30496663554
-1679.989305072464,105993.3377576163
-1679.9600235293037,105993.38163414504
-1679.930922744912,105993.41442512535
-1679.9018219608115,105993.44721610565
-1679.8727211768273,105993.48000708502
-1679.8434396345401,105993.52388361469
-1679.8143388509052,105993.55667459499
-1679.785238067503,105993.58946557622
-1679.7559565283009,105993.63334210403
-1679.7268557428615,105993.6661330848
-1679.697754959925,105993.6989240651
-1679.6686541772797,105993.73171504773
-1679.6393726388924,105993.77559157554
-1679.6102718542097,105993.80838255677
-1679.5811710720882,105993.84117353894
-1679.5520702901995,105993.8739645197
-1679.5227887526853,105993.91784104891
-1679.4936879687011,105993.95063203014
-1679.464587187278,105993.98342301277
-1679.4354864060879,105994.01621399308
-1679.406204869505,105994.06009052228
-1679.3771040862193,105994.09288150445
-1679.3480033056112,105994.12567248708
-1679.3189025251777,105994.15846346831
-1679.2896209893515,105994.20233999845
-1679.2605202068808,105994.23513098154
-1679.2314194269711,105994.26792196278
-1679.2023186472943,105994.30071294447
-1679.1730371123413,105994.34458947601
-1679.143936330569,105994.3773804577
-1679.1148355514742,105994.41017144034
-1679.085734772496,105994.4429624225
-1679.056453238416,105994.48683895264
-1679.0273524574004,105994.5196299348
-1678.9982516790042,105994.55242091836
-1678.9691509008408,105994.58521190053
-1678.9398693675175,105994.62908843206
-1678.9107685873169,105994.66187941516
-1678.8816678096773,105994.69467039779
-1678.8525670322124,105994.72746138182
-1678.8232854998205,105994.77133791195
-1678.79418472026,105994.80412889551
-1678.7650839434355,105994.83691987814
-1678.735983166669,105994.86971086264
-1678.7067016351502,105994.91358739324
-1678.6776008564048,105994.94637837633
-1678.6485000802204,105994.9791693613
-1678.6193993042689,105995.01196034439
-1678.5902985283756,105995.04475132795
-1678.5610169955762,105995.08862785855
-1678.5319162200904,105995.12141884258
-1678.5028154448373,105995.1542098266
-1678.4737146673724,105995.18700081017
-1678.4444331377745,105995.2308773445
-1678.4153323631035,105995.26366832806
-1678.3957510921173,105995.29661453143
-1678.3666503177956,105995.32940551592
-1678.3375495411456,105995.36219650041
-1678.3082680125954,105995.40607303381
-1678.2791672387975,105995.43886401784
-1678.2500664651743,105995.47165500186
-1678.220965689281,105995.50444598729
-1678.1918649160652,105995.53723697178
-1678.162764142966,105995.57002795581
-1678.1334826156963,105995.61390449014
-1678.1043818406179,105995.64669547463
-1678.0752810681006,105995.67948645912
-1678.046180295758,105995.71227744455
-1678.017079521087,105995.7450684295
-1677.9877979949233,105995.78894496197
-1677.958697223221,105995.82173594832
-1677.939115954563,105995.85468215356
-1677.9100151806488,105995.88747313945
-1677.880914409412,105995.9202641244
-1677.8516328841797,105995.96414065687
-1677.8225321109057,105995.99693164323
-1677.7934313402511,105996.02972262865
-1677.7643305696547,105996.06251361454
-1677.7352297993493,105996.0953046009
-1677.7061290267739,105996.12809558772
-1677.676847502822,105996.17197212111
-1677.6477467330405,105996.204763107
-1677.6186459634337,105996.23755409336
-1677.589545191615,105996.27034507971
-1677.5604444223573,105996.30313606607
-1677.5406824019738,105996.34716781834
-1677.5115816331236,105996.37995880516
-1677.4824808643898,105996.41274979291
-1677.4533800958889,105996.4455407788
-1677.4242793250596,105996.47833176516
-1677.3951785569661,105996.51112275245
-1677.3658970352844,105996.55499928677
-1677.3367962675402,105996.5877902736
-1677.3076954974676,105996.62058126042
-1677.2785947300727,105996.65337224817
-1677.249493962794,105996.68616323452
-1677.2203931957483,105996.71895422181
-1677.1911116729025,105996.762830758
-1677.171530408319,105996.7957769637
-1677.1424296417972,105996.82856795052
-1677.11332887545,105996.86135893734
-1677.0842281068326,105996.89414992649
-1677.0551273408346,105996.92694091424
-1677.0260265750112,105996.959731902
-1676.9967450561235,105997.00360843772
-1676.9676442882046,105997.03639942547
-1676.9385435229633,105997.06919041369
-1676.9094427578384,105997.10198140098
-1676.8803419929463,105997.13477239013
-1676.8512412258424,105997.16756337788
-1676.8316599630052,105997.20050958404
-1676.8025591985788,105997.23330057226
-1676.7732776788762,105997.27717710845
-1676.744176914799,105997.30996809667
-1676.7150761510711,105997.34275908582
-1676.6859753873432,105997.3755500745
-1676.6568746215198,105997.40834106319
-1676.6277738581994,105997.44113205187
-1676.5986730951117,105997.47392304009
-1676.569391579309,105997.51779957674
-1676.540290814126,105997.55059056543
-1676.520709555305,105997.58353677299
-1676.4916087905294,105997.61632776214
-1676.4625080282567,105997.64911875175
-1676.433407266275,105997.68190974044
-1676.4043065043516,105997.71470073005
-1676.3752057402162,105997.7474917192
-1676.3459242261015,105997.79136825725
-1676.3168234648183,105997.8241592464
-1676.2877227012068,105997.85695023602
-1676.2681414413964,105997.88989644405
-1676.239040680579,105997.9226874332
-1676.209939919936,105997.9554784242
-1676.1808391594677,105997.98826941289
-1676.1517383967876,105998.02106040344
-1676.1226376367267,105998.05385139352
-1676.0933561244165,105998.09772793017
-1676.0642553647049,105998.13051892119
-1676.0446741035557,105998.16346512875
-1676.0155733441934,105998.19625611929
-1675.9864725850057,105998.22904710937
-1675.957371823606,105998.26183809945
-1675.9282710647094,105998.29462909093
-1675.8991703060456,105998.32742008148
-1675.8700695475563,105998.36021107202
-1675.8409687868552,105998.39300206257
-1675.8213875292568,105998.42594827106
-1675.7921060192166,105998.46982481005
-1675.7630052614259,105998.50261580013
-1675.733904503868,105998.53540679207
-1675.7048037439818,105998.56819778355
-1675.675702986773,105998.6009887741
-1675.656121730106,105998.63393498352
-1675.6270209732465,105998.66672597453
-1675.5979202140006,105998.69951696601
-1675.5688194574323,105998.73230795702
-1675.539718701155,105998.76509894896
-1675.510617944994,105998.7978899409
-1675.491036686697,105998.83083614893
-1675.461935930769,105998.86362714134
-1675.4328351750737,105998.89641813282
-1675.4037344171666,105998.92920912523
-1675.3746336618788,105998.96200011624
-1675.3455329067074,105998.99479110818
-1675.3259516517865,105999.02773731854
-1675.296850896906,105999.06052830955
-1675.2677501422586,105999.0933193015
-1675.238649385341,105999.12611029344
-1675.219068130944,105999.15905650379
-1675.1899673768203,105999.1918474962
-1675.160866622813,105999.22463848814
-1675.1317658666521,105999.25742948009
-1675.1026651130524,105999.29022047436
-1675.0830838592956,105999.32316668332
-1675.0539831036003,105999.35595767526
-1675.0248823504662,105999.3887486686
-1674.9957815976231,105999.4215396624
-1674.9666808448965,105999.45433065481
-1674.9470995918382,105999.48727686377
-1674.9179988394026,105999.52006785711
-1674.888898084755,105999.55285885138
-1674.8597973326687,105999.58564984426
-1674.840216080309,105999.61859605415
-1674.8111153285718,105999.65138704702
-1674.7820145746227,105999.68417804176
-1674.7530945743201,105999.7058834862
-1674.7239938230487,105999.73867448
-1674.7044125688262,105999.77162068989
-1674.6753118179622,105999.80441168463
-1674.6462110672728,105999.83720267797
-1674.617110316758,105999.86999367177
-1674.5975290655042,105999.9029398826
-1674.5684283153387,105999.93573087687
-1674.539327562903,105999.9685218702
-1674.5102268130286,106000.00131286448
-1674.4906455623568,106000.03425907483
-1674.4615448128316,106000.06705006957
-1674.4324440610362,106000.09984106431
-1674.4033433118602,106000.13263205765
-1674.3839428125648,106000.1544927205
-1674.354842061235,106000.18728371523
-1674.3257413125248,106000.22007471044
-1674.3061600627843,106000.25302092079
-1674.2770593144814,106000.28581191553
-1674.247958566295,106000.31860291027
-1674.2188578182831,106000.351393905
-1674.1992765667383,106000.38434011675
-1674.1701758190175,106000.41713111103
-1674.1412558220327,106000.43883655965
-1674.121674570837,106000.47178277001
-1674.0925738236401,106000.50457376428
-1674.0634730766178,106000.53736476041
-1674.0438918282744,106000.57031097123
-1674.0147910816013,106000.60310196644
-1673.9858710829867,106000.6248074146
-1673.9567703366047,106000.65759840934
-1673.937189088785,106000.69054462202
-1673.9080883427523,106000.72333561769
-1673.8789875968941,106000.75612661336
-1673.8594063471537,106000.78907282464
-1673.8304863517405,106000.8107782742
-1673.801385606348,106000.84356926894
-1673.7818043594016,106000.87651548022
-1673.7527036119718,106000.90930647682
-1673.7236028669868,106000.94209747342
-1673.6946828723885,106000.96380292205
-1673.675101625966,106000.99674913334
-1673.6460008791182,106001.02954012947
-1673.6264196329284,106001.06248634215
-1673.5973188888747,106001.09527733875
-1673.5682181449374,106001.12806833535
-1673.5488176490762,106001.1499289982
-1673.5197169031017,106001.1827199962
-1673.49061615963,106001.21551099187
-1673.4710349142551,106001.24845720408
-1673.4421149209957,106001.27016265364
-1673.4130141756032,106001.30295365024
-1673.3934329305775,106001.33589986386
-1673.3643321880372,106001.36869086046
-1673.344931692991,106001.39055152563
-1673.3158309506834,106001.4233425213
-1673.2867302061059,106001.45613351976
-1673.2671489617787,106001.48907973198
-1673.238228969567,106001.51078518154
-1673.2091282278998,106001.5435761786
-1673.1895469815936,106001.57652239269
-1673.1604462402174,106001.60931338929
-1673.1410457461025,106001.63117405493
-1673.1119450050173,106001.66396505153
-1673.0923637616215,106001.69691126514
-1673.063263018441,106001.72970226267
-1673.0343430273351,106001.75140771316
-1673.0147617843468,106001.78435392585
-1672.9856610416318,106001.81714492477
-1672.9567410509335,106001.83885037526
-1672.9371598082944,106001.87179658795
-1672.908059068548,106001.90458758501
-1672.8884778262,106001.9375337977
-1672.8595578359673,106001.95923925098
-1672.8304570942419,106001.99203024944
-1672.810875852243,106002.02497646213
-1672.7819558625342,106002.04668191215
-1672.7623746207682,106002.0796281267
-1672.7332738821278,106002.11241912562
-1672.7138733873144,106002.1342797908
-1672.684772648965,106002.16707078973
-1672.655671910732,106002.19986178819
-1672.6362714162678,106002.22172245476
-1672.6071706783841,106002.25451345369
-1672.5877701865975,106002.27637411887
-1672.5586694489466,106002.30916511733
-1672.539088208403,106002.34211133234
-1672.510168220033,106002.36381678423
-1672.4810674805194,106002.39660778269
-1672.4614862403832,106002.4295539977
-1672.4325662523042,106002.45125944912
-1672.412985012401,106002.48420566367
-1672.3838842759142,106002.51699666167
-1672.3644837826141,106002.5388573287
-1672.3353830464184,106002.57164832763
-1672.3062823103974,106002.60443932842
-1672.2868818173883,106002.626299995
-1672.2577810816583,106002.65909099346
-1672.2383805912104,106002.68095166143
-1672.2092798558297,106002.71374266129
-1672.1896986170905,106002.7466888763
-1672.1607786305249,106002.76839432772
-1672.1411973895156,106002.80134054273
-1672.1122774032992,106002.82304599462
-1672.0926961649675,106002.8559922101
-1672.0635954304598,106002.88878320996
-1672.044194940885,106002.91064387746
-1672.0150942042237,106002.94343487732
-1671.9861742185894,106002.96514033014
-1671.9665929810144,106002.99808654469
-1671.9376729931682,106003.01979199843
-1671.9180917557678,106003.05273821251
-1671.888991022366,106003.08552921424
-1671.8695905334898,106003.10738988174
-1671.840489800321,106003.14018088207
-1671.821089309291,106003.16204154864
-1671.7919885764131,106003.19483254943
-1671.7725880879443,106003.21669321787
-1671.7434873554157,106003.24948421912
-1671.7145673711784,106003.2711896724
-1671.6949861324974,106003.30413588788
-1671.6660661485512,106003.32584134024
-1671.6464849124895,106003.35878755711
-1671.6270844246028,106003.38064822415
-1671.5979836930055,106003.41343922634
-1671.5785832029069,106003.4352998943
-1671.5494824715424,106003.46809089603
-1671.5300819840631,106003.48995156353
-1671.5009812529897,106003.52274256665
-1671.481580765685,106003.5446032323
-1671.4524800325744,106003.57739423448
-1671.4235600498505,106003.59909969056
-1671.4039788150694,106003.6320459051
-1671.3750588325202,106003.65375136072
-1671.3554775955854,106003.68669757526
-1671.3265576133272,106003.70840302948
-1671.3069763790118,106003.74134924635
-1671.2780563970446,106003.7630547001
-1671.2584751630202,106003.79600091651
-1671.229555178783,106003.81770637119
-1671.2101546926424,106003.8395670401
-1671.1810539634898,106003.87235804228
-1671.161653477524,106003.89421871118
-1671.1420722440816,106003.92716492666
-1671.1131522605428,106003.9488703818
-1671.0935710272752,106003.98181659868
-1671.064651046414,106004.00352205336
-1671.0452505609137,106004.0253827218
-1671.0161498327507,106004.05817372492
-1670.9872298498522,106004.07987918006
-1670.967648617283,106004.1128253974
-1670.938728637062,106004.13453085301
-1670.9193281495245,106004.15639152145
-1670.8902274222346,106004.18918252457
-1670.8708269374329,106004.2110431944
-1670.8417262103176,106004.24383419845
-1670.8223257258069,106004.26569486596
-1670.793405746168,106004.28740032297
-1670.7738245121436,106004.32034653937
-1670.7544240278075,106004.34220720828
-1670.725323301449,106004.37499821326
-1670.7059228173457,106004.3968588817
-1670.677002838347,106004.41856433777
-1670.6574216049048,106004.45151055558
-1670.6285016261972,106004.47321601212
-1670.6091011425015,106004.49507668102
-1670.5800004169578,106004.52786768507
-1670.5605999333784,106004.54972835444
-1670.5314992057974,106004.58251935896
-1670.512098722451,106004.60438002739
-1670.4831787444418,106004.62608548487
-1670.4635975144338,106004.65903170267
-1670.4346775366575,106004.68073715921
-1670.4152770512737,106004.70259782765
-1670.3861763269524,106004.7353888331
-1670.3667758441297,106004.7572495034
-1670.3378558644326,106004.77895495994
-1670.3182746375678,106004.81190117775
-1670.2893546581035,106004.83360663475
-1670.2699541756883,106004.85546730645
-1670.2410341989016,106004.87717276253
-1670.221452967613,106004.91011897987
-1670.1925329910591,106004.93182443781
-1670.1731325091096,106004.9536851081
-1670.15373202716,106004.97554577701
-1670.124631304352,106005.00833678385
-1670.1052308201906,106005.03019745322
-1670.0763108441606,106005.05190291116
-1670.0569103626767,106005.07376358146
-1670.0278096404509,106005.10655458784
-1670.0084091590834,106005.12841525767
-1669.9794891835772,106005.15012071561
-1669.9600886999397,106005.17198138591
-1669.930987978354,106005.20477239182
-1669.9115874973359,106005.22663306259
-1669.8826675222954,106005.24833852192
-1669.8632670414518,106005.27019919176
-1669.8341663179453,106005.30299019814
-1669.8147658373928,106005.32485086797
-1669.7858458627597,106005.34655632684
-1669.7664453823818,106005.36841699807
-1669.737525405595,106005.39012245648
-1669.717944179196,106005.42306867475
-1669.6890242050868,106005.44477413362
-1669.669623725058,106005.46663480485
-1669.6502232450875,106005.48849547561
-1669.621303268883,106005.51020093542
-1669.601722043124,106005.54314715415
-1669.5728020695387,106005.56485261302
-1669.5534015899757,106005.58671328239
-1669.5244816142367,106005.60841874266
-1669.50508113479,106005.63027941436
-1669.4761611617869,106005.65198487323
-1669.45657993661,106005.6849310915
-1669.4276599638397,106005.70663655177
-1669.4082594822976,106005.728497223
-1669.3793395097018,106005.75020268327
-1669.3599390308373,106005.7720633545
-1669.3310190584743,106005.79376881383
-1669.3020990862278,106005.8154742741
-1669.2826986051514,106005.83733494487
-1669.2535978874657,106005.87012595357
-1669.2341974090086,106005.89198662573
-1669.2147969307844,106005.9138472965
-1669.18587695912,106005.93555275677
-1669.1664764785673,106005.95741342846
-1669.1375565070193,106005.9791188892
-1669.118156029086,106006.0009795609
-1669.089236057829,106006.0226850221
-1669.0698355800705,106006.04454569379
-1669.0409156066016,106006.06625115313
-1669.0215151290176,106006.08811182529
-1668.9925951582263,106006.10981728602
-1668.9731946783722,106006.13167795911
-1668.9442747078137,106006.15338341938
-1668.9246934852563,106006.18632963952
-1668.8957735148724,106006.20803510025
-1668.8763730378705,106006.22989577241
-1668.8474530677195,106006.25160123408
-1668.8280525885057,106006.27346190531
-1668.7991326185875,106006.29516736651
-1668.7797321418766,106006.3170280396
-1668.7508121721912,106006.3387335008
-1668.7314116957132,106006.36059417343
-1668.702491723816,106006.38229963463
-1668.6830912474543,106006.40416030725
-1668.6541712782346,106006.42586576892
-1668.6347708021058,106006.44772644155
-1668.605850833119,106006.46943190368
-1668.5864503547782,106006.4912925763
-1668.5575303859077,106006.51299803797
-1668.5383106551599,106006.52377316356
-1668.5093906841357,106006.54547862476
-1668.4899902109173,106006.56733929785
-1668.461070240126,106006.58904475858
-1668.4321502718376,106006.61075022165
-1668.4127497965237,106006.63261089567
-1668.3838298285264,106006.65431635734
-1668.3644293509424,106006.67617703043
-1668.3355093831196,106006.69788249256
-1668.316108908155,106006.71974316565
-1668.287188940507,106006.74144862825
-1668.2677884657169,106006.76330930274
-1668.238868495915,106006.78501476534
-1668.2194680212997,106006.80687543843
-1668.1907287987415,106006.81749535352
-1668.1713283242425,106006.83935602708
-1668.142408357351,106006.86106148828
-1668.1230078806402,106006.88292216323
-1668.0940879138652,106006.90462762676
-1668.065167947323,106006.92633308936
-1668.045767470845,106006.94819376338
-1668.0168475044193,106006.96989922691
-1667.9976277750684,106006.98067435203
-1667.9687078088755,106007.00237981649
-1667.9493073351914,106007.02424048912
-1667.9203873692313,106007.04594595265
-1667.891467400943,106007.06765141618
-1667.8720669274917,106007.0895120902
-1667.8431469618808,106007.11121755373
-1667.8239272329374,106007.12199268024
-1667.7950072675012,106007.14369814424
-1667.7756067920127,106007.16555881826
-1667.7466868268093,106007.18726428226
-1667.7272863539401,106007.20912495675
-1667.698547130567,106007.2197448723
-1667.6791466603754,106007.24160554726
-1667.6502266930183,106007.26331101218
-1667.6213067283388,106007.28501647525
-1667.6020869999775,106007.2957916027
-1667.5731670330279,106007.31749706669
-1667.553766560799,106007.33935774164
-1667.5248465964687,106007.36106320517
-1667.5054461244727,106007.38292388059
-1667.4767069042427,106007.39354379801
-1667.4477869378752,106007.41524926154
-1667.4283864659956,106007.4371099365
-1667.3994665022474,106007.45881540142
-1667.38024677441,106007.46959052794
-1667.3513268084498,106007.4912959938
-1667.3319263369776,106007.51315666828
-1667.3031871173298,106007.5237765857
-1667.2742671540473,106007.5454820511
-1667.2548666829243,106007.56734272558
-1667.2354662093567,106007.589203401
-1667.206726990058,106007.59982331796
-1667.1873265190516,106007.62168399384
-1667.158406556351,106007.64338945923
-1667.1391868290957,106007.65416458761
-1667.110266864067,106007.67587005207
-1667.0813469016575,106007.69757551746
-1667.0621271745767,106007.70835064491
-1667.033207212342,106007.73005611077
-1667.013806742034,106007.75191678759
-1666.985067520931,106007.76253670594
-1666.9561475590453,106007.78424217133
-1666.936747088912,106007.80610284675
-1666.9080078705447,106007.8167227665
-1666.8790879065054,106007.83842823049
-1666.8596874366049,106007.86028890731
-1666.8309482185286,106007.87090882566
-1666.8115477488027,106007.89276950248
-1666.7828085308429,106007.90338942083
-1666.7634080587886,106007.92525009671
-1666.744007589412,106007.94711077213
-1666.7152683716267,106007.95773069095
-1666.6863484083442,106007.97943615774
-1666.666947941645,106008.00129683409
-1666.638208721648,106008.01191675337
-1666.6188082526205,106008.03377742926
-1666.5900690352428,106008.04439734854
-1666.5611490749288,106008.06610281533
-1666.5419293466257,106008.07687794417
-1666.5130093866028,106008.0985834105
-1666.4842701693997,106008.1092033307
-1666.4648697009543,106008.13106400706
-1666.4359497410478,106008.15276947338
-1666.4167300131521,106008.16354460316
-1666.3878100535367,106008.18525007041
-1666.3590708367992,106008.19586999016
-1666.3396703662584,106008.21773066744
-1666.3109311497537,106008.22835058719
-1666.291530681774,106008.25021126354
-1666.2627914653276,106008.26083118422
-1666.2433909975225,106008.28269186104
-1666.2146517812507,106008.29331178172
-1666.1952513111755,106008.3151724576
-1666.1665120950202,106008.32579237875
-1666.1375921363942,106008.34749784693
-1666.1183724115836,106008.35827297578
-1666.089452453074,106008.3799784449
-1666.070232725935,106008.3907535742
-1666.0413127676584,106008.41245904239
-1666.0125735519687,106008.4230789626
-1665.993353824946,106008.43385409284
-1665.9644338670187,106008.45555956103
-1665.9452141425572,106008.4663346908
-1665.9162941847462,106008.48804015946
-1665.8875549694058,106008.49866008013
-1665.868154502823,106008.52052075835
-1665.8394152852707,106008.53114068042
-1665.8106760700466,106008.54176060064
-1665.7912756036967,106008.56362127885
-1665.7720558795845,106008.5743964077
-1665.7431359225302,106008.59610187728
-1665.7143967052689,106008.60672179889
-1665.6951769813313,106008.61749692913
-1665.6662570245098,106008.63920239871
-1665.6375178098679,106008.64982232032
-1665.6182980836602,106008.6605974515
-1665.5893781271297,106008.68230291968
-1665.5701584034832,106008.69307805086
-1665.5412384471856,106008.7147835209
-1665.5124992328347,106008.72540344205
-1665.493279506918,106008.73617857229
-1665.4643595508533,106008.75788404187
-1665.4356203367352,106008.76850396488
-1665.4164006109932,106008.77927909559
-1665.3876613969915,106008.78989901766
-1665.358741441276,106008.81160448771
-1665.3395217181533,106008.82237961795
-1665.3107825043844,106008.83299954096
-1665.2818625465152,106008.854705011
-1665.2626428235671,106008.86548014171
-1665.243423100619,106008.87625527382
-1665.2145031454274,106008.89796074433
-1665.1857639296213,106008.9085806678
-1665.166544206848,106008.91935579758
-1665.1378049934865,106008.92997572059
-1665.1088850387605,106008.95168119203
-1665.0896653161035,106008.96245632228
-1665.0609261005884,106008.97307624621
-1665.0417063779896,106008.98385137785
-1665.0127864236129,106009.00555684976
-1664.984047210717,106009.0161767723
-1664.964827488293,106009.02695190487
-1664.936088273069,106009.03757182835
-1664.9073490602896,106009.04819175135
-1664.88794859685,106009.0700524305
-1664.8592093842453,106009.08067235444
-1664.8304701693123,106009.09129227838
-1664.8112504471792,106009.10206741001
-1664.7825112348073,106009.11268733349
-1664.7631107716588,106009.13454801403
-1664.7438910497585,106009.14532314567
-1664.7151518351166,106009.1559430696
-1664.6864126229193,106009.16656299448
-1664.6671929011354,106009.17733812565
-1664.6384536891128,106009.18795805052
-1664.6097144747037,106009.19857797446
-1664.590314012079,106009.2204386536
-1664.5615748002892,106009.23105857754
-1664.5328355884412,106009.24167850288
-1664.5136158670066,106009.25245363591
-1664.4848766529467,106009.26307356078
-1664.4561374412733,106009.27369348565
-1664.436917719955,106009.28446861776
-1664.4081785060116,106009.29508854216
-1664.3889587871963,106009.3058636752
-1664.3600388327613,106009.32756914757
-1664.331299621379,106009.33818907337
-1664.3120799002936,106009.34896420594
-1664.283340689144,106009.35958412988
-1664.2641209657304,106009.37035926431
-1664.2449012447614,106009.38113439735
-1664.2161620338447,106009.39175432175
-1664.1874228228116,106009.40237424849
-1664.1682031020755,106009.41314938059
-1664.1394638887723,106009.42376930639
-1664.1202441680944,106009.43454443943
-1664.0915049573523,106009.4451643657
-1664.062765744282,106009.45578429056
-1664.043546026107,106009.4665594236
-1664.0148068132112,106009.47717935033
-1663.986067602702,106009.4877992752
-1663.9668478822568,106009.49857441057
-1663.938108671864,106009.50919433637
-1663.9188889491488,106009.51996946894
-1663.8901497388724,106009.53058939567
-1663.8614105286542,106009.54120932193
-1663.8421908085002,106009.5519844559
-1663.8134515983984,106009.56260438217
-1663.7847123859683,106009.57322430843
-1663.7654926659307,106009.58399944194
-1663.7462729459512,106009.5947745759
-1663.7175337336957,106009.60539450264
-1663.6983140162192,106009.61616963614
-1663.669574804022,106009.62678956427
-1663.6503550842172,106009.63756469777
-1663.621615874581,106009.64818462403
-1663.592876664945,106009.6588045517
-1663.5736569429282,106009.66957968613
-1663.5450984734343,106009.66911406582
-1663.5163592639728,106009.67973399302
-1663.4971395443426,106009.69050912652
-1663.4684003350558,106009.70112905325
-1663.4396611234406,106009.71174898138
-1663.420441403985,106009.72252411628
-1663.3917021948146,106009.73314404348
-1663.372482473147,106009.74391917791
-1663.343743264093,106009.75453910604
-1663.315184794832,106009.7540734862
-1663.2959650756093,106009.7648486211
-1663.276745356503,106009.77562375506
-1663.257525634952,106009.78639889043
-1663.228786426189,106009.79701881763
-1663.200047217484,106009.80763874575
-1663.180827498436,106009.81841388112
-1663.1522690293496,106009.81794826174
-1663.1330493080895,106009.82872339571
-1663.1043100996176,106009.83934332477
-1663.0755708911456,106009.8499632529
-1663.0563511723885,106009.8607383878
-1663.0276119615883,106009.87135831686
-1662.9990534926765,106009.87089269841
-1662.9798337740358,106009.88166783378
-1662.9510945658549,106009.8922877619
-1662.9318748472724,106009.90306289727
-1662.9033163760323,106009.90259727882
-1662.874577168026,106009.91321720788
-1662.8553574496182,106009.92399234232
-1662.8266182416119,106009.93461227138
-1662.8073985233204,106009.94538740767
-1662.7883595417952,106009.94507699553
-1662.7596203339635,106009.95569692412
-1662.7404006157885,106009.96647205902
-1662.7116614080733,106009.97709198948
-1662.6926224289928,106009.97678157734
-1662.6638832189492,106009.9874015064
-1662.6351440114668,106009.99802143686
-1662.6159242934082,106010.00879657269
-1662.5873658248456,106010.00833095517
-1662.5681461045751,106010.01910609053
-1662.5394068972091,106010.02972602006
-1662.5108484287048,106010.02926040255
-1662.4916287109954,106010.0400355393
-1662.4628895037458,106010.05065546883
-1662.4438505223952,106010.05034505762
-1662.4151113153202,106010.06096498715
-1662.3863721082453,106010.07158491854
-1662.3673331269529,106010.07127450686
-1662.338593919936,106010.08189443639
-1662.3193742024014,106010.09266957268
-1662.2906349955592,106010.10328950407
-1662.2715960167698,106010.10297909286
-1662.252376296965,106010.11375422915
-1662.223637090181,106010.12437415961
-1662.2045981114497,106010.1240637484
-1662.1758589047822,106010.13468368025
-1662.1568199259927,106010.13437326858
-1662.1280807194998,106010.14499319997
-1662.1088609999279,106010.15576833533
-1662.0803025318892,106010.15530271921
-1662.0515633253963,106010.16592265107
-1662.0325243467232,106010.16561224032
-1662.0037851404632,106010.17623217171
-1661.9845654210076,106010.18700730754
-1661.9560069530853,106010.18654169189
-1661.9272677468834,106010.19716162421
-1661.9082287658239,106010.19685121393
-1661.8794895597384,106010.20747114485
-1661.8604505811236,106010.2071607341
-1661.8317113751546,106010.21778066503
-1661.812491658493,106010.22855580319
-1661.7934526774916,106010.22824539291
-1661.7742329632747,106010.2390205306
-1661.7456744930241,106010.23855491495
-1661.7169352872297,106010.2491748468
-1661.6977155707427,106010.2599499845
-1661.6691571030533,106010.25948436931
-1661.6499373841798,106010.270259507
-1661.6213789164321,106010.26979389181
-1661.6021592001198,106010.28056902857
-1661.5736007324886,106010.28010341385
-1661.5543810161762,106010.29087855108
-1661.5258225461002,106010.29041293636
-1661.4970833407133,106010.30103286961
-1661.478044362273,106010.30072245933
-1661.4494858923135,106010.30025684461
-1661.4302661786787,106010.31103198184
-1661.4017077086028,106010.31056636758
-1661.3824879926397,106010.3213415062
-1661.3539295250666,106010.32087589148
-1661.334709806717,106010.33165102918
-1661.3156708307797,106010.33134061983
-1661.2964511124883,106010.34211575659
-1661.2678926450317,106010.3416501428
-1661.239153439994,106010.35227007745
-1661.2201144592836,106010.3519596681
-1661.1913752544206,106010.36257960135
-1661.172336276155,106010.36226919247
-1661.1437778087566,106010.36180357868
-1661.1245580931427,106010.3725787173
-1661.0959996233578,106010.37211310351
-1661.0672604186693,106010.38273303723
-1661.048221440462,106010.38242262788
-1661.0196629731217,106010.38195701409
-1661.0004432576243,106010.39273215272
-1660.9718847879558,106010.39226653939
-1660.952665072633,106010.40304167802
-1660.924106605351,106010.40257606516
-1660.9050676271436,106010.40226565581
-1660.8763284203014,106010.41288558999
-1660.8572894422105,106010.41257518157
-1660.8380697269458,106010.42335032113
-1660.8095112597803,106010.42288470827
-1660.790472281631,106010.42257429939
-1660.7617330750218,106010.4331942331
-1660.7426940969308,106010.43288382469
-1660.7141356297652,106010.4324182123
-1660.6949159147334,106010.44319335185
-1660.666357447626,106010.44272773946
-1660.6377989781322,106010.44226212706
-1660.6185792631586,106010.45303726569
-1660.5900207960512,106010.4525716533
-1660.5709818180185,106010.45226124488
-1660.5422426142031,106010.46288117999
-1660.5232036337256,106010.46257077204
-1660.4946451666765,106010.46210515965
-1660.4756061886437,106010.4617947517
-1660.4468669849448,106010.47241468914
-1660.4183085155091,106010.47194907721
-1660.3992695375346,106010.47163866926
-1660.3800498229684,106010.48241380788
-1660.3610108449357,106010.4821034004
-1660.332452378003,106010.48163778847
-1660.3132326634368,106010.49241292942
-1660.2846741941175,106010.4919473175
-1660.265635216143,106010.49163690954
-1660.2370767492102,106010.49117129901
-1660.2180377688492,106010.49086089106
-1660.1892985654995,106010.50148082711
-1660.1607400985667,106010.50101521565
-1660.1417011206504,106010.50070480863
-1660.1131426537177,106010.50023919763
-1660.0941036758013,106010.49992879014
-1660.0653644702397,106010.51054872619
-1660.0463254923234,106010.51023831917
-1660.017767025507,106010.50977270817
-1659.989208556246,106010.50930709764
-1659.9701695807744,106010.50899669016
-1659.9414303753292,106010.5196166276
-1659.9223913974129,106010.51930622058
-1659.8938329305965,106010.51884061005
-1659.874793950352,106010.5185302035
-1659.8555742388126,106010.52930534398
-1659.836535258568,106010.52899493696
-1659.8079767917516,106010.52852932643
-1659.7794183249935,106010.52806371637
-1659.7603793446906,106010.52775330981
-1659.7318208779907,106010.52728769975
-1659.7127819000743,106010.5269772932
-1659.6842234333744,106010.5265116836
-1659.6650037196232,106010.53728682455
-1659.6364452529233,106010.53682121495
-1659.6078867837787,106010.53635560535
-1659.5888478059205,106010.5360451988
-1659.5602893391624,106010.5355795892
-1659.5412503613625,106010.5352691831
-1659.5126918946626,106010.53480357397
-1659.484133425518,106010.53433796437
-1659.465094447718,106010.53402755829
-1659.43653598096,106010.53356194915
-1659.4173162651714,106010.5443370901
-1659.3982772898162,106010.54402668402
-1659.3792383095715,106010.54371627793
-1659.3506798428716,106010.54325066926
-1659.3316408650717,106010.54294026317
-1659.3030823960435,106010.5424746545
-1659.2745239293436,106010.54200904584
-1659.2554849515436,106010.54169863975
-1659.2269264848437,106010.54123303154
-1659.2078875070438,106010.54092262546
-1659.1793290380156,106010.54045701679
-1659.1602900602156,106010.54014661117
-1659.1317315935157,106010.53968100296
-1659.103173126874,106010.53921539476
-1659.0841341491323,106010.53890498914
-1659.0555756824324,106010.5384393814
-1659.0365367023041,106010.53812897578
-1659.0079782356042,106010.53766336804
-1658.9794197689043,106010.53719775984
-1658.960380788776,106010.53688735468
-1658.9413418134209,106010.53657694953
-1658.9223028332344,106010.53626654437
-1658.8937443665927,106010.5358009371
-1658.8747053887928,106010.53549053147
-1658.8461469197646,106010.53502492374
-1658.8271079419646,106010.53471451905
-1658.798549475323,106010.53424891131
-1658.7795104975812,106010.53393850662
-1658.7511327657849,106010.5223873523
-1658.7225742967566,106010.5219217455
-1658.7035353189567,106010.52161134034
-1658.6749768522568,106010.52114573307
-1658.6559378744569,106010.52083532838
-1658.6273794078152,106010.52036972158
-1658.5988209387287,106010.51990411477
-1658.579781960987,106010.51959371008
-1658.5512234943453,106010.51912810327
-1658.532365251216,106010.50773215154
-1658.5038067821297,106010.50726654474
-1658.475248315488,106010.50680093793
-1658.456209337688,106010.5064905337
-1658.4371703598881,106010.50618012948
-1658.4181313820882,106010.50586972572
-1658.38957291306,106010.50540411938
-1658.3705339352018,106010.50509371469
-1658.342156202998,106010.49354256177
-1658.313597736298,106010.49307695543
-1658.2945587584982,106010.49276655167
-1658.2660002894117,106010.4923009458
-1658.24696131167,106010.49199054204
-1658.2185835792916,106010.48043938773
-1658.1900251124753,106010.47997378185
-1658.1709861347335,106010.47966337856
-1658.142427665589,106010.47919777269
-1658.123388687789,106010.47888736892
-1658.095010955236,106010.46733621694
-1658.066452488536,106010.46687061153
-1658.0474135082914,106010.46656020777
-1658.0188550415332,106010.46609460237
-1657.999996797822,106010.45469865203
-1657.9809578199638,106010.45438824873
-1657.952399353264,106010.45392264333
-1657.933360372961,106010.45361223957
-1657.904801906203,106010.45314663509
-1657.8859436623752,106010.44175068336
-1657.857385195559,106010.44128507888
-1657.8288267288008,106010.4408194744
-1657.8099684823537,106010.42942352453
-1657.7814100155956,106010.42895792006
-1657.7623710377375,106010.42864751676
-1657.7338125684764,106010.42818191228
-1657.7149543268606,106010.41678596055
-1657.6863958575996,106010.41632035607
-1657.6580181244062,106010.40476920456
-1657.638979146548,106010.40445880173
-1657.6104206796736,106010.40399319772
-1657.5915624330519,106010.39259724831
-1657.5630039661191,106010.3921316443
-1657.5344454993028,106010.39166604029
-1657.5155872550095,106010.38027008949
-1657.4870287880767,106010.37980448594
-1657.4679898076574,106010.37949408311
-1657.4489508297993,106010.37918368075
-1657.420573096315,106010.36763253063
-1657.4015341183404,106010.36732212827
-1657.3731563849142,106010.35577097675
-1657.3541174044367,106010.35546057438
-1657.3255589375622,106010.35499497084
-1657.3067006929778,106010.3435990219
-1657.278142223542,106010.34313341836
-1657.2497644898249,106010.33158226777
-1657.2307255118503,106010.33127186587
-1657.2023477780167,106010.31972071528
-1657.1833088000421,106010.31941031339
-1657.1547503306065,106010.31894471077
-1657.135892085731,106010.30754876183
-1657.1073336186819,106010.30708315875
-1657.0789558847318,106010.2955320091
-1657.059916906699,106010.29522160674
-1657.0315391726326,106010.28367045755
-1657.0125001921551,106010.28336005565
-1656.9934612140642,106010.28304965375
-1656.974602969014,106010.27165370341
-1656.9460445019067,106010.27118810127
-1656.9176667677239,106010.25963695254
-1656.8986277871882,106010.25932655064
-1656.8702500528889,106010.24777540192
-1656.8512110747397,106010.24746500002
-1656.8228333379957,106010.23591385037
-1656.803794362233,106010.23560344893
-1656.7754166254308,106010.22405230068
-1656.7563776472816,106010.22374189971
-1656.7279999127495,106010.21219075006
-1656.6996221757727,106010.20063960087
-1656.6805831975653,106010.2003291999
-1656.6522054629168,106010.18877805164
-1656.6331664846512,106010.18846765114
-1656.6047887499444,106010.17691650148
-1656.5857497693505,106010.17660610052
-1656.5573720345274,106010.1650549518
-1656.5383330562618,106010.16474455083
-1656.5194748105714,106010.15334860329
-1656.490916343173,106010.15288300207
-1656.4720580949215,106010.1414870536
-1656.443499627465,106010.14102145238
-1656.4246413816,106010.1296255039
-1656.396263646544,106010.11807435704
-1656.377224668162,106010.11776395608
-1656.348846930603,106010.10621280922
-1656.3299886845634,106010.09481686028
-1656.3014302169904,106010.09435125953
-1656.2825719709508,106010.08295531292
-1656.254194233159,106010.07140416466
-1656.2351552547188,106010.07109376462
-1656.20677751943,106010.05954261636
-1656.1783997839084,106010.04799146997
-1656.1593608054682,106010.04768106993
-1656.1309830674436,106010.03612992214
-1656.1121248210547,106010.02473397413
-1656.0835663534235,106010.02426837478
-1656.0647081069183,106010.0128724277
-1656.0456691284198,106010.01256202767
-1656.0172913902788,106010.00101088034
-1655.9984331437154,106009.9896149328
-1655.9698746758513,106009.98914933298
-1655.9510164292296,106009.97775338637
-1655.9226386933587,106009.96620223997
-1655.9037804442341,106009.95480629196
-1655.87522197637,106009.95434069261
-1655.8563637295738,106009.94294474646
-1655.8279859909671,106009.93139360053
-1655.8091277464991,106009.91999765253
-1655.7805692761904,106009.91953205317
-1655.752191539912,106009.90798090771
-1655.733333292883,106009.89658496156
-1655.7049555565463,106009.8850338147
-1655.6860973070143,106009.87363786763
-1655.6575388389756,106009.87317226874
-1655.63868059183,106009.86177632306
-1655.6103028552607,106009.8502251762
-1655.5912638765294,106009.84991477756
-1655.572405626881,106009.83851883141
-1655.544027890137,106009.82696768641
-1655.5251696427586,106009.81557173934
-1655.4967919059563,106009.80402059387
-1655.477933658578,106009.79262464866
-1655.4493751878617,106009.79215905024
-1655.4305169404252,106009.78076310409
-1655.40213920339,106009.76921195863
-1655.3737614639103,106009.75766081316
-1655.3549032186856,106009.74626486702
-1655.3265254791477,106009.73471372155
-1655.30766723142,106009.72331777634
-1655.2792894941522,106009.71176663088
-1655.2602505128016,106009.7114562327
-1655.2318727754173,106009.69990508677
-1655.2130145274568,106009.68850914249
-1655.1846367901308,106009.67695799703
-1655.165778542112,106009.66556205135
-1655.1374008021085,106009.65401090775
-1655.1185425540898,106009.6426149616
-1655.099503574951,106009.64230456296
-1655.071125837334,106009.63075341936
-1655.0522675891407,106009.61935747368
-1655.0238898489624,106009.60780632915
-1655.0050316006527,106009.59641038394
-1654.9766538627446,106009.58485923987
-1654.9577956143767,106009.57346329466
-1654.9294178764103,106009.56191214966
-1654.9105596255395,106009.55051620537
-1654.8821818874567,106009.53896506224
-1654.8633236389142,106009.52756911749
-1654.8349459006567,106009.51601797342
-1654.8065681599546,106009.50446682889
-1654.7877099137986,106009.49307088507
-1654.7593321729219,106009.48151974194
-1654.7404739241465,106009.47012379579
-1654.7120961856563,106009.45857265266
-1654.693237934378,106009.44717670744
-1654.6648601958295,106009.4356255643
-1654.6460019468213,106009.42422962002
-1654.6271436978714,106009.41283367574
-1654.5987659591483,106009.4012825326
-1654.5799077076372,106009.38988658786
-1654.5515299687395,106009.37833544565
-1654.5326717195567,106009.36693950044
-1654.504293980659,106009.35538835824
-1654.4854357313598,106009.34399241442
-1654.4572387201479,106009.32135572378
-1654.4383804707322,106009.30995977903
-1654.4100027316017,106009.29840863682
-1654.3911444821279,106009.28701269347
-1654.3627667428227,106009.2754615508
-1654.343908490846,106009.26406560652
-1654.3155307513662,106009.25251446385
-1654.296672501776,106009.24111852096
-1654.268475492252,106009.21848183125
-1654.2496172426036,106009.20708588744
-1654.2212395004462,106009.19553474383
-1654.1928617606754,106009.18398360303
-1654.1740035107941,106009.17258765921
-1654.155145260971,106009.16119171493
-1654.1362870109733,106009.14979577204
-1654.1079092685832,106009.13824463077
-1654.0892317484831,106009.11576313945
-1654.060854008305,106009.10421199864
-1654.0419957581908,106009.09281605436
-1654.0136180155678,106009.08126491355
-1653.9949404951185,106009.05878342176
-1653.9665627547656,106009.04723228095
-1653.9381850143545,106009.03568114014
-1653.9193267639494,106009.02428519633
-1653.8909490210353,106009.01273405645
-1653.8722715001786,106008.99025256606
-1653.8438937595347,106008.97870142432
-1653.825035508955,106008.9673054819
-1653.796838497743,106008.94466879312
-1653.777980244602,106008.9332728507
-1653.7496025037253,106008.92172170989
-1653.7307442529127,106008.910325767
-1653.7118860021,106008.89892982459
-1653.6932084806613,106008.87644833466
-1653.6648307371652,106008.86489719339
-1653.6459724861197,106008.85350125143
-1653.6177754742675,106008.83086456358
-1653.5989172231639,106008.8194686221
-1653.570539481705,106008.80791747989
-1653.5516812281567,106008.79652153794
-1653.5234842159552,106008.77388485009
-1653.5046259646188,106008.76248890813
-1653.476428949798,106008.73985222075
-1653.457570700848,106008.7284562788
-1653.4291929566534,106008.71690513939
-1653.4105154342833,106008.69442364946
-1653.3821376923588,106008.68287251052
-1653.3632794383448,106008.67147656716
-1653.3350824253866,106008.64883988118
-1653.3162241736427,106008.63744393876
-1653.28802716051,106008.6148072523
-1653.2691689087078,106008.60341131035
-1653.2503106544027,106008.59201536886
-1653.2219329120126,106008.58046422945
-1653.2032553890022,106008.55798273953
-1653.1843971369672,106008.5465867985
-1653.1562001233106,106008.52395011252
-1653.1373418688308,106008.5125541715
-1653.1091448549414,106008.48991748458
-1653.0902866026736,106008.47852154309
-1653.0620895886095,106008.45588485803
-1653.0432313362835,106008.44448891608
-1653.0150343196,106008.4218522301
-1652.9961760671576,106008.41045628814
-1652.9679790527443,106008.38781960262
-1652.9491208001273,106008.3764236616
-1652.9209237855393,106008.35378697608
-1652.9020655304193,106008.34239103412
-1652.883388006303,106008.31990954652
-1652.855010262865,106008.30835840805
-1652.836332738516,106008.28587691905
-1652.8079549949616,106008.27432578104
-1652.7890967396088,106008.26292984001
-1652.7704192150268,106008.24044835242
-1652.7420414712979,106008.22889721394
-1652.7233639465412,106008.20641572634
-1652.7045056934003,106008.19501978578
-1652.67630867532,106008.17238310073
-1652.6574504221207,106008.16098716017
-1652.6292534063105,106008.13835047511
-1652.6105758812046,106008.11586898705
-1652.5821981369518,106008.10431784997
-1652.5635206092265,106008.08183636284
-1652.5351428647991,106008.07028522575
-1652.516465339344,106008.04780373815
-1652.4977878138889,106008.0253222487
-1652.4694100692286,106008.01377111301
-1652.4507325411541,106007.99128962494
-1652.4223547963775,106007.97973848786
-1652.403677270515,106007.95725700026
-1652.3754802535987,106007.9346203166
-1652.3566219996428,106007.92322437558
-1652.3379444711609,106007.90074288938
-1652.3190862170886,106007.88934694929
-1652.3004086908186,106007.86686546123
-1652.272030945518,106007.85531432554
-1652.2533534191316,106007.83283283841
-1652.2251563991886,106007.81019615475
-1652.2062981448253,106007.79880021513
-1652.1876206181478,106007.77631872799
-1652.1594236003002,106007.75368204387
-1652.1405653457623,106007.74228610471
-1652.1123683253536,106007.71964942105
-1652.0936907983269,106007.69716793438
-1652.0748325436143,106007.68577199476
-1652.046635525301,106007.66313531203
-1652.0279579980997,106007.6406538263
-1651.999760977109,106007.61801714264
-1651.9809027221054,106007.60662120394
-1651.9622251946712,106007.58413971635
-1651.934028175776,106007.56150303315
-1651.915350648167,106007.53902154788
-1651.8964923905442,106007.52762560779
-1651.8776341353077,106007.51622966956
-1651.8494371161214,106007.49359298544
-1651.8307595881633,106007.47111150017
-1651.812082060147,106007.44863001257
-1651.783704310772,106007.43707887968
-1651.7650267826393,106007.41459739255
-1651.7368297629291,106007.39196070982
-1651.7181522345054,106007.36947922409
-1651.6897744874004,106007.35792808933
-1651.6710969563574,106007.33544660313
-1651.6524194278172,106007.31296511693
-1651.624222407525,106007.2903284356
-1651.6055448786938,106007.2678469494
-1651.5773478582269,106007.24521026807
-1651.5584895997308,106007.23381432984
-1651.539812070725,106007.21133284317
-1651.511615049967,106007.18869616231
-1651.4929375207284,106007.16621467657
-1651.4647404997377,106007.14357799524
-1651.4458822409506,106007.13218205748
-1651.436724203173,106007.10985576641
-1651.4083464550204,106007.09830463212
-1651.3896689254325,106007.07582314732
-1651.3614719015313,106007.05318646645
-1651.3427943742136,106007.03070498165
-1651.32411684189,106007.00822349591
-1651.2959198201424,106006.98558681505
-1651.2772422899725,106006.96310532931
-1651.2488645388512,106006.95155419549
-1651.2301870110678,106006.92907271022
-1651.2115094783949,106006.90659122542
-1651.1833124560653,106006.88395454548
-1651.1646349256043,106006.86147306068
-1651.1364379007136,106006.83883638028
-1651.1177603724645,106006.81635489501
-1651.0895633472828,106006.79371821508
-1651.0708858164144,106006.77123673027
-1651.0522082854877,106006.74875524547
-1651.024011260015,106006.726118566
-1651.0051530048368,106006.71472262638
-1650.9864754712908,106006.69224114344
-1650.9677979400149,106006.6697596591
-1650.9491204086225,106006.64727817383
-1650.9209233850706,106006.62464149436
-1650.9022458511754,106006.60216001002
-1650.8740488274489,106006.57952332869
-1650.855371295649,106006.55704184575
-1650.8271742716897,106006.53440516628
-1650.8084967398318,106006.51192368194
-1650.7802997155814,106006.48928700248
-1650.7616221811622,106006.46680551814
-1650.733425156679,106006.44416883914
-1650.7147476244718,106006.42168735433
-1650.69607009209,106006.39920587093
-1650.6678730673739,106006.37656919239
-1650.6491955323727,106006.35408770759
-1650.6209985074238,106006.33145102859
-1650.6023209746927,106006.30896954564
-1650.5741239471245,106006.28633286618
-1650.5554464166053,106006.2638513823
-1650.5367688812548,106006.24136989936
-1650.5180913481745,106006.21888841502
-1650.4898943225853,106006.19625173695
-1650.4712167893304,106006.17377025308
-1650.4430197634501,106006.15113357408
-1650.424342227634,106006.12865209114
-1650.3961452015792,106006.1060154126
-1650.3774676680332,106006.0835339292
-1650.3492706392426,106006.06089725159
-1650.3305931079085,106006.03841576818
-1650.30257680465,106006.00469354354
-1650.2838992706966,106005.98221206013
-1650.2557022439432,106005.95957538206
-1650.237024707254,106005.93709389959
-1650.208827680326,106005.91445722105
-1650.1901501459652,106005.89197573764
-1650.1621338443365,106005.858253513
-1650.143456309801,106005.83577203052
-1650.1152592799044,106005.81313535431
-1650.096581745136,106005.79065386998
-1650.0779042103095,106005.7681723875
-1650.0592266754247,106005.74569090456
-1650.0310296475072,106005.72305422695
-1650.0123521100031,106005.70057274587
-1649.9843358072103,106005.66685052123
-1649.9561387789436,106005.64421384363
-1649.9374612435931,106005.62173236115
-1649.9092642151518,106005.59909568448
-1649.8907674023067,106005.56552865542
-1649.8625703735743,106005.54289197875
-1649.8438928377582,106005.52041049534
-1649.8156958088512,106005.4977738196
-1649.7971989980433,106005.46420679055
-1649.7690019663423,106005.44157011434
-1649.750324430177,106005.41908863233
-1649.722127400746,106005.39645195426
-1649.694111096207,106005.36272973148
-1649.6754335573642,106005.34024824994
-1649.6472365275258,106005.31761157466
-1649.6285589908366,106005.29513009265
-1649.6100621790392,106005.26156306174
-1649.5913846421754,106005.23908158205
-1649.563187609543,106005.21644490631
-1649.5446907973383,106005.1828778768
-1649.5164937668014,106005.16024120105
-1649.4882967361482,106005.13760452578
-1649.469799923594,106005.10403749766
-1649.4416028902633,106005.08140082145
-1649.422925352701,106005.0589193399
-1649.394909046241,106005.02519711712
-1649.3667120126192,106005.00256044324
-1649.3480344771524,106004.98007896123
-1649.3200181678403,106004.94635673892
-1649.3013406298123,106004.9238752583
-1649.2733243225957,106004.89015303599
-1649.2451272907201,106004.86751636118
-1649.2264497498982,106004.84503487963
-1649.198433442274,106004.81131265871
-1649.1797559037805,106004.78883117717
-1649.161078365054,106004.76634969702
-1649.1330620545777,106004.7326274747
-1649.1143845156766,106004.71014599409
-1649.086368207354,106004.6764237727
-1649.058171174489,106004.65378709882
-1649.0394936352968,106004.63130561681
-1649.0114773263922,106004.59758339683
-1648.992799784639,106004.57510191621
-1648.9647834755015,106004.54137969483
-1648.936586441996,106004.51874302048
-1648.9180896240287,106004.4851759933
-1648.8898925902904,106004.46253931941
-1648.8618762804545,106004.42881709896
-1648.8431987405056,106004.40633561881
-1648.8151824304368,106004.37261339882
-1648.7869853960583,106004.34997672355
-1648.7684885773342,106004.31640969729
-1648.7402915428393,106004.29377302481
-1648.712275232072,106004.26005080482
-1648.6935976890381,106004.23756932328
-1648.6751008746214,106004.20400229702
-1648.646903837216,106004.1813656236
-1648.6284070200054,106004.14779859642
-1648.6002099847537,106004.12516192487
-1648.5721936706104,106004.09143970488
-1648.543996635126,106004.068803031
-1648.5254998174496,106004.0352360052
-1648.497302781674,106004.01259933272
-1648.4692864669487,106003.97887711227
-1648.4506089276401,106003.95639563259
-1648.4225926126237,106003.92267341353
-1648.3943955763243,106003.90003674058
-1648.375898757833,106003.86646971432
-1648.3478824422928,106003.83274749527
-1648.319685405586,106003.81011082325
-1648.2916690920829,106003.77638860466
-1648.2729915496893,106003.75390712498
-1648.2449752334505,106003.72018490545
-1648.216778196278,106003.69754823437
-1648.1887618821347,106003.66382601578
-1648.1702650625957,106003.63025898999
-1648.15158751962,106003.6077775117
-1648.1235712026828,106003.57405529264
-1648.0953741647536,106003.5514186211
-1648.0673578497954,106003.51769640343
-1648.048861029616,106003.48412937764
-1648.020663988893,106003.46149270656
-1647.992647673469,106003.4277704875
-1647.9646313579287,106003.3940482689
-1647.9364343191846,106003.37141159922
-1647.9179374982486,106003.33784457343
-1647.8897404567688,106003.31520790188
-1647.8617241405882,106003.28148568561
-1647.833707824233,106003.24776346749
-1647.8055107847322,106003.2251267964
-1647.7870139607112,106003.19155977108
-1647.7589976438321,106003.15783755388
-1647.730800603982,106003.13520088512
-1647.702784286812,106003.101478667
-1647.6747679669643,106003.06775644934
-1647.6562711446313,106003.03418942448
-1647.6280741041992,106003.01155275432
-1647.6095772816334,106002.97798572993
-1647.581560963532,106002.9442635132
-1647.553363920364,106002.92162684305
-1647.5253476019716,106002.88790462678
-1647.4973312834045,106002.85418241005
-1647.4691342421575,106002.83154574083
-1647.4411179209128,106002.7978235227
-1647.4131016017636,106002.76410130691
-1647.3946047780337,106002.73053428298
-1647.3664077362046,106002.70789761422
-1647.3383914142614,106002.67417539796
-1647.310375094472,106002.64045318216
-1647.282358774566,106002.60673096636
-1647.254161732213,106002.5840942976
-1647.2261454095133,106002.55037208181
-1647.1981290890835,106002.51664986508
-1647.170112768421,106002.48292765021
-1647.1419157230994,106002.46029098192
-1647.123418897856,106002.426723958
-1647.0954025766696,106002.39300174266
-1647.0673862553667,106002.35927952686
-1647.0393699314445,106002.32555731153
-1647.011172887811,106002.3029206437
-1646.983156565926,106002.26919842884
-1646.964659739926,106002.23563140538
-1646.93664341775,106002.20190919098
-1646.9086270953994,106002.16818697564
-1646.8804300486227,106002.14555030735
-1646.8524137259228,106002.11182809295
-1646.8243974030484,106002.07810587902
-1646.796381079941,106002.04438366415
-1646.7683647542726,106002.01066145021
-1646.740167709242,106001.98802478192
-1646.712151385611,106001.95430256752
-1646.6841350619216,106001.92058035359
-1646.6561187354964,106001.88685813872
-1646.6281024113996,106001.85313592572
-1646.60008608707,106001.81941371132
-1646.5815892565297,106001.78584668832
-1646.5533922103932,106001.76321002236
-1646.5253758855397,106001.72948780889
-1646.4973595605697,106001.69576559495
-1646.4693432330387,106001.66204338241
-1646.441326907603,106001.62832116801
-1646.413310582051,106001.59459895501
-1646.3852942563826,106001.56087674247
-1646.35709720687,106001.53824007465
-1646.3290808807942,106001.50451786024
-1646.301064554602,106001.47079564817
-1646.2730482281186,106001.43707343657
-1646.2450318991323,106001.40335122356
-1646.217015572358,106001.36962901009
-1646.1889992452925,106001.33590679802
-1646.160802197177,106001.31327013206
-1646.132785867434,106001.27954791998
-1646.104769539903,106001.24582570791
-1646.0767532122554,106001.21210349491
-1646.048736884375,106001.17838128237
-1646.0207205539336,106001.14465907076
-1645.992704225704,106001.11093685869
-1645.9646878972999,106001.07721464755
-1645.9366715686629,106001.04349243408
-1645.908655237523,106001.00977022294
-1645.880458187894,106000.98713355837
-1645.852441858733,106000.9534113463
-1645.8244255294558,106000.91968913516
-1645.796409197501,106000.88596692402
-1645.7683928678744,106000.85224471148
-1645.740376538015,106000.81852250034
-1645.712360207981,106000.78480028966
-1645.6843438753276,106000.75107807899
-1645.6563275449444,106000.71735586692
-1645.6283112143865,106000.68363365578
-1645.6001141632441,106000.66099699168
-1645.5720978298923,106000.627274781
-1645.5440814988106,106000.59355257079
-1645.516065167496,106000.55983036058
-1645.4880488360068,106000.52610814944
-1645.4600325019564,106000.49238593923
-1645.4415356676327,106000.45881891856
-1645.4039998380467,106000.42494151834
-1645.375983505859,106000.39121930907
-1645.347967171052,106000.35749709792
-1645.3199508384569,106000.32377488771
-1645.291934505687,106000.29005267844
-1645.263918172801,106000.25633046869
-1645.2359018372372,106000.22260825895
-1645.2078855038853,106000.1888860478
-1645.179869170417,106000.155163839
-1645.1516721145017,106000.13252717629
-1645.1236557805678,106000.09880496655
-1645.0956394466339,106000.06508275773
-1645.0676231124671,106000.03136054752
-1645.0396067756228,105999.99763833964
-1645.0115904411068,105999.96391613036
-1644.983574106358,105999.93019392062
-1644.9555577713763,105999.8964717118
-1644.9275414338917,105999.86274950346
-1644.9090445965994,105999.82918248419
-1644.881028261152,105999.79546027491
-1644.853011925472,105999.76173806656
-1644.8249955872307,105999.72801585775
-1644.7969792512595,105999.69429364987
-1644.7594434169005,105999.66041625198
-1644.7314270805218,105999.62669404317
-1644.7034107414656,105999.59297183529
-1644.6753944047377,105999.5592496274
-1644.647378067777,105999.52552741906
-1644.6193617306417,105999.49180521164
-1644.591345390887,105999.4580830033
-1644.5633290534606,105999.42436079495
-1644.535312715685,105999.39063858753
-1644.507296377793,105999.35691638058
-1644.479280037398,105999.32319417223
-1644.4512636991567,105999.28947196435
-1644.4232473607408,105999.25574975833
-1644.395231022092,105999.22202755092
-1644.3672146809404,105999.1883053449
-1644.3391983419424,105999.15458313609
-1644.3111820027698,105999.1208609296
-1644.2831656634226,105999.08713872312
-1644.2551493215142,105999.05341651663
-1644.2271329817595,105999.01969430875
-1644.1991166418884,105998.98597210227
-1644.1711003017845,105998.95224989578
-1644.1430839591194,105998.91852769023
-1644.1150676187244,105998.88480548281
-1644.0870512780966,105998.85108327586
-1644.0590349372942,105998.81736107077
-1644.0310185938724,105998.78363886522
-1644.0030022527208,105998.74991665687
-1643.9749859113363,105998.71619445179
-1643.9469695697771,105998.68247224623
-1643.9189532256569,105998.64875004115
-1643.8909368837485,105998.6150278342
-1643.853401042521,105998.58115044003
-1643.8253847002052,105998.54742823495
-1643.7973683553282,105998.51370603032
-1643.7788715118659,105998.48013901198
-1643.7508551690262,105998.44641680736
-1643.7228388260119,105998.41269460274
-1643.685302981059,105998.37881720904
-1643.6572866376955,105998.34509500396
-1643.6292702940991,105998.3113727984
-1643.601253950328,105998.27765059425
-1643.573237603996,105998.24392838916
-1643.5452212597593,105998.21020618454
-1643.5172049154062,105998.17648397991
-1643.4893692889018,105998.13167622825
-1643.461352941813,105998.09795402363
-1643.4333365968196,105998.06423181947
-1643.405320251768,105998.03050961532
-1643.3677844044287,105997.99663222348
-1643.3397680589696,105997.96291001886
-1643.3117517132778,105997.92918781424
-1643.283735367353,105997.89546561101
-1643.2557190189837,105997.86174340732
-1643.2277026727097,105997.82802120317
-1643.1996863263194,105997.79429899994
-1643.1716699796962,105997.76057679625
-1643.1438343480695,105997.71576904645
-1643.115818001097,105997.68204684276
-1643.08780165395,105997.64832463907
-1643.0597853041836,105997.61460243631
-1643.031768956629,105997.58088023309
-1643.0037526089,105997.54715802986
-1642.9757362609962,105997.5134358271
-1642.947719910415,105997.47971362388
-1642.910184062086,105997.44583623298
-1642.8821677136002,105997.41211403115
-1642.8541513648815,105997.37839182839
-1642.8261350136017,105997.34466962563
-1642.7981186646502,105997.31094742287
-1642.7701023153495,105997.27722522104
-1642.7420859659906,105997.24350301875
-1642.714069613954,105997.20978081552
-1642.6765337637626,105997.17590342648
-1642.6486981308553,105997.13109567761
-1642.6206817806233,105997.09737347625
-1642.6021849282552,105997.06380646164
-1642.5646490772488,105997.02992907213
-1642.5368134434102,105996.9851213242
-1642.5087970924797,105996.95139912236
-1642.4807807413163,105996.91767692054
-1642.4527643874753,105996.88395471964
-1642.424748036021,105996.85023251874
-1642.3967316842754,105996.81651031692
-1642.3687153324136,105996.78278811602
-1642.331179477158,105996.74891072698
-1642.3033438414568,105996.70410298137
-1642.2753274865681,105996.67038077861
-1642.2473111338913,105996.63665857865
-1642.21929478104,105996.60293637775
-1642.1912784279557,105996.56921417732
-1642.1537425714778,105996.53533678968
-1642.125726217986,105996.50161458971
-1642.0978905807715,105996.4568068427
-1642.0698742269306,105996.4230846418
-1642.041857870412,105996.38936244138
-1642.0138415162219,105996.35564024188
-1641.9858251617989,105996.32191804191
-1641.9579895235365,105996.27711029444
-1641.9299731662613,105996.2433880954
-1641.8924373100745,105996.2095107087
-1641.8644209548365,105996.17578850826
-1641.8364045994822,105996.14206630876
-1641.8083882439532,105996.10834410973
-1641.780371885805,105996.0746219107
-1641.7525362458546,105996.02981416415
-1641.7150003858842,105995.9959367793
-1641.6869840295403,105995.96221457934
-1641.6589676730218,105995.92849238124
-1641.6309513163287,105995.89477018174
-1641.6029349570163,105995.86104798364
-1641.5749185998575,105995.8273257846
-1641.5375634568045,105995.78236285411
-1641.5095470992383,105995.74864065414
-1641.481530739111,105995.71491845557
-1641.4535143811954,105995.68119625794
-1641.4351982404478,105995.63654369861
-1641.3976623804774,105995.60266631376
-1641.3696460196516,105995.56894411566
-1641.3416296609794,105995.53522191849
-1641.3136133021326,105995.50149971992
-1641.2857776585734,105995.4566919757
-1641.2577612969326,105995.42296977807
-1641.2202254355652,105995.38909239415
-1641.1922090759035,105995.35537019605
-1641.1641927161254,105995.32164799888
-1641.1361763536697,105995.2879258017
-1641.1081599935424,105995.25420360453
-1641.0803243484115,105995.20939585986
-1641.0427884833189,105995.17551847734
-1641.0147721224348,105995.1417962797
-1640.9867557615507,105995.10807408253
-1640.958739397931,105995.07435188582
-1640.9307230365812,105995.04062968958
-1640.9027066749986,105995.00690749288
-1640.8748710282962,105994.9620997482
-1640.8468546639779,105994.92837755289
-1640.8188383018132,105994.89465535618
-1640.7908219395322,105994.86093315948
-1640.7534667894943,105994.81597023085
-1640.725450424361,105994.78224803461
-1640.697434061498,105994.74852583837
-1640.669417698402,105994.71480364213
-1640.6414013350732,105994.68108144682
-1640.6133849691832,105994.64735925058
-1640.5853686055634,105994.61363705574
-1640.548013453721,105994.56867412617
-1640.5199970896938,105994.53495193087
-1640.4919807254337,105994.50122973556
-1640.4639643585542,105994.46750753978
-1640.4359479938867,105994.43378534447
-1640.4079316291027,105994.4000631501
-1640.379915264144,105994.36634095525
-1640.351898896508,105994.33261875948
-1640.3143630283303,105994.29874138068
-1640.2960468800156,105994.25408882275
-1640.2680305142421,105994.22036662791
-1640.2400141458493,105994.18664443213
-1640.202478276682,105994.15276705334
-1640.17446190794,105994.11904485943
-1640.1464455414098,105994.08532266458
-1640.1184291747632,105994.05160047021
-1640.090593521949,105994.00679272925
-1640.06257715245,105993.97307053534
-1640.0345607851632,105993.93934834003
-1640.0065444177017,105993.90562614659
-1639.9690085467882,105993.87174876826
-1639.9409921764745,105993.83802657574
-1639.9129758083727,105993.8043043809
-1639.8849594402127,105993.77058218746
-1639.8569430717616,105993.73685999354
-1639.8289267007494,105993.70313780103
-1639.8010910457233,105993.65833005914
-1639.7730746767484,105993.62460786663
-1639.7355388040887,105993.5907304897
-1639.7170419357717,105993.55716347974
-1639.6890255662147,105993.52344128722
-1639.661009196483,105993.48971909471
-1639.6329928265186,105993.4559969022
-1639.5954569503665,105993.42211952433
-1639.5676212935941,105993.37731178431
-1639.5396049230476,105993.34358959133
-1639.5115885523264,105993.30986739974
-1639.483572178986,105993.2761452063
-1639.4555558079155,105993.24242301425
-1639.4275394366123,105993.20870082267
-1639.3995230651926,105993.17497862969
-1639.3715066910954,105993.1412564381
-1639.3434903193265,105993.10753424559
-1639.3059544434072,105993.07365686959
-1639.277938068728,105993.0399346766
-1639.249921696377,105993.00621248549
-1639.2219053237932,105992.97249029437
-1639.1938889509765,105992.93876810232
-1639.1658725755988,105992.90504591074
-1639.1473757065833,105992.87147890357
-1639.119359333301,105992.83775671199
-1639.0818234556355,105992.80387933692
-1639.0538070795592,105992.7701571458
-1639.0257907056948,105992.73643495422
-1638.9977743315976,105992.70271276357
-1638.969757957384,105992.66899057245
-1638.9417415804928,105992.63526838133
-1638.91372520593,105992.60154619068
-1638.8857088311343,105992.56782400049
-1638.8576924537192,105992.53410180984
-1638.8296760786325,105992.50037961965
-1638.8016597032547,105992.466657429
-1638.7736433277605,105992.43293523835
-1638.7456269495888,105992.39921304863
-1638.7176105737453,105992.36549085798
-1638.6895941975527,105992.33176866919
-1638.66157782136,105992.29804647807
-1638.6335614424897,105992.26432428788
-1638.6055450658896,105992.23060209816
-1638.5775286890566,105992.19687990937
-1638.549512312049,105992.16315771826
-1638.5214959324803,105992.129435529
-1638.4934795551235,105992.09571334021
-1638.4654631775338,105992.06199115049
-1638.437446799886,105992.02826896077
-1638.4094304195023,105991.99454677105
-1638.3814140413888,105991.96082458226
-1638.3533976631006,105991.92710239347
-1638.325381284696,105991.89338020422
-1638.2878453985904,105991.85950283194
-1638.2598290197784,105991.82578064222
-1638.2318126406753,105991.79205845436
-1638.203796261514,105991.75833626557
-1638.1757798796752,105991.72461407678
-1638.1477635001065,105991.69089188892
-1638.119747120305,105991.65716970107
-1638.0917307403288,105991.62344751274
-1638.0637143577915,105991.58972532302
-1638.0356979774078,105991.5560031361
-1638.0172011022223,105991.52243613079
-1637.9891847214894,105991.48871394293
-1637.951648832881,105991.45483657112
-1637.923632451857,105991.42111438373
-1637.8956160706002,105991.38739219634
-1637.8675996891689,105991.35367000848
-1637.8394025935559,105991.33103336813
-1637.8113862117752,105991.29731118027
-1637.7833698298782,105991.26358899288
-1637.7553534476901,105991.22986680595
-1637.7273370629991,105991.1961446181
-1637.69932068052,105991.1624224321
-1637.6713042978663,105991.12870024517
-1637.6432879149215,105991.09497805825
-1637.6152715294738,105991.06125587085
-1637.587255146238,105991.02753368439
-1637.5592387628276,105990.9938114984
-1637.5310416680295,105990.97117485758
-1637.503025281825,105990.93745266972
-1637.4750088978908,105990.90373048373
-1637.4469925137237,105990.87000829726
-1637.4189761294401,105990.83628611173
-1637.390959742479,105990.80256392527
-1637.3629433578462,105990.76884173835
-1637.3349269729806,105990.73511955282
-1637.3069105879404,105990.70139736682
-1637.278894200339,105990.66767518083
-1637.2508778148913,105990.63395299483
-1637.2228614293272,105990.60023080977
-1637.1948450435884,105990.56650862424
-1637.1666479443666,105990.54387198435
-1637.1386315582786,105990.51014979929
-1637.1106151719578,105990.47642761422
-1637.0730792792747,105990.44255024614
-1637.04506289016,105990.40882806154
-1637.017046503257,105990.37510587694
-1636.9890301161795,105990.34138369188
-1636.9610137289856,105990.30766150542
-1636.9329973390559,105990.27393932175
-1636.9048002409982,105990.2513026828
-1636.8769645637367,105990.20649495209
-1636.8489481756696,105990.17277276656
-1636.8209317851579,105990.13905058289
-1636.7927346864017,105990.11641394533
-1636.7647182979272,105990.0826917612
-1636.736701909278,105990.0489695766
-1636.7086855180096,105990.01524739247
-1636.6806691288948,105989.98152520834
-1636.6526527396636,105989.9478030242
-1636.6246363502578,105989.91408084007
-1636.5966199582326,105989.88035865687
-1636.5590840617078,105989.84648129158
-1636.5308869591681,105989.82384465495
-1636.5028705690638,105989.79012247128
-1636.4748541787267,105989.75640028808
-1636.446837788215,105989.72267810535
-1636.4188213950838,105989.68895592215
-1636.3908050041646,105989.65523373801
-1636.362788613129,105989.62151155481
-1636.3347722218605,105989.58778937208
-1636.3067558280309,105989.55406718934
-1636.2787394364132,105989.5203450066
-1636.2507230446208,105989.48662282294
-1636.213187145535,105989.45274545904
-1636.1849900411908,105989.43010882242
-1636.1569736489328,105989.39638663968
-1636.1289572563255,105989.36266445694
-1636.10094086366,105989.32894227514
-1636.072924468317,105989.29522009287
-1636.0449080752442,105989.2614979106
-1636.0168916819384,105989.2277757288
-1635.9793557811645,105989.19389836676
-1635.9513393875095,105989.1601761845
-1635.9231422818266,105989.1375395488
-1635.8951258878224,105989.10381736653
-1635.8671094937017,105989.07009518612
-1635.8390930992318,105989.03637300432
-1635.801557194849,105989.00249564182
-1635.773540800088,105988.96877346002
-1635.7455244026496,105988.93505127868
-1635.7175080075394,105988.90132909874
-1635.6894916122546,105988.8676069174
-1635.6614752167952,105988.83388473513
-1635.6334588186583,105988.80016255518
-1635.6054424227914,105988.76644037431
-1635.5679065190488,105988.73256301321
-1635.5398901227745,105988.69884083327
-1635.5118737238226,105988.66511865193
-1635.4836766183726,105988.64248201763
-1635.4556602215162,105988.60875983676
-1635.4181243167259,105988.57488247659
-1635.3901079195784,105988.54116029618
-1635.3620915197534,105988.50743811717
-1635.3340751222568,105988.47371593583
-1635.3060587245272,105988.43999375589
-1635.2685228161863,105988.40611639665
-1635.2405064180493,105988.37239421625
-1635.2124900197377,105988.3386720363
-1635.1844736187486,105988.30494985683
-1635.146757003502,105988.28215804417
-1635.1284408213105,105988.23750549834
-1635.0909049116308,105988.20362813771
-1635.0628885123879,105988.16990595963
-1635.0348721129121,105988.13618378108
-1635.006675004901,105988.11354714772
-1634.9691390969092,105988.07966978801
-1634.9411226944067,105988.04594760993
-1634.9131062942324,105988.01222543046
-1634.8850898939418,105987.97850325238
-1634.8570734934183,105987.9447810729
-1634.8195375817595,105987.91090371553
-1634.7915211808286,105987.87718153652
-1634.763504779723,105987.84345935937
-1634.735488375998,105987.80973717943
-1634.6979524659691,105987.77585982252
-1634.66975535627,105987.75322319055
-1634.6417389520211,105987.7195010134
-1634.6137225499842,105987.68577883393
-1634.576186639024,105987.65190147795
-1634.5481702366378,105987.61817929987
-1634.5203345417976,105987.57337157568
-1634.4921374287806,105987.55073494418
-1634.4641210257541,105987.51701276703
-1634.4265851113596,105987.48313541058
-1634.398568707984,105987.44941323297
-1634.3705523044337,105987.41569105629
-1634.3425359006505,105987.38196887821
-1634.304999985383,105987.3480915227
-1634.2769835812505,105987.31436934508
-1634.2489671768853,105987.28064716887
-1634.2209507724037,105987.24692499172
-1634.1834148586495,105987.21304763667
-1634.1553984513157,105987.17932545952
-1634.1272013388807,105987.15668882988
-1634.0896654220996,105987.1228114753
-1634.0616490165703,105987.08908929909
-1634.0336326109827,105987.0553671224
-1633.9960966958897,105987.02148976736
-1633.96808028745,105986.9877675916
-1633.9400638812222,105986.95404541586
-1633.912047474878,105986.92032323917
-1633.8840310681844,105986.88660106389
-1633.8464951521019,105986.85272370977
-1633.8184787426726,105986.81900153449
-1633.7904623355716,105986.7852793578
-1633.7529264162877,105986.75140200322
-1633.724910008721,105986.71767982887
-1633.6968936009798,105986.68395765359
-1633.6593576835003,105986.65008029994
-1633.631341272965,105986.61635812372
-1633.6033248646418,105986.58263594983
-1633.5657889464637,105986.54875859665
-1633.537772537733,105986.51503642276
-1633.5097561288276,105986.48131424701
-1633.47203950095,105986.45852244087
-1633.4440230916953,105986.42480026605
-1633.4160066798213,105986.39107809123
-1633.3784707603045,105986.35720073897
-1633.3504543504678,105986.32347856602
-1633.3224379404564,105986.28975639073
-1633.2946022342658,105986.2449486712
-1633.256885607494,105986.22215686459
-1633.2288691969006,105986.18843469117
-1633.2008527860744,105986.15471251728
-1633.1633168626577,105986.12083516503
-1633.135300451424,105986.0871129916
-1633.1072840400739,105986.05339081865
-1633.0697481160169,105986.01951346733
-1633.0417317041429,105985.98579129437
-1633.0041957821231,105985.95191394398
-1632.9761793699581,105985.91819177056
-1632.9481629551155,105985.8844695976
-1632.910627032339,105985.85059224628
-1632.8826106195338,105985.81687007332
-1632.8545942042256,105985.7831479013
-1632.8170582808089,105985.74927055044
-1632.7890418673633,105985.71554837795
-1632.761025451473,105985.68182620592
-1632.723308821558,105985.65903440211
-1632.6952924076468,105985.62531223055
-1632.6674566993024,105985.58050451102
-1632.6299207721604,105985.5466271611
-1632.601904357667,105985.51290499
-1632.573887942941,105985.47918281844
-1632.5363520151004,105985.44530546805
-1632.508335600025,105985.41158329695
-1632.48013847915,105985.3889466729
-1632.4426025531138,105985.35506932344
-1632.4145861374564,105985.32134715235
-1632.37705020851,105985.28746980429
-1632.3490337925032,105985.25374763226
-1632.321017373819,105985.22002546117
-1632.283481446677,105985.18614811217
-1632.255465030088,105985.15242594201
-1632.217929102364,105985.11854859348
-1632.1899126853677,105985.08482642192
-1632.1618962657521,105985.05110425176
-1632.124360337446,105985.01722690463
-1632.096343917423,105984.983504734
-1632.06832749967,105984.94978256337
-1632.0307915706653,105984.91590521671
-1632.002775152505,105984.88218304655
-1631.9747587317834,105984.84846087685
-1631.9372228020802,105984.81458352832
-1631.9092063832795,105984.78086135956
-1631.8811899643624,105984.74713918986
-1631.8436540316325,105984.71326184366
-1631.8156376122497,105984.67953967396
-1631.7874404879985,105984.6569030513
-1631.7499045546865,105984.62302570464
-1631.7218881347799,105984.58930353541
-1631.6843522033305,105984.55542618968
-1631.6563357830746,105984.52170402091
-1631.628319362586,105984.48798185075
-1631.590783428168,105984.45410450594
-1631.5627670072718,105984.42038233718
-1631.5252310722135,105984.38650499145
-1631.4972146510263,105984.35278282221
-1631.4691982296063,105984.31906065438
-1631.4316622964107,105984.28518330865
-1631.4036458745832,105984.25146114035
-1631.3756294501363,105984.21773897205
-1631.3380935163004,105984.18386162678
-1631.3100770914461,105984.15013945941
-1631.282060668862,105984.1164172925
-1631.2445247343276,105984.08253994817
-1631.216508311336,105984.0488177794
-1631.1884918856667,105984.0150956125
-1631.150955950492,105983.98121826816
-1631.1229395269183,105983.94749610173
-1631.085222884838,105983.92470430303
-1631.0572064608568,105983.8909821352
-1631.0291900368175,105983.8572599683
-1630.991654098034,105983.82338262536
-1630.9636376735289,105983.78966045799
-1630.9356212488492,105983.75593829202
-1630.89808531187,105983.72206094908
-1630.870068886783,105983.6883387817
-1630.8420524591347,105983.6546166148
-1630.8045165215153,105983.6207392728
-1630.7765000957297,105983.58701710636
-1630.7484836674994,105983.55329494085
-1630.7109477291815,105983.51941759838
-1630.6829313029302,105983.4856954324
-1630.6549148740596,105983.4519732655
-1630.6173789351014,105983.41809592443
-1630.589362508268,105983.38437375845
-1630.561165377847,105983.36173713859
-1630.5236294358037,105983.32785979751
-1630.4956130084465,105983.29413763201
-1630.4675965809147,105983.26041546557
-1630.4300606381148,105983.22653812543
-1630.4020442102337,105983.19281596085
-1630.3740277821198,105983.15909379488
-1630.3364918411244,105983.12521645334
-1630.3084754125448,105983.09149428876
-1630.280458981404,105983.05777212558
-1630.2427423368208,105983.03498033062
-1630.2147259052144,105983.00125816418
-1630.1867094759946,105982.96753600053
-1630.1586930465419,105982.9338138355
-1630.1211571040913,105982.89993649628
-1630.0931406717864,105982.86621433124
-1630.0651242417516,105982.83249216713
-1630.0275882986607,105982.79861482745
-1629.9995718682185,105982.76489266427
-1629.9715554375434,105982.7311704997
-1629.9435390043072,105982.69744833512
-1629.9060030603432,105982.66357099684
-1629.8778059241013,105982.6409343793
-1629.849789492786,105982.60721221473
-1629.8122535481234,105982.57333487691
-1629.7842371163424,105982.53961271374
-1629.7562206820585,105982.50589055009
-1629.7186847367557,105982.47201321134
-1629.6906683044508,105982.43829104817
-1629.6624711695476,105982.41565443063
-1629.6344547368353,105982.38193226792
-1629.596918788331,105982.34805492964
-1629.5689023552695,105982.31433276739
-1629.5408859194722,105982.28061060468
-1629.5128694861196,105982.24688844243
-1629.4753335390706,105982.21301110461
-1629.4473171052523,105982.17928894283
-1629.419300668873,105982.14556678105
-1629.3911035325727,105982.12293016491
-1629.3535675847088,105982.08905282663
-1629.3255511501338,105982.05533066485
-1629.2975347153842,105982.02160850307
-1629.2695182780153,105981.98788634129
-1629.2319823293365,105981.95400900487
-1629.2039658916183,105981.92028684216
-1629.1757687542122,105981.89765022788
-1629.1477523185313,105981.86392806657
-1629.1102163690375,105981.83005073015
-1629.0821999305626,105981.7963285679
-1629.0541834942997,105981.76260640752
-1629.0261670579202,105981.7288842462
-1628.98845040577,105981.70609245542
-1628.9604339665966,105981.6723702955
-1628.932417529577,105981.63864813466
-1628.9044010924408,105981.60492597427
-1628.8763846550137,105981.57120381296
-1628.8483682151418,105981.53748165257
-1628.8108322634362,105981.50360431755
-1628.7826351241674,105981.48096770328
-1628.754618683597,105981.44724554289
-1628.726602245355,105981.41352338297
-1628.6985858069384,105981.37980122212
-1628.661049851682,105981.3459238885
-1628.6328527117148,105981.32328727376
-1628.604836272716,105981.28956511337
-1628.5768198334845,105981.25584295439
-1628.54880339175,105981.22212079447
-1628.5207869522274,105981.18839863501
-1628.4830702970503,105981.16560684843
-1628.4550538571784,105981.13188468805
-1628.427037417132,105981.09816252952
-1628.399020974408,105981.06444037054
-1628.371004533954,105981.03071821108
-1628.3429880933254,105980.99699605023
-1628.314790951612,105980.97435943875
-1628.2867745081894,105980.94063727884
-1628.258758067037,105980.90691511985
-1628.2212221086957,105980.87303778762
-1628.1930249665165,105980.85040117567
-1628.165008524782,105980.81667901669
-1628.136992082873,105980.78295685723
-1628.1089756384026,105980.74923469871
-1628.080778495525,105980.7265980877
-1628.052762053092,105980.69287592918
-1628.0247456104844,105980.65915377019
-1627.9967291653156,105980.6254316126
-1627.968532021856,105980.60279500112
-1627.9405155787827,105980.56907284353
-1627.902979620616,105980.5351955113
-1627.8749631746905,105980.50147335278
-1627.8467660306487,105980.4788367413
-1627.8187495868187,105980.44511458464
-1627.790733142756,105980.41139242705
-1627.762716696132,105980.37767026853
-1627.73470025172,105980.3439481128
-1627.7065031069797,105980.32131150179
-1627.6784866622183,105980.2875893442
-1627.650470214896,105980.2538671866
-1627.6222730697482,105980.23123057513
-1627.594256624463,105980.19750841893
-1627.5662401790032,105980.16378626227
-1627.5382237310405,105980.13006410515
-1627.5100265852525,105980.1074274946
-1627.482010139327,105980.07370533841
-1627.453993693227,105980.03998318128
-1627.4257965445286,105980.0173465712
-1627.3977800981374,105979.98362441361
-1627.3697636514553,105979.94990225788
-1627.3415665047942,105979.9272656478
-1627.3135500553763,105979.89354349254
-1627.2855336082284,105979.85982133634
-1627.2575171608478,105979.82609918108
-1627.229320013721,105979.80346257007
-1627.2013035636628,105979.76974041387
-1627.1732871157,105979.73601825768
-1627.1450899681076,105979.71338164946
-1627.1170735198539,105979.67965949373
-1627.089057069039,105979.64593733847
-1627.0610406204942,105979.61221518274
-1627.0328434723197,105979.58957857359
-1627.0048270209227,105979.5558564188
-1626.976810571854,105979.52213426353
-1626.948613423272,105979.49949765485
-1626.930116489646,105979.4659306719
-1626.9021000399953,105979.4322085171
-1626.8739028885611,105979.40957190795
-1626.8458864386193,105979.37584975408
-1626.817869988503,105979.34212759882
-1626.789672839106,105979.31949098967
-1626.761656386312,105979.2857688358
-1626.7336399356136,105979.25204668147
-1626.705442785751,105979.22941007279
-1626.6774263348198,105979.19568791753
-1626.6494098812109,105979.16196576413
-1626.6307322470238,105979.13948432868
-1626.6027157955104,105979.10576217528
-1626.5746993439388,105979.07204002095
-1626.5465021932032,105979.0494034132
-1626.5184857388376,105979.0156812598
-1626.490469286684,105978.9819591064
-1626.462272135599,105978.95932249725
-1626.4342556830961,105978.92560034432
-1626.4062392279739,105978.89187819045
-1626.378042076365,105978.86924158456
-1626.3595451397123,105978.83567460254
-1626.3315286841826,105978.80195245007
-1626.3033315321663,105978.77931584185
-1626.275315078732,105978.74559368892
-1626.247298625065,105978.71187153645
-1626.2191014702548,105978.68923492962
-1626.1910850162385,105978.65551277762
-1626.1630685620476,105978.62179062422
-1626.1348714092164,105978.59915401833
-1626.1163744688383,105978.56558703678
-1626.0883580141235,105978.53186488431
-1626.060341559234,105978.49814273184
-1626.0321444059373,105978.47550612455
-1626.004127948312,105978.44178397302
-1625.9761114928988,105978.40806182195
-1625.9479143391363,105978.38542521512
-1625.9294174001552,105978.3518582345
-1625.901400944218,105978.31813608157
-1625.8732037900481,105978.29549947614
-1625.8451873313752,105978.26177732414
-1625.8171708749724,105978.228055174
-1625.788973720395,105978.20541856857
-1625.7704767781543,105978.17185158795
-1625.7424603212858,105978.13812943641
-1625.714263166301,105978.11549283005
-1625.6862467089668,105978.08177068038
-1625.658230249188,105978.04804852791
-1625.6300330937374,105978.02541192342
-1625.6115361530683,105977.99184494326
-1625.5835196950939,105977.95812279312
-1625.5553225368494,105977.93548618862
-1625.5273060786421,105977.90176403709
-1625.499289620202,105977.86804188695
-1625.4806119811255,105977.84556045244
-1625.4525955224526,105977.81183830276
-1625.4243983659544,105977.7892016978
-1625.3963819044293,105977.75547954813
-1625.3778849624796,105977.72191256797
-1625.3496878056321,105977.69927596347
-1625.3216713435831,105977.6655538124
-1625.2936548838043,105977.63183166273
-1625.2654577265494,105977.60919505917
-1625.246960783843,105977.5756280804
-1625.2189443211537,105977.54190593073
-1625.1907471634913,105977.5192693253
-1625.1627307028975,105977.48554717703
-1625.1442337597255,105977.45198019734
-1625.116036601481,105977.4293435947
-1625.0880201404798,105977.3956214441
-1625.060003676801,105977.36189929536
-1625.0318065182655,105977.33926269226
-1625.013309571892,105977.30569571303
-1624.985293110134,105977.27197356429
-1624.9570959511911,105977.24933696026
-1624.929079489084,105977.21561481245
-1624.9105825446313,105977.18204783415
-1624.8823853828362,105977.15941123152
-1624.8543689203216,105977.12568908138
-1624.826352457574,105977.09196693264
-1624.8076748156454,105977.06948550139
-1624.779658352607,105977.03576335311
-1624.7514611900551,105977.01312674861
-1624.7234447266674,105976.97940460127
-1624.7049477811088,105976.94583762344
-1624.676750618266,105976.9232010208
-1624.6487341543543,105976.889478873
-1624.6207176903263,105976.85575672379
-1624.6020400475245,105976.83327529347
-1624.5740235831472,105976.79955314519
-1624.5460071162088,105976.76583099784
-1624.5273294729996,105976.7433495652
-1624.4993130081566,105976.70962741785
-1624.471296543139,105976.67590526957
-1624.4430993814603,105976.65326866833
-1624.4246024319436,105976.61970169097
-1624.396585966344,105976.58597954409
-1624.3683888042578,105976.56334294192
-1624.3498918567784,105976.52977596456
-1624.3216946920147,105976.50713936472
-1624.293678225833,105976.47341721645
-1624.2656617594184,105976.43969507003
-1624.2469841151033,105976.41721363831
-1624.2189676484559,105976.38349149143
-1624.1909511791891,105976.34976934409
-1624.172273534583,105976.32728791237
-1624.1442570674117,105976.29356576735
-1624.116240597621,105976.2598436214
-1624.0975629526656,105976.23736218968
-1624.0695464850287,105976.20364004374
-1624.041530017159,105976.16991789732
-1624.0228523718542,105976.14743646607
-1623.9948359037517,105976.11371431919
-1623.9668194330297,105976.0799921737
-1623.9386222686153,105976.0573555734
-1623.9201253187493,105976.02378859697
-1623.8919281517155,105976.00115199806
-1623.8639116827399,105975.96742985165
-1623.8454147324665,105975.93386287522
-1623.8172175673535,105975.91122627584
-1623.7892010955256,105975.87750413083
-1623.7707041472895,105975.843937153
-1623.7425069793826,105975.82130055455
-1623.7144905094756,105975.7875784086
-1623.6959935583873,105975.7540114331
-1623.6677963900147,105975.7313748342
-1623.639779919642,105975.69765268872
-1623.621102272591,105975.6751712584
-1623.593085801811,105975.64144911338
-1623.5745888501406,105975.60788213881
-1623.5463916835724,105975.58524553804
-1623.5183752099401,105975.55152339395
-1623.4998782577459,105975.51795641845
-1623.4716810908285,105975.49531982047
-1623.4436646166723,105975.46159767546
-1623.4251676641288,105975.42803069996
-1623.3969704967458,105975.40539410105
-1623.3689540245687,105975.37167195696
-1623.3504570715595,105975.3381049824
-1623.3222599038272,105975.31546838302
-1623.2942434287397,105975.28174623894
-1623.2755657802336,105975.25926481048
-1623.2475493071834,105975.22554266686
-1623.219532831572,105975.19182052184
-1623.2008551827166,105975.16933909385
-1623.1728387092007,105975.1356169493
-1623.1543417551438,105975.10204997566
-1623.1261445863638,105975.07941337675
-1623.0981281123823,105975.04569123313
-1623.0796311554732,105975.01212425902
-1623.0514339862275,105974.98948766151
-1623.032937031472,105974.95592068648
-1623.0049205544055,105974.92219854333
-1622.9767233848106,105974.89956194628
-1622.9582264296478,105974.86599497171
-1622.9300292597618,105974.84335837467
-1622.9020127844997,105974.80963623105
-1622.8835158265429,105974.77606925694
-1622.8553186562494,105974.75343266036
-1622.8368217004463,105974.71986568626
-1622.808805224544,105974.6861435445
-1622.7806080514565,105974.6635069456
-1622.7621110976906,105974.62993997242
-1622.7340946188197,105974.59621782973
-1622.7058974477695,105974.57358123502
-1622.6874004886486,105974.54001425998
-1622.6592033173656,105974.5173776634
-1622.6407063604565,105974.48381068977
-1622.6126898832154,105974.45008854754
-1622.584492711525,105974.42745195096
-1622.5659957542084,105974.39388497779
-1622.5379792740569,105974.36016283603
-1622.5193016221747,105974.33768140897
-1622.491285144235,105974.30395926768
-1622.4632686636178,105974.27023712499
-1622.4445910113864,105974.24775569746
-1622.4165745328646,105974.21403355524
-1622.398077574675,105974.18046658253
-1622.3698804017622,105974.15782998735
-1622.3418639227748,105974.1241078456
-1622.3233669616748,105974.09054087335
-1622.2951697884127,105974.06790427724
-1622.2671533088433,105974.03418213688
-1622.2486563498387,105974.00061516324
-1622.2204591736663,105973.97797856899
-1622.2019622142543,105973.94441159628
-1622.173945734161,105973.91068945499
-1622.145748560084,105973.88805285981
-1622.1272515978198,105973.8544858871
-1622.0992351172608,105973.82076374674
-1622.07103794266,105973.79812715249
-1622.0525409825495,105973.76456017885
-1622.0245245014667,105973.73083803942
-1622.0058468473144,105973.70835661283
-1621.9778303634957,105973.6746344734
-1621.949813881889,105973.64091233304
-1621.9311362274457,105973.61843090598
-1621.9031197431614,105973.58470876608
-1621.875103261089,105973.55098662665
-1621.8564256062964,105973.52850519959
-1621.828409123933,105973.4947830597
-1621.8099121624255,105973.46121608838
-1621.7817149861949,105973.43857949413
-1621.7536985009792,105973.40485735564
-1621.735201539006,105973.371290382
-1621.707185055886,105973.33756824303
-1621.6789878766867,105973.31493165018
-1621.6604909143643,105973.2813646784
-1621.6324744307203,105973.2476425399
-1621.6137967748218,105973.22516111238
-1621.5857802908286,105973.19143897435
-1621.5577638066607,105973.15771683585
-1621.5392668412533,105973.12414986407
-1621.5110696635675,105973.10151327169
-1621.4830531788757,105973.06779113319
-1621.4645562130027,105973.03422416141
-1621.4363590349676,105973.01158756902
-1621.4083425498102,105972.97786543006
-1621.3898455859162,105972.94429845875
-1621.3616484074737,105972.92166186636
-1621.3431514409604,105972.88809489552
-1621.3151349551044,105972.85437275749
-1621.287118469132,105972.82065061852
-1621.2684408117202,105972.79816919379
-1621.2404243230121,105972.76444705622
-1621.212407836516,105972.73072491912
-1621.1937301787548,105972.70824349299
-1621.165713692084,105972.67452135589
-1621.1472167268512,105972.64095438551
-1621.11920023727,105972.60723224748
-1621.091003057314,105972.58459565509
-1621.0725060916739,105972.55102868471
-1621.0444896040717,105972.51730654761
-1621.0164731139084,105972.48358441098
-1620.9977954576607,105972.46110298624
-1620.9697789671482,105972.42738084961
-1620.9417624789057,105972.39365871157
-1620.9232655100059,105972.36009174166
-1620.895068328944,105972.33745515067
-1620.8670518401777,105972.30373301357
-1620.8485548733152,105972.27016604366
-1620.8205383841996,105972.23644390702
-1620.7923412001692,105972.2138073165
-1620.7643247107044,105972.18008518033
-1620.7458277432597,105972.14651820948
-1620.717811253504,105972.11279607378
-1620.689614071278,105972.09015948232
-1620.671117100981,105972.05659251288
-1620.6431006107596,105972.0228703767
-1620.6150841203053,105971.98914824147
-1620.5965871520457,105971.95558127062
-1620.5683899667347,105971.9329446815
-1620.540373475873,105971.89922254486
-1620.5218765070895,105971.86565557588
-1620.4938600158202,105971.83193344017
-1620.465662832372,105971.80929685058
-1620.447165860911,105971.77572988067
-1620.4191493691178,105971.74200774636
-1620.3911328770919,105971.70828561066
-1620.37263590761,105971.67471864121
-1620.3444387210766,105971.65208205115
-1620.316422228585,105971.61835991684
-1620.2979252586374,105971.58479294786
-1620.269908765913,105971.55107081216
-1620.2417115812423,105971.52843422396
-1620.2232146084425,105971.49486725405
-1620.195198115136,105971.4611451202
-1620.167181621713,105971.42742298497
-1620.1391651256708,105971.39370085066
-1620.1204874631367,105971.37121942732
-1620.09247096919,105971.33749729395
-1620.0644544750685,105971.30377515918
-1620.045957503724,105971.2702081902
-1620.0179410092533,105971.23648605589
-1619.9899245121633,105971.20276392251
-1619.961727325921,105971.18012733478
-1619.9432303539943,105971.14656036533
-1619.9152138564386,105971.11283823196
-1619.8871973610949,105971.07911609719
-1619.8687003887026,105971.04554913053
-1619.84050320182,105971.0229125414
-1619.8124867060687,105970.9891904085
-1619.78447020764,105970.95546827558
-1619.7659732346656,105970.92190130707
-1619.7379567383323,105970.8881791737
-1619.7099402418826,105970.85445703985
-1619.6817430540686,105970.83182045259
-1619.6632460781839,105970.798253485
-1619.635229581152,105970.76453135163
-1619.607213084004,105970.73080921825
-1619.5791965841781,105970.6970870858
-1619.560699610156,105970.66352011915
-1619.5326831123675,105970.62979798624
-1619.5046666144626,105970.5960758538
-1619.4859889491345,105970.57359443232
-1619.4579724508803,105970.53987229988
-1619.4299559501233,105970.50615016697
-1619.4019394515199,105970.47242803453
-1619.3834424765082,105970.43886106787
-1619.355425975169,105970.40513893543
-1619.3274094760418,105970.37141680298
-1619.2992122861324,105970.34878021665
-1619.2807153104804,105970.31521325
-1619.2526988084428,105970.28149111848
-1619.2246823087335,105970.2477689865
-1619.1966658087913,105970.21404685453
-1619.1781688325573,105970.18047988834
-1619.1501523322659,105970.14675775683
-1619.121955141367,105970.12412117049
-1619.0939386383398,105970.09039903944
-1619.0659221374663,105970.05667690653
-1619.0474251605337,105970.02310994128
-1619.0194086569827,105969.9893878093
-1618.9913921556436,105969.95566567872
-1618.963375654188,105969.92194354814
-1618.9353591500549,105969.88822141662
-1618.9168621723657,105969.85465445044
-1618.8888456703862,105969.82093232032
-1618.8606484779739,105969.79829573492
-1618.8326319756452,105969.7645736048
-1618.8141349973157,105969.73100663722
-1618.786118494696,105969.69728450757
-1618.7581019893987,105969.66356237745
-1618.7300854863133,105969.62984024687
-1618.7020689829951,105969.59611811675
-1618.6835720015806,105969.56255115103
-1618.6555554979714,105969.52882902138
-1618.6273583043367,105969.50619243691
-1618.5993417979917,105969.47247030772
-1618.5808448184398,105969.43890334107
-1618.552828314132,105969.40518121142
-1618.524811809766,105969.37145908177
-1618.4967953051091,105969.33773695212
-1618.468778797891,105969.30401482293
-1618.4407622928265,105969.27029269375
-1618.4222653124016,105969.23672572803
-1618.3942488071043,105969.20300359884
-1618.366232301516,105969.16928146919
-1618.3382157933665,105969.13555934094
-1618.3100185980438,105969.11292275786
-1618.2915216168622,105969.07935579168
-1618.2635051081888,105969.04563366296
-1618.2354886018438,105969.0119115347
-1618.207472095266,105968.97818940692
-1618.1794555884553,105968.94446727727
-1618.1609586066334,105968.91090031248
-1618.132942097087,105968.87717818469
-1618.1049255898106,105968.84345605597
-1618.0769090823596,105968.80973392772
-1618.048892574734,105968.776011799
-1618.0208760644891,105968.74228967028
-1617.992859556456,105968.70856754296
-1617.9743625735282,105968.67500057863
-1617.946346065146,105968.64127844991
-1617.9183295566472,105968.60755632306
-1617.8901323564933,105968.58491974091
-1617.8621158476453,105968.55119761266
-1617.8436188639607,105968.5176306488
-1617.8156023523188,105968.48390852148
-1617.787585842947,105968.45018639509
-1617.7595693334006,105968.41646426637
-1617.7315528236213,105968.38274213998
-1617.703536311281,105968.34902001359
-1617.685039326665,105968.3154530488
-1617.65702281642,105968.28173092194
-1617.6290063059423,105968.24800879508
-1617.6009897928452,105968.21428666869
-1617.5729732820764,105968.1805645409
-1617.5449567710748,105968.14684241405
-1617.5264597855858,105968.11327545112
-1617.498443274293,105968.0795533252
-1617.4704267627094,105968.04583119787
-1617.4424102485646,105968.01210907148
-1617.4143937366898,105967.97838694556
-1617.3863772245822,105967.94466481917
-1617.3583607123,105967.91094269231
-1617.330163509061,105967.8883061125
-1617.311666522408,105967.8547391491
-1617.28365000966,105967.82101702411
-1617.2556334942929,105967.78729489772
-1617.2276169811958,105967.75357277226
-1617.199600467924,105967.71985064633
-1617.1715839544195,105967.68612852087
-1617.1435674382956,105967.65240639541
-1617.1155509244418,105967.61868426995
-1617.0970539365662,105967.58511730703
-1617.0690374224214,105967.5513951825
-1617.041020905599,105967.5176730561
-1617.0130043910467,105967.48395093158
-1616.9849878762616,105967.45022880612
-1616.9569713614183,105967.41650668159
-1616.9289548438974,105967.38278455567
-1616.9009383285884,105967.34906243067
-1616.8729218130466,105967.31534030661
-1616.8449052974465,105967.28161818208
-1616.8264083079994,105967.24805122009
-1616.7983917921083,105967.21432909556
-1616.7703752734815,105967.18060697103
-1616.7423587570665,105967.14688484697
-1616.7143422405934,105967.11316272337
-1616.686325723771,105967.07944059931
-1616.658309204504,105967.04571847524
-1616.6304733749712,105967.00091080554
-1616.602456857625,105966.96718868194
-1616.5744403401623,105966.93346655695
-1616.5559433468152,105966.89989959588
-1616.527926828945,105966.86617747182
-1616.4999103085138,105966.83245534962
-1616.4718937902944,105966.79873322556
-1616.4438772719586,105966.76501110289
-1616.4158607533318,105966.7312889793
-1616.387844232202,105966.6975668557
-1616.359827713226,105966.66384473257
-1616.3318111941335,105966.6301226099
-1616.3037946748082,105966.59640048677
-1616.2757781528635,105966.56267836364
-1616.2477616332471,105966.52895624097
-1616.219745113398,105966.49523411831
-1616.191728593316,105966.46151199471
-1616.1637120706728,105966.42778987298
-1616.1356955502997,105966.39406775124
-1616.1076790296938,105966.36034562811
-1616.0796625089133,105966.32662350545
-1616.051826672512,105966.2818158376
-1616.023810151266,105966.24809371587
-1615.9957936299033,105966.2143715932
-1615.9772966357996,105966.18080463354
-1615.949280114146,105966.14708251134
-1615.9212635898148,105966.11336039007
-1615.8932470677537,105966.0796382674
-1615.8557110179681,105966.04576098453
-1615.8372140231077,105966.01219402486
-1615.8091974980198,105965.9784719036
-1615.7813616618514,105965.93366423715
-1615.753345138859,105965.89994211541
-1615.7253286156338,105965.86621999461
-1615.6973120898474,105965.83249787334
-1615.669295566273,105965.79877575114
-1615.6412790425238,105965.76505363034
-1615.6132625186,105965.73133151
-1615.585245992057,105965.69760938827
-1615.557229467784,105965.6638872684
-1615.5292129432783,105965.6301651476
-1615.5011964162113,105965.59644302726
-1615.4733605775982,105965.55163536174
-1615.4453440525685,105965.51791324047
-1615.417327527306,105965.4841911206
-1615.3893109994824,105965.45046900073
-1615.3612944738707,105965.4167468804
-1615.333277948026,105965.38302476006
-1615.2957418939332,105965.34914747905
-1615.267906051362,105965.30433981307
-1615.2398895249935,105965.27061769366
-1615.2118729983922,105965.23689557426
-1615.1838564716163,105965.20317345578
-1615.1558399421629,105965.16945133358
-1615.127823415096,105965.13572921511
-1615.099806887738,105965.10200709617
-1615.0717903602635,105965.06828497676
-1615.0437738300534,105965.03456285689
-1615.015937988006,105964.98975519324
-1614.9879214598914,105964.95603307383
-1614.9599049291573,105964.92231095489
-1614.9318884006934,105964.88858883549
-1614.903871872113,105964.85486671748
-1614.8758553432417,105964.821144599
-1614.8478388118092,105964.78742247913
-1614.8198222826468,105964.75370036066
-1614.7919864387368,105964.70889269793
-1614.763969909167,105964.67517057993
-1614.7359533769195,105964.64144846145
-1614.7079368470004,105964.60772634298
-1614.6801010022173,105964.56291867979
-1614.6520844718325,105964.52919656225
-1614.6240679388866,105964.49547444424
-1614.5960514082108,105964.46175232576
-1614.558515348297,105964.42787504755
-1614.5304988171556,105964.39415293
-1614.5026629710337,105964.34934526682
-1614.474646439543,105964.31562314928
-1614.4466299053747,105964.2819010322
-1614.4186133734765,105964.24817891512
-1614.3905968413455,105964.21445679711
-1614.3625803090981,105964.1807346805
-1614.3345637742896,105964.14701256389
-1614.306727926596,105964.10220490117
-1614.2787113937084,105964.06848278409
-1614.2506948583177,105964.03476066841
-1614.2226783250808,105964.0010385504
-1614.1946617916692,105963.96731643379
-1614.157306411129,105963.92235361319
-1614.12928987731,105963.88863149565
-1614.1012733433163,105963.85490937904
-1614.073256809148,105963.82118726335
-1614.0452402723022,105963.78746514674
-1614.0174044223386,105963.74265748542
-1613.9893878875882,105963.7089353702
-1613.9613713526633,105963.67521325359
-1613.933354815119,105963.64149113791
-1613.9053382797283,105963.60776902176
-1613.8773217442213,105963.57404690702
-1613.8399663608288,105963.52908408642
-1613.8119498249143,105963.49536197074
-1613.783933288767,105963.46163985506
-1613.7559167525033,105963.42791773984
-1613.727900213562,105963.39419562416
-1613.699883676949,105963.36047350941
-1613.6720478243078,105963.31566584855
-1613.644031287171,105963.28194373427
-1613.6160147475312,105963.24822161952
-1613.5879982101033,105963.21449950384
-1613.5506428265944,105963.16953668464
-1613.5226262887008,105963.13581457082
-1613.4946097505745,105963.1020924556
-1613.4665932100033,105963.06837034132
-1613.438576671586,105963.0346482275
-1613.4105601329356,105963.00092611322
-1613.3825435941108,105962.96720399754
-1613.3547077366384,105962.92239633901
-1613.3266911974642,105962.88867422426
-1613.2986746581155,105962.85495211091
-1613.270658118534,105962.82122999616
-1613.2426415763912,105962.78750788374
-1613.2052861897973,105962.742545065
-1613.1772696472472,105962.70882295212
-1613.1492531069089,105962.67510083783
-1613.1212365663378,105962.64137872448
-1613.093220025592,105962.60765661113
-1613.0652034822851,105962.57393449731
-1613.0373676247546,105962.52912683878
-1613.0093510834267,105962.4954047259
-1612.9718150088447,105962.4615274542
-1612.9437984671677,105962.42780534085
-1612.915781925316,105962.39408322796
-1612.8879460666212,105962.3492755713
-1612.8599295219174,105962.31555345748
-1612.8319129793672,105962.28183134552
-1612.803896436817,105962.2481092331
-1612.7758798939176,105962.21438712114
-1612.7478633485152,105962.18066500733
-1612.7200274884817,105962.13585735112
-1612.6920109450584,105962.1021352387
-1612.6639944014605,105962.06841312815
-1612.6264583267039,105962.03453585692
-1612.5984417826403,105962.00081374496
-1612.5704252360738,105961.967091633
-1612.5424086917192,105961.93336952152
-1612.5145728300558,105961.88856186438
-1612.4865562854102,105961.85483975243
-1612.4585397379706,105961.82111764187
-1612.4305231928593,105961.78739553038
-1612.402506647515,105961.75367341889
-1612.3744901020546,105961.7199513074
-1612.3466542367241,105961.67514365213
-1612.318637690798,105961.64142153971
-1612.2811016108608,105961.60754427034
-1612.2530850645853,105961.57382216118
-1612.225068518077,105961.54010005109
-1612.1970519714523,105961.50637793867
-1612.1690354222083,105961.47265582858
-1612.141018875176,105961.43893371848
-1612.1130023279693,105961.40521160746
-1612.0851664630463,105961.36040395265
-1612.0571499130456,105961.32668184256
-1612.0291333652567,105961.29295973247
-1612.001116817235,105961.25923762098
-1611.973100269097,105961.22551551135
-1611.9450837182812,105961.19179340266
-1611.9170671697939,105961.15807129256
-1611.8890506210737,105961.124349182
-1611.8610340721789,105961.09062707284
-1611.8331982028903,105961.04581941757
-1611.805181653588,105961.01209730795
-1611.7771651041112,105960.97837519972
-1611.7491485544015,105960.94465309056
-1611.7116124700988,105960.91077582305
-1611.6931154520717,105960.87720887177
-1611.6555793698644,105960.8433316052
-1611.637082351488,105960.80976465484
-1611.6090657984605,105960.77604254615
-1611.5810492477613,105960.74232043559
-1611.5435131646227,105960.70844316995
-1611.515496611013,105960.67472106218
-1611.4874800597318,105960.64099895488
-1611.4594635082176,105960.60727684479
-1611.4314469564706,105960.57355473703
-1611.4034304021625,105960.5398326288
-1611.3754138500663,105960.5061105215
-1611.3569168301765,105960.47254356975
-1611.3289002777892,105960.43882146152
-1611.2915448718704,105960.39385865116
-1611.2635283190175,105960.36013654387
-1611.23551176599,105960.32641443657
-1611.2074952127878,105960.2926923288
-1611.1794786569662,105960.25897022057
-1611.1514621033566,105960.22524811327
-1611.1234455496306,105960.1915260069
-1611.1049485283438,105960.15795905655
-1611.0769319718238,105960.12423694879
-1611.0489154175157,105960.09051484149
-1611.0208988630911,105960.05679273466
-1610.9928823084338,105960.02307062782
-1610.9648657510988,105959.98934852099
-1610.9366685150308,105959.9667119584
-1610.9086519598495,105959.9329898511
-1610.8806354044937,105959.89926774474
-1610.8526188465767,105959.8655456379
-1610.8246022908716,105959.83182353247
-1610.7965857349336,105959.79810142564
-1610.7685691788793,105959.76437931973
-1610.7405526201474,105959.7306572129
-1610.7125360637438,105959.69693510747
-1610.684519506991,105959.66321300063
-1610.656502950238,105959.62949089473
-1610.6284863908077,105959.59576878976
-1610.6004698335892,105959.5620466834
-1610.5724532762542,105959.52832457749
-1610.5444367186865,105959.49460247159
-1610.5164201584994,105959.46088036709
-1610.4979231362813,105959.42731341766
-1610.4699065758614,105959.39359131223
-1610.4418900175951,105959.35986920679
-1610.413873459096,105959.32614710182
-1610.385676219943,105959.30351054203
-1610.3576596587664,105959.26978843706
-1610.3296430998016,105959.23606633302
-1610.301626540604,105959.20234422712
-1610.27360998129,105959.16862212168
-1610.2455934193567,105959.1349000181
-1610.2175768596353,105959.10117791314
-1610.1990798310144,105959.06761096558
-1610.171063271002,105959.03388886014
-1610.1430467107566,105959.0001667561
-1610.1148494700901,105958.97753019584
-1610.086832907109,105958.9438080918
-1610.058816346398,105958.91008598823
-1610.0307997854543,105958.8763638828
-1610.002783224394,105958.84264177922
-1609.9747666606563,105958.80891967658
-1609.9560889530112,105958.7864382728
-1609.9280723914271,105958.75271616876
-1609.9000558296684,105958.71899406612
-1609.8720392676769,105958.68527196208
-1609.8440227031242,105958.65154985804
-1609.8160061407834,105958.6178277554
-1609.7879895782098,105958.58410565229
-1609.759792335739,105958.56146909343
-1609.731775770546,105958.52774699032
-1609.7037592075067,105958.49402488675
-1609.6852621783619,105958.46045794012
-1609.6572456150316,105958.42673583748
-1609.6292290514102,105958.39301373437
-1609.6012124852277,105958.35929163126
-1609.573015241709,105958.33665507473
-1609.5449986776803,105958.30293297209
-1609.5169821134768,105958.26921086805
-1609.4889655465377,105958.2354887668
-1609.4609489819268,105958.20176666416
-1609.4329324171413,105958.16804456199
-1609.4142547047231,105958.145563161
-1609.3862381395884,105958.1118410579
-1609.3582215743372,105958.07811895665
-1609.3302050087368,105958.04439685447
-1609.3021884406917,105958.01067475183
-1609.2739911956014,105957.98803819576
-1609.2459746295353,105957.95431609312
-1609.2179580634693,105957.92059399188
-1609.1899414946092,105957.88687189016
-1609.1714444627287,105957.853304944
-1609.1434278960805,105957.81958284276
-1609.1154113291996,105957.78586074151
-1609.0872140806168,105957.76322418591
-1609.0591975133866,105957.72950208467
-1609.0311809459818,105957.69577998389
-1609.003164378344,105957.66205788404
-1608.9751478082035,105957.6283357814
-1608.946950561367,105957.60569922533
-1608.9284535280894,105957.57213227917
-1608.9004369598115,105957.53841017885
-1608.872420391417,105957.5046880776
-1608.8442231439985,105957.4820515234
-1608.8162065728102,105957.44832942262
-1608.7881900038337,105957.41460732324
-1608.7601734346244,105957.38088522246
-1608.7414957194123,105957.35840382101
-1608.713479149912,105957.32468172116
-1608.6854625802953,105957.29095962131
-1608.6574460080592,105957.2572375224
-1608.6292487594765,105957.2346009668
-1608.6012321893359,105957.20087886741
-1608.5732156189624,105957.16715676757
-1608.554718583764,105957.13358982233
-1608.5267020106548,105957.09986772342
-1608.4985047613736,105957.07723116875
-1608.4704881903017,105957.04350906936
-1608.4424716191133,105957.00978697045
-1608.4142743670382,105956.98715041671
-1608.3862577955006,105956.95342831686
-1608.3677607593127,105956.9198613721
-1608.3397441874258,105956.88613927364
-1608.3115469372133,105956.8635027199
-1608.2835303649772,105956.82978061959
-1608.25551379018,105956.7960585216
-1608.2274972175946,105956.76233642315
-1608.1992999668,105956.73969987128
-1608.1808029271197,105956.70613292512
-1608.1527863540105,105956.67241082806
-1608.1245891028084,105956.64977427386
-1608.0965725269634,105956.6160521754
-1608.0685559534468,105956.58233007742
-1608.0405393795809,105956.54860797944
-1608.012342127855,105956.5259714271
-1607.9938450895716,105956.49240448326
-1607.9658285129117,105956.45868238481
-1607.93763126072,105956.43604583154
-1607.9096146861557,105956.40232373402
-1607.8815981113003,105956.36860163743
-1607.853581533942,105956.33487953944
-1607.8349038171582,105956.31239814125
-1607.8068872418953,105956.27867604373
-1607.778870666516,105956.24495394668
-1607.7506734132767,105956.22231739433
-1607.7226568351034,105956.18859529635
-1607.694640259142,105956.15487319883
-1607.675962541718,105956.1323918011
-1607.647945963021,105956.09866970452
-1607.6199293865357,105956.06494760653
-1607.5917321325396,105956.04231105652
-1607.5637155557051,105956.00858895993
-1607.5355182989733,105955.98595240805
-1607.5170212582452,105955.95238546515
-1607.489004680945,105955.9186633681
-1607.460988103412,105955.8849412715
-1607.4327908486594,105955.86230472103
-1607.4047742683906,105955.8285826249
-1607.376757690392,105955.79486052925
-1607.3580799716292,105955.77237913152
-1607.3300633933395,105955.73865703586
-1607.302046814817,105955.70493494021
-1607.2738495567464,105955.68229838973
-1607.2458329779329,105955.64857629267
-1607.2271552586462,105955.62609489542
-1607.1991386770387,105955.59237279976
-1607.1711220977595,105955.55865070503
-1607.142924841377,105955.53601415409
-1607.1149082618067,105955.50229205983
-1607.0867110027466,105955.47965550935
-1607.0682139595738,105955.44608856691
-1607.0401973794214,105955.41236647218
-1607.0120001223404,105955.3897299217
-1606.9839835395105,105955.35600782698
-1606.9559669588925,105955.32228573132
-1606.9372892383253,105955.29980433686
-1606.909272657358,105955.26608224073
-1606.8812560762162,105955.23236014647
-1606.8530588183785,105955.209723596
-1606.8250422345009,105955.17600150174
-1606.796844976372,105955.15336495265
-1606.7783479291247,105955.11979801208
-1606.750150670763,105955.09716146206
-1606.7221340886317,105955.06343936874
-1606.694117506384,105955.02971727448
-1606.6659202451701,105955.00708072493
-1606.6474231997272,105954.97351378435
-1606.619225940667,105954.9508772362
-1606.5912093577208,105954.91715514194
-1606.5630120984279,105954.89451859286
-1606.5349955126876,105954.8607964986
-1606.5164984689327,105954.82722955802
-1606.4883012068458,105954.80459300987
-1606.4602846230846,105954.77087091701
-1606.4320873629767,105954.7482343684
-1606.4040707788663,105954.71451227553
-1606.3855737296399,105954.68094533542
-1606.3573764691828,105954.65830878774
-1606.3293598822784,105954.62458669441
-1606.3011626215302,105954.60195014579
-1606.2731460365467,105954.56822805386
-1606.2544683131855,105954.54574665846
-1606.226451727969,105954.51202456607
-1606.1982544643688,105954.48938801792
-1606.1702378788032,105954.45566592552
-1606.1420406172983,105954.43302937783
-1606.1235435691196,105954.39946243772
-1606.095346307382,105954.3768258919
-1606.0673297187313,105954.34310379857
-1606.0391324566444,105954.32046725182
-1606.0206354079419,105954.28690031171
-1605.9924381432356,105954.26426376402
-1605.9644215563894,105954.23054167163
-1605.936224293895,105954.20790512627
-1605.9082077066414,105954.1741830348
-1605.8895299817668,105954.1517016394
-1605.8615133918356,105954.1179795484
-1605.8333161288174,105954.09534300119
-1605.8052995409817,105954.06162091065
-1605.7866218156414,105954.03913951619
-1605.7586052274564,105954.00541742565
-1605.7304079614696,105953.98278087797
-1605.70239137311,105953.94905878743
-1605.683713647246,105953.92657739343
-1605.6555163808516,105953.90394084714
-1605.62749979191,105953.87021875707
-1605.5993025277276,105953.84758221032
-1605.5808054766385,105953.81401527254
-1605.5526082122233,105953.79137872579
-1605.5245916201966,105953.75765663618
-1605.4963943554321,105953.7350200899
-1605.4777166288113,105953.71253869683
-1605.4497000387637,105953.67881660629
-1605.4215027737082,105953.65618006047
-1605.3934861809248,105953.62245797133
-1605.3748084538383,105953.5999765778
-1605.3467918632086,105953.56625448726
-1605.3185945950681,105953.5436179419
-1605.2903973293724,105953.52098139748
-1605.2719002766535,105953.48741445923
-1605.2437030106084,105953.4647779148
-1605.2156864191638,105953.43105582427
-1605.197008691437,105953.40857443167
-1605.168811422598,105953.38593788678
-1605.1407948306296,105953.3522157981
-1605.1125975640025,105953.32957925368
-1605.0939198334236,105953.30709786015
-1605.0659032410476,105953.27337577147
-1605.0377059739549,105953.25073922751
-1605.009508706804,105953.22810268309
-1604.9910116526298,105953.19453574484
-1604.9628143828013,105953.17189920088
-1604.934617115301,105953.14926265739
-1604.9066005219938,105953.11554056872
-1604.8879227929865,105953.09305917565
-1604.8599061993882,105953.05933708698
-1604.831708928803,105953.03670054488
-1604.8130311995628,105953.01421915134
-1604.784833928803,105952.99158260878
-1604.7568173345644,105952.95786051964
-1604.7286200660747,105952.93522397708
-1604.7099423363106,105952.91274258494
-1604.6819257416064,105952.87902049674
-1604.6537284703227,105952.85638395324
-1604.6350507426541,105952.8339025625
-1604.6068534711376,105952.81126601808
-1604.578836875793,105952.77754393034
-1604.550639606372,105952.75490738917
-1604.531961873523,105952.73242599703
-1604.503764603869,105952.70978945354
-1604.4757480079425,105952.67606736533
-1604.457070277247,105952.65358597506
-1604.428873004741,105952.63094943156
-1604.400856408407,105952.59722734476
-1604.372659138171,105952.57459080219
-1604.3539814069518,105952.55210941145
-1604.3257841364248,105952.52947286982
-1604.2975868658395,105952.50683632726
-1604.2790898056119,105952.47326939134
-1604.2508925347356,105952.45063284971
-1604.22269526124,105952.42799630808
-1604.1944979901891,105952.40535976551
-1604.1758202583296,105952.38287837524
-1604.147803660424,105952.34915628936
-1604.1196063889656,105952.32651974633
-1604.1009286568733,105952.30403835652
-1604.0727313826792,105952.28140181396
-1604.0445341108134,105952.2587652742
-1604.0163368388312,105952.2361287321
-1603.9978397772065,105952.20256179664
-1603.9696425050497,105952.17992525594
-1603.94144523266,105952.15728871478
-1603.9227674998692,105952.13480732357
-1603.8945702272467,105952.11217078334
-1603.8665536253247,105952.07844869839
-1603.8383563525276,105952.05581215722
-1603.8196786192711,105952.03333076648
-1603.7914813462412,105952.01069422578
-1603.7632840729784,105951.98805768602
-1603.7446063371608,105951.96557629528
-1603.7164090636652,105951.94293975644
-1603.6882117901696,105951.92030321527
-1603.660195186967,105951.88658112986
-1603.6415174531285,105951.86409973959
-1603.6133201791672,105951.84146320028
-1603.585122905206,105951.81882666051
-1603.5664451710181,105951.79634527024
-1603.5382478967658,105951.7737087314
-1603.5100506199524,105951.75107219024
-1603.4818533455255,105951.7284356514
-1603.463175610872,105951.70595426159
-1603.4349783337675,105951.68331772182
-1603.4067810589913,105951.66068118298
-1603.3882839967264,105951.62711424753
-1603.360086721601,105951.60447770962
-1603.3318894464755,105951.58184116986
-1603.3132117112982,105951.55935978098
-1603.285014433437,105951.53672324168
-1603.2568171579042,105951.51408670284
-1603.2381394224358,105951.4916053135
-1603.2099421442254,105951.46896877419
-1603.1817448684014,105951.44633223722
-1603.1535475923447,105951.42369569698
-1603.134869856527,105951.40121430904
-1603.1066725802375,105951.3785777702
-1603.0784753015032,105951.3559412309
-1603.0597975653363,105951.33345984248
-1603.031600288814,105951.31082330504
-1603.003222339903,105951.29927231092
-1602.9750250631478,105951.27663577301
-1602.9563473242451,105951.2541543846
-1602.9281500471989,105951.23151784623
-1602.8999527676497,105951.20888130786
-1602.8812750333454,105951.18639991945
-1602.8530777535634,105951.16376338294
-1602.8248804761097,105951.14112684457
-1602.8062027390115,105951.11864545662
-1602.778005461325,105951.09600891825
-1602.749808183522,105951.07337238127
-1602.7216109031579,105951.05073584337
-1602.7029331657104,105951.02825445542
-1602.6747358851135,105951.00561791798
-1602.646538606903,105950.982981381
-1602.6278608691646,105950.96049999353
-1602.599482918973,105950.94894900033
-1602.5712856403552,105950.92631246382
-1602.5430883592344,105950.90367592778
-1602.5244106235332,105950.8811945403
-1602.4962133421795,105950.8585580024
-1602.468016063096,105950.83592146588
-1602.449338322389,105950.81344007794
-1602.4211410430726,105950.7908035419
-1602.3929437637562,105950.76816700492
-1602.374085353571,105950.75677116215
-1602.3458880739636,105950.73413462704
-1602.317690791795,105950.71149809007
-1602.2990130553953,105950.68901670212
-1602.270815772994,105950.66638016654
-1602.2426184929209,105950.64374363096
-1602.2142405414488,105950.63219264057
-1602.1955627997522,105950.60971125215
-1602.16736551933,105950.58707471611
-1602.1391682389076,105950.56443818146
-1602.1204904993065,105950.54195679352
-1602.0922932162648,105950.51932025887
-1602.0639152642107,105950.507769268
-1602.035717983381,105950.48513273196
-1602.0170402433723,105950.46265134634
-1601.9888429623097,105950.44001481077
-1601.960465007578,105950.4284638199
-1601.9417872673366,105950.40598243335
-1601.9135899859248,105950.38334589824
-1601.8853927019518,105950.36070936453
-1601.8667149614776,105950.33822797751
-1601.8383370087831,105950.32667698804
-1601.8101397268474,105950.304040452
-1601.7914619861403,105950.28155906592
-1601.76326470403,105950.25892253174
-1601.7348867485998,105950.2473715418
-1601.7162090076017,105950.22489015479
-1601.6880117252585,105950.2022536206
-1601.659814440296,105950.17961708643
-1601.6409560282482,105950.16822124459
-1601.6127587455558,105950.1455847118
-1601.584561462747,105950.1229481767
-1601.5657030505827,105950.11155233625
-1601.537505767541,105950.08891580207
-1601.5093084819382,105950.06627926836
-1601.4811111986637,105950.04364273371
-1601.4622527862666,105950.03224689374
-1601.4340555003728,105950.00961035956
-1601.4058582168072,105949.98697382631
-1601.3869998042355,105949.97557798633
-1601.358802520379,105949.95294145215
-1601.3306052365806,105949.93030491797
-1601.311746823776,105949.918909078
-1601.283549537242,105949.89627254475
-1601.2553522530943,105949.87363601197
-1601.2364938401151,105949.86224017153
-1601.2082965533482,105949.83960363874
-1601.1800992687931,105949.81696710596
-1601.1612408555811,105949.80557126552
-1601.1330435709679,105949.78293473227
-1601.1048462861218,105949.76029819949
-1601.0859878727933,105949.74890235905
-1601.057790585328,105949.7262658272
-1601.0294126301887,105949.71471483912
-1601.010734886746,105949.69223345397
-1600.9825375989312,105949.66959692119
-1600.9541596436175,105949.65804593451
-1600.9259623580147,105949.63540940173
-1600.907103944337,105949.62401356269
-1600.8789066586178,105949.60137703037
-1600.8602289145929,105949.57889564615
-1600.8318509563687,105949.56734465947
-1600.8036536703585,105949.54470812762
-1600.7752757144626,105949.53315714002
-1600.756597967702,105949.51067575533
-1600.7284006813425,105949.48803922348
-1600.7000227252138,105949.47648823727
-1600.6813449806068,105949.45400685305
-1600.652967021917,105949.44245586684
-1600.62476973515,105949.41981933452
-1600.6059113207739,105949.40842349688
-1600.577714033774,105949.38578696363
-1600.549336077238,105949.37423597882
-1600.5306583297206,105949.35175459366
-1600.5022803730099,105949.34020360839
-1600.4740830856608,105949.31756707747
-1600.4552246709354,105949.30617123935
-1600.427027380967,105949.28353470797
-1600.3986494239653,105949.27198372083
-1600.3799716783687,105949.249502338
-1600.351774390554,105949.22686580848
-1600.3233964333194,105949.21531482227
-1600.3047186849872,105949.19283343945
-1600.2763407276943,105949.1812824537
-1600.247962770285,105949.1697314675
-1600.2292850241065,105949.14725008467
-1600.2009070641943,105949.13569909893
-1600.172709775623,105949.11306256894
-1600.153851360199,105949.10166673036
-1600.125654071453,105949.0790302013
-1600.0972761136363,105949.06747921556
-1600.0785983646056,105949.04499783367
-1600.0502204066142,105949.03344684746
-1600.021842448623,105949.02189586451
-1600.0031647017458,105948.99941448029
-1599.9747867411352,105948.98786349595
-1599.9465894517489,105948.96522696689
-1599.9277310358011,105948.95383112878
-1599.8993530774023,105948.94228014397
-1599.871155787725,105948.91964361444
-1599.8522973692743,105948.90824777726
-1599.8241000793641,105948.8856112482
-1599.8052416631836,105948.87421540963
-1599.7770443730988,105948.85157888103
-1599.7486664118478,105948.84002789715
-1599.7298079954926,105948.82863205997
-1599.701610705175,105948.80599553091
-1599.6732327461941,105948.7944445475
-1599.6543743272778,105948.78304870939
-1599.626177036669,105948.76041218173
-1599.5977990773972,105948.74886119785
-1599.5694211181835,105948.7373102135
-1599.5507433698513,105948.71482883254
-1599.5223654080182,105948.70327784866
-1599.49398744863,105948.69172686571
-1599.4753097000648,105948.66924548382
-1599.4469317404437,105948.65769450134
-1599.4185537807643,105948.64614351792
-1599.39987602958,105948.62366213556
-1599.371498069726,105948.61211115262
-1599.3528203207534,105948.58962977165
-1599.3244423608994,105948.5780787887
-1599.2960643984843,105948.56652780529
-1599.2772059810814,105948.55513196904
-1599.249008689134,105948.53249544185
-1599.220630728989,105948.52094445936
-1599.2017723090248,105948.50954862218
-1599.1735750167863,105948.48691209545
-1599.1451970564085,105948.4753611125
-1599.1168190959143,105948.46381013095
-1599.0979606782785,105948.45241429424
-1599.0697633831296,105948.42977776751
-1599.041385422519,105948.41822678503
-1599.0225270047085,105948.40683094831
-1598.9941490439815,105948.39527996816
-1598.9659517508699,105948.3726434405
-1598.9470933304983,105948.36124760564
-1598.9187153695384,105948.34969662223
-1598.8903374086367,105948.33814564068
-1598.8714789904188,105948.32674980536
-1598.8432816945715,105948.3041132791
-1598.8244232762372,105948.29271744378
-1598.7960453149863,105948.2811664627
-1598.7676673537353,105948.26961548114
-1598.739470059867,105948.24697895488
-1598.7206116389716,105948.2355831191
-1598.6922336774878,105948.22403213894
-1598.6638557135593,105948.21248115599
-1598.6449972973205,105948.2010853216
-1598.6166193332756,105948.18953434052
-1598.5884220388252,105948.16689781565
-1598.5695636201417,105948.15550198033
-1598.5411856581923,105948.14395099971
-1598.5128076963592,105948.13240001863
-1598.4939492749982,105948.12100418378
-1598.4655713129323,105948.10945320409
-1598.437374015688,105948.08681667829
-1598.4185155965388,105948.07542084297
-1598.3901376343565,105948.06386986282
-1598.3617596720578,105948.05231888266
-1598.3429012528504,105948.04092304828
-1598.3145232904935,105948.02937206812
-1598.2863259949954,105948.00673554325
-1598.267467573227,105947.99533970794
-1598.2390896106372,105947.98378872871
-1598.210711645661,105947.97223774949
-1598.191853226046,105947.96084191417
-1598.1634752633981,105947.94929093448
-1598.1350973005174,105947.93773995573
-1598.1162388809025,105947.92634412041
-1598.0878609180218,105947.91479314072
-1598.0594829525799,105947.9032421629
-1598.0406245327904,105947.89184632804
-1598.012246569735,105947.88029534835
-1597.9840492708609,105947.85765882488
-1597.9651908508968,105947.8462629905
-1597.9368128876085,105947.83471201314
-1597.908434924262,105947.82316103345
-1597.8800569608575,105947.81161005376
-1597.861198540777,105947.80021422077
-1597.8328205748112,105947.78866324155
-1597.813962154556,105947.77726740763
-1597.7855841909768,105947.76571642887
-1597.7572062248364,105947.75416545058
-1597.738347804523,105947.74276961619
-1597.7099698407692,105947.73121863883
-1597.681591876899,105947.71966766007
-1597.6532139129704,105947.70811668225
-1597.6343554925406,105947.69672084879
-1597.605977526051,105947.6851698705
-1597.5775995619479,105947.67361889314
-1597.5587411412853,105947.66222305875
-1597.5303631747374,105947.65067208139
-1597.5019852104597,105947.63912110403
-1597.473607246182,105947.62757012574
-1597.4547488252865,105947.61617429322
-1597.4263708608923,105947.60462331539
-1597.3979928939953,105947.59307233756
-1597.3791344729834,105947.58167650457
-1597.3507565084146,105947.57012552768
-1597.3318980872864,105947.55872969469
-1597.3035201202147,105947.54717871733
-1597.2751421554713,105947.53562774044
-1597.2467641906696,105947.52407676214
-1597.227905769425,105947.51268093102
-1597.199527804507,105947.50112995412
-1597.171149837086,105947.4895789763
-1597.1427718721097,105947.4780280008
-1597.1239134506322,105947.46663216734
-1597.0955354855396,105947.45508119045
-1597.0669768546359,105947.45461575873
-1597.0481184305972,105947.44321992667
-1597.01974046533,105947.43166895071
-1596.9913625000045,105947.42011797335
-1596.9629845322343,105947.40856699785
-1596.9441261104657,105947.39717116533
-1596.9157481449656,105947.38562018936
-1596.8873701794073,105947.37406921387
-1596.858992213849,105947.3625182379
-1596.8399531263858,105947.36220795056
-1596.81175582367,105947.33957142988
-1596.7831971924752,105947.3391059991
-1596.7548192267423,105947.32755502267
-1596.7359608021798,105947.316159192
-1596.7075828362722,105947.30460821558
-1596.6792048702482,105947.29305724055
-1596.6508269017795,105947.28150626551
-1596.6319684819318,105947.27011043346
-1596.603409848176,105947.26964500267
-1596.5750318820355,105947.25809402717
-1596.5466539157787,105947.24654305307
-1596.5277954933117,105947.23514722148
-1596.4994175269967,105947.22359624645
-1596.4708588931244,105947.2231308166
-1596.442480926693,105947.21157984156
-1596.414102960145,105947.20002886653
-1596.3952445350587,105947.18863303587
-1596.366866568569,105947.1770820613
-1596.338307937025,105947.17661663145
-1596.309929967858,105947.16506565642
-1596.2910715449834,105947.15366982529
-1596.262693578261,105947.14211885119
-1596.234315611422,105947.13056787662
-1596.205937644525,105947.11901690345
-1596.1868985567125,105947.11870661704
-1596.158520589699,105947.10715564294
-1596.1301426202408,105947.0956046693
-1596.101764653169,105947.08405369567
-1596.0732060213923,105947.08358826628
-1596.0543475956656,105947.07219243608
-1596.0259696284775,105947.06064146385
-1595.997591661173,105947.04909048835
-1595.9690330269514,105947.04862505989
-1595.9406550595304,105947.03707408672
-1595.9217966360739,105947.02567825746
-1595.8934186685947,105947.01412728243
-1595.8648600366432,105947.0136618535
-1595.8364820666611,105947.0021108822
-1595.8081040990655,105946.99055990903
-1595.7795454670559,105946.99009448104
-1595.7606870433083,105946.97869865038
-1595.7323090755963,105946.96714767767
-1595.7039311053231,105946.95559670543
-1595.6755531374365,105946.94404573226
-1595.6469945053104,105946.94358030427
-1595.6281360790017,105946.93218447501
-1595.5997581109405,105946.92063350324
-1595.5711994788144,105946.92016807571
-1595.542821510695,105946.90861710161
-1595.5144435401307,105946.89706613077
-1595.4858849079465,105946.89660070324
-1595.4575069396524,105946.8850497324
-1595.4384678514907,105946.88473944739
-1595.4100898831966,105946.87318847375
-1595.3817119123996,105946.86163750244
-1595.353153280099,105946.86117207538
-1595.3247753116302,105946.84962110361
-1595.296397343045,105946.83807013184
-1595.2678387083579,105946.83760470478
-1595.2394607396564,105946.82605373347
-1595.220602315152,105946.81465790514
-1595.1920436827932,105946.81419247855
-1595.1636657139752,105946.80264150817
-1595.1352877427707,105946.79109053593
-1595.1067291103536,105946.79062510934
-1595.0783511414193,105946.77907413943
-1595.049792508944,105946.7786087133
-1595.0214145375066,105946.76705774199
-1594.9928559050313,105946.76659231586
-1594.9644779359223,105946.75504134549
-1594.945619508624,105946.74364551716
-1594.9170608760323,105946.74318009103
-1594.888682906807,105946.73162912019
-1594.8601242742152,105946.73116369452
-1594.831746302545,105946.71961272368
-1594.8031876699533,105946.71914729849
-1594.774809700495,105946.70759632904
-1594.7462510654004,105946.70713090338
-1594.7178730960004,105946.69557993347
-1594.6893144633505,105946.69511450827
-1594.6609364937758,105946.6835635379
-1594.6325585216982,105946.67201256892
-1594.60399988899,105946.67154714419
-1594.5851414635545,105946.66015131585
-1594.5565828308463,105946.65968589112
-1594.528204861097,105946.64813492168
-1594.4996462283307,105946.64766949695
-1594.471268255962,105946.63611852843
-1594.4427096231957,105946.6356531037
-1594.4143316532718,105946.62410213379
-1594.3857730204472,105946.62363670906
-1594.3573950479622,105946.61208574101
-1594.3288364151376,105946.61162031721
-1594.3002777822549,105946.61115489295
-1594.2718998121563,105946.59960392397
-1594.243341176887,105946.5991384997
-1594.214963206614,105946.58758753119
-1594.1864045737311,105946.58712210739
-1594.158026600955,105946.57557113841
-1594.129467968014,105946.57510571508
-1594.1010899976245,105946.56355474656
-1594.0725313646835,105946.56308932276
-1594.044153391791,105946.55153835565
-1594.0155947587918,105946.55107293231
-1593.9872167882277,105946.53952196287
-1593.9586581552285,105946.53905654
-1593.9300995197846,105946.53859111667
-1593.901721549104,105946.52704014955
-1593.8731629160466,105946.52657472668
-1593.8446042831056,105946.52610930381
-1593.8162263098056,105946.51455833716
-1593.7781481323764,105946.51393777318
-1593.7495894994354,105946.51347235031
-1593.721211526019,105946.50192138366
-1593.6926528929034,105946.50145596126
-1593.6642749219318,105946.48990499415
-1593.6357162888162,105946.48943957174
-1593.607157653314,105946.4889741498
-1593.5785990202567,105946.4885087274
-1593.5502210490522,105946.47695775982
-1593.5216624159366,105946.47649233788
-1593.4932844422292,105946.46494137123
-1593.4647258091718,105946.4644759493
-1593.436167175998,105946.46401052736
-1593.407789204619,105946.45245956164
-1593.3792305690004,105946.4519941397
-1593.3506719358265,105946.45152871823
-1593.3222939643892,105946.43997775158
-1593.2842157868436,105946.43935718993
-1593.2556571536115,105946.43889176846
-1593.2270985180512,105946.43842634745
-1593.198720546381,105946.4268753822
-1593.170161913149,105946.42640996119
-1593.1416032799752,105946.42594454018
-1593.1130446443567,105946.42547911918
-1593.084666672512,105946.41392815392
-1593.0561080393381,105946.41346273292
-1593.0180298592895,105946.41284217173
-1592.9894712259993,105946.41237675119
-1592.9609125928255,105946.41191133065
-1592.9325346208643,105946.40036036586
-1592.9039759851294,105946.39989494532
-1592.8755980131682,105946.38834398054
-1592.847039379878,105946.38787856046
-1592.8184807465877,105946.38741314039
-1592.789922110911,105946.38694772031
-1592.761363477679,105946.38648230024
-1592.723285297514,105946.38586174045
-1592.6949073252617,105946.37431077659
-1592.6663486920297,105946.37384535652
-1592.6377900587395,105946.37337993691
-1592.6092314230045,105946.3729145173
-1592.5806727897143,105946.37244909815
-1592.542594611994,105946.3718285393
-1592.5140359787038,105946.37136311969
-1592.485658006277,105946.35981215583
-1592.4570993729867,105946.35934673669
-1592.4285407372518,105946.35888131754
-1592.3999821039615,105946.35841589887
-1592.3714234706713,105946.35795047972
-1592.342864837381,105946.35748506058
-1592.3049673177302,105946.3457789584
-1592.27640868444,105946.34531353973
-1592.2478500511497,105946.34484812105
-1592.2192914154148,105946.34438270284
-1592.1907327820663,105946.34391728416
-1592.1526546019595,105946.34329672623
-1592.124095968611,105946.34283130802
-1592.0955373353208,105946.34236588981
-1592.0669787019724,105946.34190047206
-1592.0384200662374,105946.34143505385
-1592.0098614329472,105946.3409696361
-1591.971783255227,105946.34034907911
-1591.9432246219367,105946.33988366136
-1591.9146659886464,105946.33941824362
-1591.8861073529697,105946.33895282587
-1591.8480291752494,105946.33833226934
-1591.8194705419592,105946.3378668516
-1591.7909119062242,105946.33740143431
-1591.7623532729922,105946.3369360175
-1591.733975299634,105946.3253850555
-1591.7054166663438,105946.32491963822
-1591.6673384861788,105946.32429908216
-1591.6387798528885,105946.32383366534
-1591.6102212195983,105946.32336824853
-1591.5816625838634,105946.32290283171
-1591.5434037464438,105946.33336782083
-1591.5148451131536,105946.33290240448
-1591.4862864798633,105946.33243698766
-1591.4577278466313,105946.33197157132
-1591.4291692109546,105946.33150615497
-1591.3910910332343,105946.33088559983
-1591.3625324000604,105946.33042018395
-1591.3339737643255,105946.3299547676
-1591.3054151311517,105946.32948935172
-1591.2673369534314,105946.32886879751
-1591.2385976583464,105946.33948892541
-1591.2100390251726,105946.33902351
-1591.1814803919406,105946.33855809411
-1591.1529217587085,105946.33809267869
-1591.1148435811047,105946.33747212449
-1591.086284945486,105946.33700670907
-1591.0577263123123,105946.33654129412
-1591.0291676791385,105946.3360758787
-1590.9910894990899,105946.33545532497
-1590.9623502067407,105946.34607545473
-1590.9337915735669,105946.34561003977
-1590.9052329404512,105946.34514462482
-1590.8671547604608,105946.34452407155
-1590.8385961273452,105946.34405865707
-1590.8098568351706,105946.35467878683
-1590.7812981996685,105946.35421337187
-1590.743220022181,105946.35359281907
-1590.7146613890654,105946.35312740505
-1590.6859220970655,105946.36374753481
-1590.657363464008,105946.36328212079
-1590.6192852840759,105946.36266156845
-1590.5907266510185,105946.36219615443
-1590.5619873591932,105946.37281628512
-1590.5334287237492,105946.3723508711
-1590.4953505463782,105946.37173031922
-1590.4667919109343,105946.37126490567
-1590.438233277935,105946.37079949211
-1590.4094939862844,105946.38141962327
-1590.3714158090297,105946.38079907186
-1590.3428571760305,105946.38033365831
-1590.3142985430313,105946.37986824522
-1590.2855592491105,105946.39048837591
-1590.247481071914,105946.38986782497
-1590.218922438915,105946.38940241188
-1590.190183145227,105946.4000225435
-1590.1521049679723,105946.39940199349
-1590.1233656744007,105946.41002212418
-1590.0948070414597,105946.40955671156
-1590.0662484086351,105946.40909129893
-1590.0279895731946,105946.41955629364
-1589.99943094037,105946.41909088101
-1589.9708723051008,105946.41862546885
-1589.9421330142068,105946.42924560187
-1589.904054837185,105946.42862505186
-1589.8754962019157,105946.4281596397
-1589.8467569110799,105946.43877977226
-1589.8086787341163,105946.43815922271
-1589.7801200989052,105946.43769381102
-1589.7513808081858,105946.44831394358
-1589.7228221754776,105946.44784853188
-1589.6845633407356,105946.45831352705
-1589.6560047080275,105946.45784811536
-1589.6272654151544,105946.46846824791
-1589.5987067824462,105946.46800283622
-1589.560447947937,105946.47846783325
-1589.5318893129006,105946.47800242202
-1589.5031500225887,105946.48862255458
-1589.474591389997,105946.48815714382
-1589.4363325531594,105946.49862214038
-1589.407773920626,105946.49815672962
-1589.379034630605,105946.50877686357
-1589.3409564539324,105946.50815631589
-1589.3122171639116,105946.51877644984
-1589.2836585290497,105946.51831103954
-1589.2550998965162,105946.51784562925
-1589.2168410625309,105946.52831062675
-1589.188282427669,105946.52784521645
-1589.1595431379392,105946.53846534947
-1589.130984505522,105946.53799993917
-1589.092725669383,105946.54846493807
-1589.0639863798278,105946.55908507202
-1589.035427747469,105946.55861966219
-1589.00668845803,105946.56923979707
-1588.9686102815904,105946.56861925079
-1588.939870989765,105946.57923938613
-1588.9113123575225,105946.5787739763
-1588.8730535241775,105946.58923897427
-1588.844314232585,105946.59985910915
-1588.8157556003425,105946.59939369978
-1588.7870163111947,105946.6100138356
-1588.7487574757542,105946.62047883356
-1588.7201988436282,105946.62001342466
-1588.6914595547132,105946.63063356047
-1588.6627202658565,105946.64125369722
-1588.6246420897078,105946.64063315233
-1588.5960834552534,105946.64016774343
-1588.567344166513,105946.65078787832
-1588.5386048777727,105946.6614080146
-1588.500526699354,105946.66078746971
-1588.4717874107882,105946.67140760645
-1588.443048122339,105946.6820277418
-1588.4143088338897,105946.69264787901
-1588.3762306555873,105946.69202733506
-1588.3474913672544,105946.70264747087
-1588.3187520765932,105946.71326760622
-1588.2901934447582,105946.71280219825
-1588.2519346126355,105946.723267199
-1588.2231953245355,105946.73388733622
-1588.1944560364936,105946.74450747343
-1588.165897404775,105946.74404206593
-1588.1371581143467,105946.7546622022
-1588.0988992826315,105946.76512720529
-1588.0701599947643,105946.77574734157
-1588.0416013607755,105946.77528193453
-1588.0128620730247,105946.78590207081
-1587.9746032390976,105946.7963670739
-1587.9460446074954,105946.79590166686
-1587.9173053199775,105946.80652180407
-1587.8885660324595,105946.81714194082
-1587.8598267426132,105946.82776207943
-1587.8215679114219,105946.83822708111
-1587.7930092799943,105946.83776167454
-1587.7642699927092,105946.84838181222
-1587.7355307055404,105946.85900195083
-1587.7067914159852,105946.86962208897
-1587.668532585143,105946.88008709066
-1587.639793298149,105946.89070723113
-1587.6112346644513,105946.89024182502
-1587.5824953775154,105946.90086196223
-1587.553756090696,105946.91148210037
-1587.5154972577584,105946.92194710532
-1587.4867579710553,105946.932567243
-1587.4580186844105,105946.9431873816
-1587.4292793978238,105946.95380752021
-1587.4007207643008,105946.95334211458
-1587.3624619341572,105946.96380711813
-1587.3337226477452,105946.97442725766
-1587.3049833613914,105946.98504739627
-1587.2762440750957,105946.99566753628
-1587.2475047864718,105947.00628767489
-1587.2187655002344,105947.01690781489
-1587.1805066706147,105947.02737281984
-1587.1517673821072,105947.03799295938
-1587.1230280961026,105947.04861309845
-1587.0942888102145,105947.05923323845
-1587.0657301794272,105947.05876783375
-1587.0369908912107,105947.06938797422
-1587.008251605439,105947.08000811376
-1586.9699927762267,105947.09047311917
-1586.9412534881849,105947.10109325824
-1586.912514202646,105947.11171339918
-1586.883774917107,105947.12233354012
-1586.8550356316846,105947.13295367965
-1586.8262963439338,105947.14357382059
-1586.7975570586277,105947.154193962
-1586.7688177733799,105947.16481410153
-1586.7400784881902,105947.17543424247
-1586.70181965956,105947.18589924881
-1586.6730803721584,105947.19651938928
-1586.6443410870852,105947.20713953068
-1586.6156018022448,105947.21775967116
-1586.5868625174044,105947.22837981209
-1586.5581232301192,105947.2389999535
-1586.5293839453952,105947.24962009396
-1586.5006446607294,105947.2602402363
-1586.4719053760637,105947.27086037723
-1586.4431660891278,105947.28148051864
-1586.414246150176,105947.30318620522
-1586.3855068658013,105947.31380634569
-1586.3567675814847,105947.32442648849
-1586.3280282947235,105947.33504662989
-1586.2897694672574,105947.3455116367
-1586.2610301831155,105947.3561317795
-1586.232290896587,105947.36675192183
-1586.2035516125616,105947.37737206416
-1586.1748123286525,105947.38799220556
-1586.1460730447434,105947.3986123479
-1586.117333758506,105947.4092324907
-1586.0885944747715,105947.41985263303
-1586.059855191037,105947.43047277536
-1586.030935253366,105947.45217846241
-1586.0021959673613,105947.46279860474
-1585.9734566838597,105947.47341874661
-1585.9447174004745,105947.4840388908
-1585.9159781170893,105947.49465903314
-1585.8872388313757,105947.50527917594
-1585.8583188942866,105947.52698486345
-1585.829579611076,105947.53760500718
-1585.80084032804,105947.54822514905
-1585.7816205855925,105947.5590004269
-1585.752881302731,105947.5696205697
-1585.7239613661077,105947.59132625768
-1585.6952220832463,105947.60194640141
-1585.6664827980567,105947.61256654421
-1585.63774351537,105947.6231866884
-1585.6090042326832,105947.63380683353
-1585.580264950171,105947.6444269754
-1585.551345011685,105947.66613266477
-1585.5226057292894,105947.67675280757
-1585.4938664468937,105947.68737295177
-1585.4651271646144,105947.69799309596
-1585.4362072264776,105947.71969878394
-1585.407467944373,105947.73031892814
-1585.3787286622683,105947.74093907233
-1585.3498087269254,105947.76264476171
-1585.3305889854673,105947.77342003956
-1585.3018497035373,105947.7840401833
-1585.2731104217237,105947.79466032796
-1585.2441904844018,105947.81636601733
-1585.2154512027046,105947.82698616199
-1585.1867119211238,105947.83760630572
-1585.157791986363,105947.85931199556
-1585.1385722478153,105947.87008727388
-1585.1098329639644,105947.88070741901
-1585.0810936825583,105947.8913275646
-1585.0521737483214,105947.91303325305
-1585.023434467148,105947.9236533991
-1584.9946951835882,105947.93427354377
-1584.9657752496423,105947.95597923361
-1584.9465555113275,105947.96675451146
-1584.9178162304452,105947.97737465706
-1584.8888962967321,105947.99908034783
-1584.8601570135215,105948.00970049249
-1584.831417732872,105948.02032063855
-1584.8120173420757,105948.04218146112
-1584.783278059098,105948.05280160764
-1584.7543581258506,105948.07450729748
-1584.725618845434,105948.08512744308
-1584.6968795651337,105948.0957475896
-1584.6774791746866,105948.11760841217
-1584.6487398921163,105948.12822856009
-1584.619819959451,105948.14993424946
-1584.5910806794418,105948.16055439645
-1584.5718609418836,105948.17132967385
-1584.5429410094512,105948.19303536601
-1584.514201727172,105948.20365551207
-1584.4854624473955,105948.2142756586
-1584.4660620553186,105948.23613648163
-1584.4373227756587,105948.24675662909
-1584.4084028436919,105948.26846232032
-1584.3796635642648,105948.27908246731
-1584.3602631748654,105948.30094329081
-1584.3315238954965,105948.3115634378
-1584.3027846137993,105948.3221835848
-1584.283384224691,105948.34404440876
-1584.254644945555,105948.35466455529
-1584.2257250142866,105948.37637024745
-1584.206505275215,105948.38714552764
-1584.1775853441795,105948.4088512198
-1584.1488460652763,105948.41947136633
-1584.1294456766918,105948.44133219076
-1584.1007063979632,105948.45195233822
-1584.0717864648905,105948.47365802992
-1584.0525667285547,105948.4844333101
-1584.023827450059,105948.49505345803
-1583.9949075196637,105948.51675915066
-1583.9756877809996,105948.52753442992
-1583.9467678508954,105948.54924012301
-1583.9180285726907,105948.55986027094
-1583.8986281848047,105948.58172109537
-1583.8698889068328,105948.59234124329
-1583.840968974575,105948.61404693592
-1583.82156858698,105948.63590776129
-1583.7928293091245,105948.64652791014
-1583.7734289192595,105948.6683887341
-1583.7446896415786,105948.67900888296
-1583.7157697122893,105948.70071457606
-1583.6965499767684,105948.71148985578
-1583.6676300476538,105948.73319554934
-1583.6484103122493,105948.74397082953
-1583.6194903808646,105948.76567652263
-1583.6000899940263,105948.78753734892
-1583.5713507168693,105948.79815749684
-1583.5424307859503,105948.81986319041
-1583.523211053107,105948.83063847106
-1583.4944717737962,105948.84125861991
-1583.4750713873073,105948.86311944574
-1583.4463321105577,105948.87373959506
-1583.4269317217404,105948.89560042042
-1583.39801179379,105948.91730611492
-1583.3787920589093,105948.92808139417
-1583.3498721311335,105948.9497870896
-1583.3306523964275,105948.96056236979
-1583.301732468768,105948.98226806521
-1583.2823320805328,105949.00412889011
-1583.2535928043653,105949.01474904083
-1583.2341924186912,105949.03660986526
-1583.2054531426402,105949.04723001597
-1583.1860527571407,105949.06909084087
-1583.1571328276768,105949.09079653583
-1583.1379130934365,105949.10157181602
-1583.1089931666502,105949.12327751191
-1583.0895927815,105949.14513833821
-1583.0608535034116,105949.15575848846
-1583.0416337694624,105949.16653376911
-1583.0127138430253,105949.18823946454
-1582.9934941091342,105949.19901474519
-1582.964574180427,105949.22072044108
-1582.9453544466523,105949.23149572173
-1582.9164345206227,105949.25320141856
-1582.8970341359964,105949.27506224439
-1582.8682948610513,105949.2856823951
-1582.848894474213,105949.3075432214
-1582.829494089936,105949.32940404769
-1582.8007548151654,105949.3400241984
-1582.781354431063,105949.36188502517
-1582.7524345057318,105949.38359072106
-1582.733214769978,105949.39436600264
-1582.7042948448216,105949.41607169854
-1582.6848944610683,105949.4379325253
-1582.6656747279922,105949.44870780734
-1582.6367548030685,105949.47041350277
-1582.6173544171616,105949.49227432907
-1582.5886151429731,105949.50289448164
-1582.5693954101298,105949.51366976462
-1582.5404754856718,105949.53537546052
-1582.5212557528866,105949.54615074163
-1582.501855367329,105949.56801156979
-1582.473116093548,105949.5786317205
-1582.4537157104933,105949.6004925482
-1582.4343153276131,105949.62235337496
-1582.4055760540068,105949.63297352754
-1582.3861756688566,105949.6548343543
-1582.357255745097,105949.67654005066
-1582.3380360128358,105949.6873153341
-1582.318635630305,105949.70917616086
-1582.2897157068946,105949.73088185722
-1582.2704959723633,105949.74165714066
-1582.2510955900652,105949.76351796836
-1582.222175666946,105949.78522366518
-1582.2029559349176,105949.79599894863
-1582.1835555504658,105949.81785977446
-1582.1546356276376,105949.83956547175
-1582.1352352458052,105949.8614262999
-1582.1064959731884,105949.87204645248
-1582.0872762415675,105949.88282173639
-1582.067875857465,105949.90468256408
-1582.048656128347,105949.9154578466
-1582.0197362035979,105949.93716354575
-1582.0003358222311,105949.95902437298
-1581.9811160907848,105949.96979965642
-1581.952196166385,105949.99150535371
-1581.9327957876958,105950.0133661828
-1581.9135760563659,105950.02414146531
-1581.8846561323153,105950.04584716354
-1581.865255751356,105950.0677079917
-1581.8460360203171,105950.07848327467
-1581.817116098886,105950.1001889729
-1581.7977157181595,105950.12204980012
-1581.7784959848505,105950.13282508543
-1581.7590956042986,105950.15468591312
-1581.7301756833913,105950.17639161088
-1581.7107753029559,105950.1982524395
-1581.6915555698797,105950.20902772294
-1581.6626356492052,105950.23073342163
-1581.6434159185737,105950.241508706
-1581.6241961880587,105950.25228398899
-1581.6047958056442,105950.27414481808
-1581.575875885319,105950.29585051816
-1581.5566561549203,105950.3066258016
-1581.5372557751834,105950.3284866293
-1581.517855395563,105950.35034745745
-1581.4891161224805,105950.36096761236
-1581.4697157454211,105950.38282844145
-1581.4503153635887,105950.40468927054
-1581.4213954439037,105950.42639496876
-1581.402175714029,105950.4371702536
-1581.3827753347578,105950.45903108269
-1581.363374955603,105950.48089191131
-1581.3346356831607,105950.49151206575
-1581.3152353042387,105950.51337289484
-1581.2958349253167,105950.53523372486
-1581.276615195733,105950.5460090083
-1581.257214814541,105950.56786983786
-1581.2284755448927,105950.57848999277
-1581.2090751662618,105950.60035082139
-1581.1898554369109,105950.61112610763
-1581.1609355183318,105950.63283180678
-1581.1415351375472,105950.6546926354
-1581.122315408371,105950.66546792118
-1581.1029150301474,105950.6873287512
-1581.0739951119758,105950.70903444989
-1581.0547753829742,105950.71980973566
-1581.0353750049835,105950.74167056428
-1581.0159746271092,105950.76353139477
-1580.9965742468485,105950.78539222339
-1580.9678349781316,105950.7960123797
-1580.9484346004901,105950.81787320925
-1580.9290342228487,105950.83973403927
-1580.9098144917516,105950.85050932411
-1580.890414114343,105950.87237015367
-1580.861494197161,105950.89407585422
-1580.842274468625,105950.90485113999
-1580.8228740914492,105950.92671196908
-1580.803654363146,105950.93748725485
-1580.7747344438685,105950.95919295587
-1580.7555147155654,105950.96996824071
-1580.7361143386224,105950.99182907026
-1580.716713961796,105951.01368990121
-1580.6974942337256,105951.02446518745
-1580.6685743173584,105951.04617088707
-1580.6493545869598,105951.05694617331
-1580.6299542104243,105951.07880700473
-1580.610553833947,105951.10066783288
-1580.5913341061678,105951.11144311959
-1580.5624141878216,105951.1331488206
-1580.543013811577,105951.15500965156
-1580.5237940839725,105951.16578493733
-1580.5043937079026,105951.18764576782
-1580.4849933319492,105951.20950659737
-1580.4562540649204,105951.22012675507
-1580.4368536890252,105951.24198758556
-1580.417453310918,105951.2638484165
-1580.3982335835462,105951.27462370181
-1580.378833207942,105951.29648453323
-1580.3500939413207,105951.30710469
-1580.3306935634464,105951.32896552002
-1580.3114738363074,105951.33974080719
-1580.2920734609943,105951.36160163814
-1580.2726730857976,105951.38346246723
-1580.2534533588914,105951.39423775626
-1580.224533444387,105951.41594345681
-1580.205133069423,105951.43780428777
-1580.1859133401886,105951.44857957494
-1580.1665129653993,105951.47044040589
-1580.1471125906683,105951.4923012359
-1580.1183733247453,105951.50292139454
-1580.098972947686,105951.52478222689
-1580.0795725731878,105951.5466430569
-1580.0603528467473,105951.55741834408
-1580.0409524724237,105951.57927917456
-1580.0215520981,105951.60114000598
-1579.9928128325846,105951.61176016368
-1579.9734124584356,105951.6336209951
-1579.9541927298415,105951.64439628227
-1579.934792355867,105951.66625711368
-1579.915572629834,105951.67703240039
-1579.8866527169012,105951.69873810327
-1579.8672523406567,105951.72059893468
-1579.8480326147983,105951.73137422325
-1579.8286322411732,105951.7532350528
-1579.809412515373,105951.76401034137
-1579.7900121419225,105951.78587117279
-1579.770611768472,105951.8077320042
-1579.7418725038879,105951.8183521633
-1579.7224721282255,105951.84021299472
-1579.7030717550078,105951.86207382753
-1579.683852029615,105951.87284911377
-1579.6644516541273,105951.89470994612
-1579.6452319312375,105951.90548523376
-1579.6163120170822,105951.92719093664
-1579.5969116442138,105951.94905176945
-1579.577691919054,105951.95982705615
-1579.5582915464183,105951.98168788897
-1579.5390718213166,105951.9924631766
-1579.519671446411,105952.01432400756
-1579.5004517213674,105952.02509929705
-1579.471531810239,105952.0468050004
-1579.4521314380108,105952.06866583228
-1579.4329117106972,105952.07944112085
-1579.4135113410885,105952.10130195227
-1579.3941109665902,105952.12316278461
-1579.374891241896,105952.13393807271
-1579.3554908700753,105952.15579890553
-1579.3267516068881,105952.16641906463
-1579.3073512350675,105952.18827989744
-1579.2879508609767,105952.21014073072
-1579.2687311365735,105952.22091601742
-1579.249330765102,105952.2427768507
-1579.2299303936306,105952.26463768212
-1579.210710669402,105952.27541297162
-1579.1817907595541,105952.2971186759
-1579.1625710330554,105952.3078939654
-1579.1431706619333,105952.32975479681
-1579.1239509378793,105952.34053008631
-1579.1045505668735,105952.36239091819
-1579.0853308405494,105952.37316620722
-1579.0659304721048,105952.3950270391
-1579.0370105605107,105952.41673274618
-1579.0177908367477,105952.42750803428
-1578.9983904660912,105952.44936886709
-1578.9789900955511,105952.47122969944
-1578.9597703719628,105952.48200498894
-1578.9403699991526,105952.50386582082
-1578.9211502756807,105952.51464110985
-1578.9017499054316,105952.53650194267
-1578.8728299969807,105952.55820764927
-1578.8536102712387,105952.56898293784
-1578.8342099012225,105952.59084377065
-1578.8148095312063,105952.61270460533
-1578.7955898081418,105952.62347989297
-1578.7761894383002,105952.64534072671
-1578.7569697152358,105952.65611601667
-1578.7280498074251,105952.67782172188
-1578.7088300820906,105952.68859701091
-1578.6894297125982,105952.71045784466
-1578.670029343164,105952.73231867794
-1578.6508096202742,105952.7430939665
-1578.631409251073,105952.76495479979
-1578.612189528416,105952.77573008975
-1578.592789156828,105952.7975909235
-1578.5733887878014,105952.81945175724
-1578.5446495272336,105952.83007191867
-1578.5252491583815,105952.85193275288
-1578.5060294335708,105952.86270804191
-1578.486629064777,105952.88456887705
-1578.4672286960995,105952.90642971033
-1578.4480089737917,105952.9172050003
-1578.428608605289,105952.93906583451
-1578.4093888831558,105952.94984112307
-1578.3804689768585,105952.97154683014
-1578.3610686061438,105952.99340766342
-1578.341848884127,105953.00418295385
-1578.3224485160317,105953.026043789
-1578.3032287941314,105953.03681907803
-1578.2838284260943,105953.05867991224
-1578.2644280581735,105953.08054074692
-1578.2452083340613,105953.09131603548
-1578.2162884284626,105953.11302174348
-1578.1970687068533,105953.12379703391
-1578.1776683392236,105953.14565786766
-1578.1582679692656,105953.1675187028
-1578.139048247831,105953.17829399323
-1578.1196478803176,105953.20015482791
-1578.1004281590576,105953.21093011694
-1578.0715082517127,105953.23263582494
-1578.0521078869351,105953.25449665962
-1578.0328881657915,105953.26527195005
-1578.0134877962992,105953.28713278426
-1577.9940874293097,105953.3089936194
-1577.9748677082825,105953.31976890983
-1577.9554673390812,105953.34162974358
-1577.9362476206152,105953.35240503447
-1577.907327714027,105953.37411074247
-1577.8879273473867,105953.39597157715
-1577.8687076266506,105953.40674686804
-1577.8493072602432,105953.42860770319
-1577.8300875396235,105953.43938299408
-1577.8106871708878,105953.4612438283
-1577.791286804597,105953.48310466344
-1577.762547546823,105953.49372482765
-1577.7431471807067,105953.51558566326
-1577.7237468123203,105953.53744649794
-1577.7045270943781,105953.54822178977
-1577.685126728611,105953.57008262491
-1577.6659070060123,105953.58085791534
-1577.6369871029165,105953.6025636238
-1577.6175867373822,105953.62442445941
-1577.5983670173446,105953.63519974984
-1577.5789666494238,105953.65706058545
-1577.5595662840642,105953.67892142106
-1577.5403465642012,105953.68969671149
-1577.5114266617456,105953.71140242182
-1577.4920262941741,105953.73326325603
-1577.4728065769887,105953.74403854739
-1577.4534062094754,105953.76589938253
-1577.4340058445232,105953.78776021954
-1577.4147861250676,105953.79853550997
-1577.385866223136,105953.82024121983
-1577.3664658584748,105953.8421020559
-1577.347246136691,105953.85287734726
-1577.3278457721462,105953.87473818287
-1577.3084454076015,105953.89659901755
-1577.2797061515157,105953.90721918503
-1577.260305784759,105953.9290800197
-1577.2409054229502,105953.95094085578
-1577.2216857015155,105953.9617161476
-1577.2022853373783,105953.98357698368
-1577.1733654364944,105954.00528269308
-1577.1541457176208,105954.01605798537
-1577.1347453537746,105954.03791882237
-1577.1153449876,105954.05977965705
-1577.0866057320964,105954.07039982406
-1577.0672053684248,105954.09226066014
-1577.0478050049278,105954.11412149575
-1577.0285852839588,105954.12489678804
-1577.009184923023,105954.14675762504
-1576.9802650205093,105954.16846333537
-1576.9608646573033,105954.19032417145
-1576.941644939012,105954.2010994642
-1576.9222445759224,105954.22296029981
-1576.893324676319,105954.24466601014
-1576.8741049557575,105954.25544130336
-1576.8547045929008,105954.27730213897
-1576.8353042301023,105954.29916297691
-1576.8065649755881,105954.30978314253
-1576.7871646130225,105954.33164397953
-1576.7677642480703,105954.35350481654
-1576.748363885621,105954.37536565168
-1576.7196246313397,105954.38598581962
-1576.700224269065,105954.40784665616
-1576.6808239044622,105954.42970749363
-1576.6616041869274,105954.44048278639
-1576.63268428843,105954.46218849812
-1576.6132839264465,105954.48404933466
-1576.5938835645793,105954.5059101712
-1576.5651443084353,105954.51653033821
-1576.5457439466845,105954.53839117615
-1576.5263435850502,105954.56025201362
-1576.506943223474,105954.58211284969
-1576.478203970124,105954.5927330181
-1576.4588036086643,105954.6145938551
-1576.439403247321,105954.63645469258
-1576.4104833474266,105954.65816040337
-1576.3912636305904,105954.66893569846
-1576.37186326948,105954.69079653546
-1576.352462908486,105954.71265737107
-1576.3235430113855,105954.73436308512
-1576.3043232923374,105954.74513837788
-1576.2849229315761,105954.76699921489
-1576.2560030347668,105954.78870492755
-1576.236602674122,105954.81056576502
-1576.2173829553649,105954.82134105777
-1576.1884630587883,105954.84304677136
-1576.1690626984928,105954.86490760976
-1576.1496623381972,105954.8867684463
-1576.12074244197,105954.90847415943
-1576.1015227235039,105954.91924945312
-1576.0821223634994,105954.94111029105
-1576.053202467563,105954.96281600464
-1576.0338021077332,105954.98467684211
-1576.0144017455168,105955.00653767958
-1575.9856624938548,105955.01715784846
-1575.9662621342577,105955.03901868686
-1575.9468617746606,105955.06087952526
-1575.9179418793647,105955.08258523745
-1575.8987221614225,105955.09336053254
-1575.879321804503,105955.11522137001
-1575.8504019071115,105955.13692708313
-1575.8310015479801,105955.158787922
-1575.8116011889651,105955.18064875994
-1575.7828619355569,105955.19126892975
-1575.763461579103,105955.21312976815
-1575.7440612202627,105955.23499060655
-1575.7151413235115,105955.25669632014
-1575.6957409648458,105955.27855715854
-1575.6763406062964,105955.30041799741
-1575.6474207121646,105955.32212371193
-1575.628200997482,105955.33289900515
-1575.6088006367208,105955.35475984449
-1575.5798807429383,105955.37646555854
-1575.5604803847964,105955.39832639648
-1575.5315604912466,105955.42003211193
-1575.5123407767387,105955.43080740608
-1575.4929404164432,105955.45266824495
-1575.4640205231262,105955.47437395947
-1575.4446201655082,105955.4962347974
-1575.4252198078902,105955.51809563767
-1575.3964805557625,105955.52871580701
-1575.3770801983192,105955.55057664681
-1575.348160305526,105955.57228236087
-1575.3287599482574,105955.59414320067
-1575.309359591105,105955.61600404
-1575.2804396961583,105955.63770975359
-1575.2610393392388,105955.65957059292
-1575.2418196254293,105955.67034588847
-1575.2128997332184,105955.69205160392
-1575.1934993765317,105955.71391244326
-1575.1645794821088,105955.73561815778
-1575.1451791255386,105955.75747899758
-1575.1257787689683,105955.77933983784
-1575.0970395203913,105955.78996000811
-1575.0776391640538,105955.81182084791
-1575.05823880533,105955.83368168818
-1575.0293189140502,105955.85538740363
-1575.0099185579456,105955.8772482425
-1574.9809986668406,105955.89895395795
-1574.9617789537879,105955.90972925397
-1574.9423785955296,105955.93159009423
-1574.9134587047156,105955.95329581015
-1574.8940583490767,105955.97515664948
-1574.8651384584373,105955.99686236493
-1574.8459187456174,105956.00763766095
-1574.826518387883,105956.02949850122
-1574.7975984975346,105956.0512042176
-1574.7781981423032,105956.0730650574
-1574.7587977870717,105956.09492589813
-1574.7298778971308,105956.11663161358
-1574.7104775396874,105956.13849245384
-1574.6815576499794,105956.16019817069
-1574.6623379376833,105956.17097346671
-1574.6429375829175,105956.19283430837
-1574.6140176934423,105956.21454002336
-1574.5946173365228,105956.23640086362
-1574.565697447164,105956.2581065814
-1574.5462970928056,105956.2799674198
-1574.527077380917,105956.29074271768
-1574.4981574919075,105956.31244843407
-1574.4787571353954,105956.33430927526
-1574.459356781328,105956.35617011553
-1574.4304368926678,105956.37787583238
-1574.411036538775,105956.39973667357
-1574.382297292701,105956.41035684617
-1574.36289693648,105956.43221768737
-1574.34349658282,105956.45407852856
-1574.3145766947418,105956.47578424495
-1574.2951763411984,105956.49764508614
-1574.275775985443,105956.51950592687
-1574.2468560975976,105956.54121164419
-1574.2274557444034,105956.56307248631
-1574.1987164989114,105956.57369265845
-1574.1793161458336,105956.59555349965
-1574.1599157904275,105956.61741434224
-1574.1309959031641,105956.63912005909
-1574.1115955503192,105956.66098090028
-1574.0826756632887,105956.682686619
-1574.0634559526807,105956.69346191594
-1574.0440555976238,105956.71532275714
-1574.0151357108261,105956.73702847492
-1573.9957353584468,105956.75888931612
-1573.976335006184,105956.78075015778
-1573.9474151197355,105956.80245587649
-1573.928195407032,105956.8132311739
-1573.8992755207,105956.83493689215
-1573.8798751687864,105956.85679773334
-1573.8604748168727,105956.87865857547
-1573.8315549309482,105956.90036429325
-1573.8121545768226,105956.92222513538
-1573.7927542252,105956.94408597797
-1573.7638343395665,105956.96579169575
-1573.7446146297734,105956.97656699456
-1573.7156947443727,105956.99827271234
-1573.6962943905964,105957.02013355447
-1573.6768940394977,105957.0419943966
-1573.6479741543299,105957.06370011577
-1573.6285738032311,105957.0855609593
-1573.609354091459,105957.09633625485
-1573.5804342066403,105957.11804197589
-1573.5610338558909,105957.13990281709
-1573.5416335051414,105957.16176366014
-1573.512713620672,105957.18346937886
-1573.4934939090745,105957.19424467767
-1573.4740935610025,105957.21610552073
-1573.4451736743795,105957.2378112385
-1573.4257733240956,105957.2596720811
-1573.4063729739282,105957.28153292462
-1573.3774530875962,105957.30323864287
-1573.35805273999,105957.32509948686
-1573.338833028858,105957.33587478427
-1573.3099131452618,105957.35758050438
-1573.2905127954436,105957.37944134744
-1573.271112445742,105957.4013021905
-1573.242192562495,105957.42300790967
-1573.222972851654,105957.43378320849
-1573.203572502127,105957.45564405248
-1573.174652619171,105957.47734977212
-1573.1552522699349,105957.49921061378
-1573.1358519206406,105957.5210714573
-1573.1071126766037,105957.53169163363
-1573.0877123275422,105957.55355247715
-1573.0683119785972,105957.57541332021
-1573.0393920962233,105957.59711904032
-1573.0199917474529,105957.61897988385
-1573.0007720372523,105957.62975518266
-1572.98137168854,105957.65161602572
-1572.9524518066319,105957.67332174582
-1572.9330514580943,105957.69518259028
-1572.9136511072866,105957.71704343287
-1572.8847312256112,105957.73874915531
-1572.8655115182046,105957.74952445319
-1572.8461111700162,105957.77138529671
-1572.81719128869,105957.79309101822
-1572.7977909382898,105957.81495186174
-1572.778390592779,105957.83681270573
-1572.7591708832188,105957.84758800548
-1572.7302510022419,105957.86929372652
-1572.7108506546356,105957.89115456911
-1572.691450306971,105957.9130154131
-1572.6627110670088,105957.92363559036
-1572.6433107170742,105957.94549643435
-1572.6239103697008,105957.96735727834
-1572.5949904894223,105957.98906299938
-1572.5755901422235,105958.0109238443
-1572.5563704356318,105958.02169914311
-1572.536970086163,105958.04355998756
-1572.517569739197,105958.06542083295
-1572.488649859326,105958.08712655352
-1572.4692495125928,105958.10898739798
-1572.449849163415,105958.13084824244
-1572.4211099243257,105958.1414684197
-1572.4017095777672,105958.16332926368
-1572.382309231325,105958.18519010907
-1572.3629088849411,105958.20705095306
-1572.3341696435818,105958.21767113172
-1572.3147692973725,105958.2395319757
-1572.2953689512797,105958.26139281923
-1572.2759686051868,105958.28325366462
-1572.2472293666797,105958.29387384327
-1572.2278290207032,105958.31573468819
-1572.2084286749596,105958.33759553172
-1572.1890283267712,105958.35945637617
-1572.160289088497,105958.37007655576
-1572.140888742928,105958.39193739928
-1572.1214883974171,105958.41379824467
-1572.1020880496362,105958.43565908773
-1572.073168171628,105958.4573648125
-1572.0537678264081,105958.47922565788
-1572.0345481211552,105958.49000095762
-1572.01514777611,105958.51186180301
-1571.9862278961227,105958.53356752498
-1571.966827551194,105958.55542837037
-1571.9476078462321,105958.56620367011
-1571.9282075014198,105958.58806451736
-1571.9088071567821,105958.60992536321
-1571.8800679194974,105958.62054554187
-1571.860667574918,105958.64240638679
-1571.8412672280683,105958.66426723078
-1571.8218668837217,105958.6861280771
-1571.793127646728,105958.69674825622
-1571.7737273024395,105958.71860910254
-1571.7543269559974,105958.74046994699
-1571.7349266118836,105958.76233079191
-1571.706187375181,105958.77295097196
-1571.6867870312417,105958.79481181735
-1571.6673866874771,105958.8166726632
-1571.6479863437125,105958.83853350859
-1571.6285860001226,105958.86039435305
-1571.5998467613827,105958.8710145345
-1571.5804464179091,105958.89287537942
-1571.5610460744938,105958.91473622574
-1571.5416457310785,105958.93659707112
-1571.5224260248942,105958.9473723732
-1571.4935061495053,105958.96907809749
-1571.4741058064392,105958.99093894335
-1571.4547054634313,105959.01279978827
-1571.4354857574217,105959.02357508987
-1571.416085416975,105959.04543593572
-1571.3871655396651,105959.06714166142
-1571.3679458362749,105959.07791696396
-1571.3485454936745,105959.09977780888
-1571.329145151074,105959.1216386552
-1571.3099254478002,105959.13241395773
-1571.2810055710142,105959.15411968203
-1571.2616052287049,105959.17598052835
-1571.2422048864537,105959.19784137513
-1571.2228045442607,105959.21970222052
-1571.2035848388914,105959.23047752306
-1571.1841844993178,105959.25233836845
-1571.164784154913,105959.2741992157
-1571.135864281212,105959.29590494186
-1571.1166445785202,105959.30668024346
-1571.097244236793,105959.32854109025
-1571.077843895182,105959.3504019361
-1571.0586241902201,105959.3611772391
-1571.0297043169849,105959.38288296387
-1571.0103039755486,105959.40474381205
-1570.991084273206,105959.41551911272
-1570.9716839294997,105959.4373799609
-1570.952283590741,105959.45924080722
-1570.9328832472675,105959.48110165354
-1570.904144013417,105959.49172183499
-1570.8847436725046,105959.51358268224
-1570.8653433316504,105959.53544353042
-1570.846123629657,105959.54621883202
-1570.8267232865328,105959.56807967927
-1570.8073229459114,105959.58994052559
-1570.7879226053483,105959.6118013733
-1570.7687029035878,105959.62257667538
-1570.7397830291884,105959.64428240247
-1570.720382691361,105959.66614325065
-1570.7011629873305,105959.67691855226
-1570.6817626471748,105959.69877940044
-1570.6623623070773,105959.72064024629
-1570.6431426056079,105959.73141554976
-1570.6142227342352,105959.75312127639
-1570.594822391984,105959.7749821241
-1570.5754220521776,105959.79684297135
-1570.5562023509992,105959.80761827482
-1570.5368020113674,105959.82947912207
-1570.517401671852,105959.85133996978
-1570.49818197079,105959.86211527232
-1570.4787816290045,105959.88397612004
-1570.4498617583886,105959.90568184806
-1570.430642057443,105959.9164571506
-1570.411241718335,105959.93831799878
-1570.3918413767824,105959.96017884742
-1570.3724410402356,105959.98203969421
-1570.3532213371363,105959.99281499768
-1570.3338209982612,105960.01467584493
-1570.3144206594443,105960.03653669311
-1570.2952009589644,105960.04731199611
-1570.2758006178774,105960.06917284383
-1570.246880748251,105960.09087857325
-1570.2276610479457,105960.10165387671
-1570.2082607095363,105960.1235147249
-1570.188860371185,105960.14537557261
-1570.1696406709962,105960.15615087748
-1570.1502403328195,105960.1780117238
-1570.1310206303606,105960.1887870282
-1570.1116202923004,105960.2106478773
-1570.0922199542983,105960.23250872456
-1570.0634807235328,105960.2431289088
-1570.0440803832607,105960.26498975698
-1570.0246800454916,105960.28685060656
-1570.0052797078388,105960.30871145288
-1569.9860600081738,105960.3194867582
-1569.9666596706957,105960.34134760639
-1569.9472593332175,105960.3632084541
-1569.9280396312824,105960.3739837585
-1569.908639293979,105960.39584460808
-1569.8894195945468,105960.40661991108
-1569.8700192574179,105960.42848076066
-1569.850618920289,105960.45034160977
-1569.8313992210897,105960.46111691417
-1569.8119988817489,105960.48297776328
-1569.7925985448528,105960.504838611
-1569.763859315135,105960.51545879524
-1569.7444589784136,105960.53731964342
-1569.7252392794471,105960.54809494969
-1569.7058389429003,105960.5699557974
-1569.6864386064117,105960.59181664744
-1569.667218905175,105960.60259195184
-1569.647818568861,105960.62445280096
-1569.6285988701275,105960.63522810582
-1569.6091985339299,105960.6570889554
-1569.5897981978487,105960.67894980311
-1569.5703978617676,105960.70081065223
-1569.551178160822,105960.71158595756
-1569.5317778249737,105960.7334468076
-1569.5125581265893,105960.74422211153
-1569.4931577907992,105960.76608296158
-1569.4737574551255,105960.78794381022
-1569.4545377568575,105960.79871911556
-1569.4351374189137,105960.8205799642
-1569.4159177208203,105960.83135527
-1569.3965173853794,105960.85321611958
-1569.3771170476684,105960.87507696915
-1569.357897352078,105960.88585227402
-1569.3384970169282,105960.90771312267
-1569.319277316681,105960.91848842846
-1569.2998769816477,105960.94034927804
-1569.2804766466143,105960.96221012808
-1569.2612569465418,105960.97298543388
-1569.2418566141278,105960.99484628392
-1569.2224562769989,105961.01670713257
-1569.2032365794294,105961.0274824393
-1569.1838362448034,105961.04934328794
-1569.1646165474085,105961.06011859374
-1569.1452162105124,105961.08197944332
-1569.1259965155623,105961.09275474958
-1569.1065961788408,105961.11461559916
-1569.0871958445641,105961.13647644874
-1569.067976147402,105961.14725175453
-1569.0485758133,105961.16911260504
-1569.0293561138096,105961.17988791037
-1569.0099557822687,105961.20174876088
-1568.9907360828947,105961.21252406621
-1568.9713357490255,105961.23438491765
-1568.9521160521545,105961.24516022298
-1568.932715718518,105961.26702107396
-1568.9133153823786,105961.288881924
-1568.894095688127,105961.29965722887
-1568.8746953522786,105961.32151807984
-1568.8554756556405,105961.33229338517
-1568.8455948522314,105961.35430935584
-1568.8261945189442,105961.37617020495
-1568.8069748224225,105961.38694551121
-1568.7875744893681,105961.40880636172
-1568.768354790518,105961.41958166845
-1568.74895445758,105961.4414425185
-1568.7297347612912,105961.45221782522
-1568.7103344284697,105961.47407867573
-1568.6911147322971,105961.48485398293
-1568.671714399592,105961.50671483297
-1568.6620142332395,105961.51764525846
-1568.6426138982642,105961.53950610897
-1568.6233942022081,105961.5502814157
-1568.6039938698523,105961.57214226527
-1568.5847741739126,105961.58291757293
-1568.5653738392284,105961.6047784239
-1568.5461541458499,105961.6155537311
-1568.526753811282,105961.63741458161
-1568.5075341155753,105961.64818988834
-1568.497653313214,105961.67020585667
-1568.4784336176235,105961.6809811648
-1568.4590332857333,105961.70284201391
-1568.4398135902593,105961.71361732204
-1568.4204132560408,105961.73547817301
-1568.410713090212,105961.74640859943
-1568.3913127585547,105961.76826944947
-1568.372093063197,105961.77904475713
-1568.3526927317725,105961.80090560764
-1568.3334730341448,105961.81168091577
-1568.3142533414066,105961.82245622342
-1568.2948530076537,105961.84431707347
-1568.2851528420579,105961.85524750035
-1568.2657525108662,105961.8771083504
-1568.2465328158578,105961.88788365852
-1568.2271324848407,105961.90974450856
-1568.2079127899488,105961.92051981762
-1568.1980319883442,105961.94253578642
-1568.178812291182,105961.95331109455
-1568.1595925964648,105961.96408640081
-1568.1401922657387,105961.98594725411
-1568.1303114643088,105962.00796322245
-1568.111091769766,105962.01873853011
-1568.0918720753398,105962.0295138373
-1568.0724717424018,105962.05137468921
-1568.0532520479755,105962.06214999687
-1568.0433712467784,105962.08416596614
-1568.0241515524685,105962.09494127333
-1568.0049318581587,105962.10571658192
-1567.98553152557,105962.1275774343
-1567.9663118313765,105962.13835274149
-1567.9564310305286,105962.16036871169
-1567.9372113364516,105962.17114401842
-1567.9179916423163,105962.18191932747
-1567.8985913125216,105962.20378017845
-1567.8888911476242,105962.2147106044
-1567.869490815443,105962.23657145724
-1567.8502711215988,105962.2473467649
-1567.8310514277546,105962.25812207395
-1567.821170627256,105962.28013804276
-1567.8019509335281,105962.29091335135
-1567.7825506040826,105962.31277420325
-1567.772850439418,105962.32370462967
-1567.7534501077607,105962.34556548111
-1567.7342304141494,105962.35634078924
-1567.7150107207126,105962.36711609829
-1567.705129920505,105962.38913206849
-1567.6859102271264,105962.39990737569
-1567.6665098981466,105962.42176822806
-1567.6472902048845,105962.43254353665
-1567.6375900379498,105962.44347396353
-1567.6181897092029,105962.46533481497
-1567.598970015999,105962.47611012356
-1567.5797503228532,105962.48688543215
-1567.569869523053,105962.50890140329
-1567.5506498300238,105962.51967671048
-1567.531249501626,105962.54153756332
-1567.5120298085967,105962.55231287144
-1567.5023296420695,105962.56324329786
-1567.4829293137882,105962.58510414977
-1567.4637096209335,105962.59587945836
-1567.454009456851,105962.6068098857
-1567.4346091287443,105962.62867073808
-1567.42490896472,105962.63960116496
-1567.4056892696535,105962.65037647262
-1567.3862889417214,105962.67223732593
-1567.3765887777554,105962.68316775234
-1567.35736908525,105962.69394306047
-1567.3379687574925,105962.71580391377
-1567.3282685936429,105962.72673433973
-1567.3090489012538,105962.73750965018
-1567.2896485712845,105962.75937050255
-1567.2799484098796,105962.77030092943
-1567.2607287152205,105962.78107623756
-1567.2413283878705,105962.80293709133
-1567.2316282241372,105962.81386751775
-1567.2124085320393,105962.8246428254
-1567.2027083659777,105962.83557325229
-1567.1833080413053,105962.85743410606
-1567.1640883492655,105962.86820941558
-1567.1543881833204,105962.879139842
-1567.1349878563196,105962.90100069484
-1567.1252876928775,105962.91193112126
-1567.1060680010123,105962.92270643078
-1567.0963678376283,105962.9336368572
-1567.0769675108604,105962.9554977105
-1567.0672673474764,105962.96642813692
-1567.0480476533994,105962.97720344644
-1567.0383474900736,105962.98813387286
-1567.0189471635385,105963.00999472756
-1567.0092470003292,105963.02092515398
-1566.990027308755,105963.03170046303
-1566.9708076148527,105963.04247577209
-1566.9611074541463,105963.05340619897
-1566.9417071253993,105963.07526705367
-1566.9320069623645,105963.08619747916
-1566.912787270965,105963.09697278868
-1566.9030871079303,105963.10790321603
-1566.8838674166473,105963.11867852556
-1566.8739866189426,105963.14069449622
-1566.8547669253312,105963.15146980714
-1566.8450667647412,105963.1624002331
-1566.835366601881,105963.17333065951
-1566.8161469083861,105963.18410597043
-1566.806446745526,105963.19503639638
-1566.7870464198058,105963.21689725062
